playlist_id,song_id
1,1A2vZKJZovt4828jwLgiB3
1,35xSkNIXi504fcEwz9USRB
1,7vRfxLcDDwgYW2WTrtEgUV
1,0R7YVi7w41Dr9jU5vblAok
2,2tJulUYLDKOg9XrtVkMgcJ
2,2DEZmgHKAvm41k4J3R2E9Y
2,6TA5aymvVrtiPVbuAwmPIc
2,2F3N9tdombb64aW6VtZOdo
2,4EF6IyONolQy0bIQXm2EmX
3,0AVgSiAUfEnhSma5WN6I1f
3,7CCuorx4vpWM7zdoDlvtdu
3,3dj4wgM3cPeuLwMNHDuBon
4,20QSU9vg05qYSDVgOTAwPp
4,0w3Mfe4PIVjuFjJbe3OlYv
4,3zm1llB7yVxvCsh8M0X6RP
4,3S9i1ICfQjMmJYWbtnmN0f
4,02cRoSfWU3RJNFyU3o4lhV
4,0msrDPXxZpts4FRnoX0bFr
4,7u6DMPznGbpziuEgCE0JGQ
4,2O0rIAtaJj77UMZUGtlg3T
4,2xql0pid3EUwW38AsywxhV
4,0B1QILlvPWfc9vovFYuUuk
4,3GZD6HmiNUhxXYf8Gch723
4,0V6JZbCVSePUhqNdg7i68m
4,1QBwk6GTCxVdC2hoSw9tlM
4,285pBltuF7vW8TeWk8hdRR
4,6FPQabaldvKE5cjqRfY9Os
4,0G3UdBIKyA0JWHrNsEoRao
4,5ypYDzYwSpfQxUrr2Pkf5A
4,4JOyMhad5dD81uGYLGgKrS
4,6vc2Jq2vaGu8z326kSrw92
4,0N5iX9O78Wsg0bzaU9qHIL
5,3LcoHjgdNl4xtWVaJGSA1p
5,3oGVx9RBmiYGv5ZCecWLkx
5,4jjFjbqCTkaN1mGb0BMYl2
5,0FJqXBo7ZHrskhH4owaL9S
5,6holGuk1jKHTdWyWBOZi8l
5,1YnChEM51BVZ5dRhbVFEMl
5,76kelNDs1ojicx1s6Urvck
5,5vollujufHY0jMZxx77VWr
5,430qNtapCS3Ue1yoSql1oV
5,0HyCm2IYlKEhImmdP9lgG7
5,1n2wszmJyVkw6FHqyLnQsY
5,2ihahL78kz1hALHfMtscKq
5,2nZ33CKRbgpJQJJQKHuGXb
5,39L3LdlHS3gqB62HPWaJRg
5,7fJuCt1TqIKpkKLPMUBXK7
5,5XMkENs3GfeRza8MfVAhjK
5,01U0X0ToQhK0AgvNUdyXQe
5,1VMdwVq0yaTc4DeqSCi7DO
5,62zFEHfAYl5kdHYOivj4BC
5,7sWRlDoTDX8geTR8zzr2vt
6,7MTIDmToGs0I5Oue9V0CHl
6,2g6tReTlM2Akp41g0HaeXN
6,76gUmNLXGQVOsGhfcshkFP
6,16x9bQHw8TBNaGDyULvwad
6,6dOtVTDdiauQNBQEDOtlAB
6,3QJnjJH53Ocg22MaLutrgJ
7,7oTE1KmtU2ml9zBhv9Reao
7,5xhJmd0I15jFcEdqxfCzKk
7,2Em9XZZw8yEgxjojjGxntN
7,5QYwIidpvmcqBWYx6hy8AT
7,7iPabscOgrBuDkjZAvOVRD
7,5cz1jba7M09O8WNPXCYddx
7,0FfX0nofboxZjP0diT1eFv
7,3U5HfQM00maTYSthHtV59L
7,503OTo2dSqe7qk76rgsbep
7,5og4Qzt92jJzVDkOtSEilb
7,1tZcw7GtIqviL32bzaKdSo
7,0v8J17a6cO0wWp7z731GTd
7,2UwbhMie1EAYuTZ0QXeMwl
7,34PFCxQHHROuFl2OsDCvxH
7,28irpKCCK9nn9DZSik2zEx
7,14xj58ZexBaEaHARb11Cqs
7,2qLcJOLrh6Djda4uLbldSA
7,1gZADNt16Oh23jWyMYRk4p
8,2J0TjDpiUlwgFRvVxtaLud
8,51BaWtK7IDX3CaxlmQQ3Lo
8,4h6ViRoztTBpWcJ1zFT9Zg
8,2LlQb7Uoj1kKyGhlkBf9aC
8,6IfPyMb0Sxptpx6jBUATOS
8,76iVOVsliCHlWqKuDnCfhE
8,2Xcvt8NRLw0xbB3ClfW8MI
8,0Zh3tKIphLOvQux4dA6PFZ
8,2N7TN76tLuTcdn9UlS8ADT
8,1EDJSktmcGoYEZxXAJXVTt
8,5mSRLKGJ0Uc7FW7SlJFKaP
8,33THfvKc6inTp3HW93k5jr
8,3WlbeuhfRSqU7ylK2Ui5U7
9,0Jlcvv8IykzHaSmj49uNW8
9,66mmit6e95JKU5nEbr5HwX
9,6lv5ranTZyn1QcYGJgNMTx
10,1bv9wrUiUgjWfahxVwtGSr
10,2wXioTynVwrEWYRv6R6vEj
10,35QZaWQRkmnAVqBF1TLCxQ
10,0GnNHCDj2WOJl70UUcvAEP
10,2dLLR6qlu5UJ5gk0dKz0h3
10,0XZHZslvxrByI84hFYWyXS
10,15ZNcgzsiiSrLQAGzl3le9
10,7nzsY8vlnKdvGOEE0rjAXZ
10,2WnAKZefdRHxtBEkRjFOHC
10,2ZRo7axmMPeSVUvDbGkJah
10,5DIZg9QqSdzgHmkZ2k2F1a
10,7H6hs7WkNG48fS3agm63MR
10,3Dp4oOTPnfcRhy8bnXl0RP
10,5wANPM4fQCJwkGd4rN57mH
10,2uQ4px5SPONsgcUpulywIQ
10,2yazRoolWXk58jAmKgxcDd
10,3UoULw70kMsiVXxW0L3A33
10,0q75NwOoFiARAVp4EXU4Bs
10,5t6FrEOhDBQhDvY9hwPerz
10,6n05BgVkxxz2k5ICZYa2PH
10,5lKFO0PrOC9jmOlPEdjHsL
11,3RwWW7KeVhHGayYJgUL5eZ
11,3zT2616WcD9Df5m21OsCX0
11,64JIAZ0bS7WoARYfWQGCoz
11,4dDurgTN3eGyU0ghzFJ0T1
11,7tZlvvEpX3FEFoYsOI55FB
11,0mNzElhEofvgMWAJoOA4q9
11,4Dvkj6JhhA12EX05fT7y2e
11,0a2kVvbCbk52gmeFQFHNaG
11,2SdSb9Pj6hRmSbHolclgg6
11,1TZgdopOZCUxpS5bp1i0Zz
11,1YnChEM51BVZ5dRhbVFEMl
11,75pQqzwgCjUOSSy5CpmAjy
11,2AGUFka8kBWCM47h5uTlDb
11,5zdUc1JRCImBYcDWgvFNpE
11,5SIvP6TdWc9DNvKbENjnYc
11,5Qya13gFXqupr4sSmZMKDg
11,7JVAVLkkhpKOp8g4jX5Z12
11,07BCFbk1oCwf80lemfyzK6
11,2oe6dDthgthqUkfL3czpEd
11,6eMeqiSoQYtM8u3vvfth21
11,03L2AoiRbWhvt7BDMx1jUB
11,2ZlABhxMMa43COmZ97kKsJ
11,07kLShG3HTeLXTqnFCqNAJ
11,4RAOI1etsgbh5NP3T5R8rN
11,1LvU6IFqQnXOIwJyBDb2io
12,1tGGJ4SRZnd2H0E2dV05iM
12,3i7mKjZKmslCFMxS1WM7DO
12,0ZqWBTU1EkdVPAMwQgfKiv
12,4m9Fc8ZCfl1ILchJ47CmKR
12,6K8qKeWo5MsFED7wCR6Kop
12,17Cs25j5Ui6X6W4Hk1kAyC
12,1KixkQVDUHggZMU9dUobgm
12,5XkeTGKcCkGF8l6fA9YpsS
12,4tiWlKXUB47UpAXqpfoJn4
12,12KUFSHFgT0XCoiSlvdQi4
12,1CsMKhwEmNnmvHUuO5nryA
12,6cuGUclNrYm0QHVO2sGqow
12,4FI0rdztOAYJZMupujL5Gp
12,3xWoPclLuCoGpt9sg9RfAh
12,2OzhQlSqBEmt7hmkYxfT6m
13,6xcz5MXwY36hItZg5PZj78
13,5pOBhos8Z2v3FGjUPMgUgI
13,4YZbVct8l9MnAVIROnLQdx
13,01Ch5LzVStxCFPKkT1xg6k
13,6LxSe8YmdPxy095Ux6znaQ
13,3K6U7TamNyVSWcFH8pCQHX
13,7pzL8kHWBXYoGITYwmrzj5
13,6ML4nbhSoh4cTtWRNcmNMK
13,1OimzlKVRx75TZtPZiGAGK
13,6QU5K23dgQ6kOca5INWOVB
13,5QvBXUm5MglLJ3iBfTX2Wo
14,2jtUGFsqanQ82zqDlhiKIp
14,6twW4ma6w0mOeejejPK0nY
14,4K1Pg0FLno1ltzX3jeqT83
14,2Wj1cS0hUzWrQPzYgZJj94
15,4UTizOdGljPIIbXtoXycAd
15,1m7j6RWUxeBzTOY4hcWsoj
15,6rEJ6ncZKq9EM3TwyMhTDo
15,4btFHqumCO31GksfuBLLv3
15,1IyV9GwfMVEVMymw8N4nsI
15,0rx7xu0RmZLpJjKNVZjSVv
15,234urkhwYweGoBUxbi4jj8
15,0dyWQoMOU9oERL6c9vxtRp
15,4KgTrzmfiWNcVneh2Dd1Ou
15,5e4LIAQI0bClLazNf2gZV0
15,5GTBdEjZe7zEDp1N0eCZE4
15,07L1pzoVerhRSSaDGZHrKy
15,6TA5aymvVrtiPVbuAwmPIc
15,4Af3RDyqbpNFHzEtQwt57r
16,4bEwaORm2IBfu3omjEna7I
16,6CN3e26iQSj1N5lomh0mfO
16,7qEKqBCD2vE5vIBsrUitpD
16,24YmWQgunJGAU8El3ndkyn
16,3utq2FgD1pkmIoaWfjXWAU
16,6RRNNciQGZEXnqk8SQ9yv5
16,6wHpLMmp98aHcV8L1JFrj8
16,2QP041AcWg8PwPIWP95RKN
16,3m9ffnQYlWhsIClqADZ5SO
17,4llK75pXNWZz6KAho2Gp16
17,6gBFPUFcJLzWGx4lenP6h2
17,6wsqVwoiVH2kde4k4KKAFU
17,7MjSipTto9QljYzZnloXOn
17,5Bc2A2xlkRhe3POKAFo1Rg
17,7HXUFIILHAhS6esiRy5Ibz
18,0QepvU0N2fC2B5uIPafO1q
18,7E1jVNoWuemqUryI4FxsVD
18,4U1wiRcBOsDvxFbw0hJgq7
18,0JP9xo3adEtGSdUEISiszL
18,1HAy3OuIEMm7ArA4Ec52ym
18,49vuwo7SLmzO207Z7djITp
19,6wnmRxEbwUK7WLyUtiRuT7
19,1NV5EyFDHFGseqvpdI2dcx
19,6r7ULK6c5CLVvImjTIztl1
19,6bPSncBdjSuhvHXRF049F2
19,1Bg2CNZw6S4e9cGWPmi0uI
19,2gkVEnpahpE3bQuvGuCpAV
19,1hFyhyZygYYD35G2cEuwR0
20,3YUMWmx8EJq0DurfuIwoGh
20,0DuWDLjriRPjDRoPgaCslY
20,3HCcfBsa4TdiC0so0fPnRi
20,4adKhxS40S3YGVt31EQfqe
20,5uSG6fUPRaehaV820zcpsK
20,3NxAG2ni1lLa8RKL6a0INc
20,1EWKlsk5xEsDnejpkPkFVZ
20,0JP9xo3adEtGSdUEISiszL
20,475jSz0H6U3duJyNiDS0tT
20,4e5IPJxSGVWPsaxQzdRseN
20,4719foL6R25RSHSJ1shNaj
21,1QWmKmqhv5zcsS3v45FNl0
21,5ZCsCQrtEUJUJAylu9TDjY
21,4bPkBHKLKd9WHizsvM2zV3
21,3H0a65Ckefe6FA4kSMZ3D7
21,4iWjsRa7DnFiqiihxnyFoI
21,1rNop31kdDmSj3Ds6xhIeS
21,2O5j27YkttbDS68wVuBjyy
21,0HasfWMrNxTjycDy9TkRtA
22,3LcoHjgdNl4xtWVaJGSA1p
22,61uyGDPJ06MkxJtHgPmuyO
22,61xjj1xvLBn43Jn2E3RzbB
22,0V6JZbCVSePUhqNdg7i68m
22,1Q5ckQPz1tsDu2XrFPX8xr
23,7rdP71W8x4UbJ0KAKBACbo
23,2Eb7QQ5soJQBEYTfSb5BS6
23,7tZlvvEpX3FEFoYsOI55FB
23,4SSnFejRGlZikf02HLewEF
23,0kn2gu8Pd03DiYHzRvX2Xk
23,3MytWN8L7shNYzGl4tAKRp
23,02opp1cycqiFNDpLd2o1J3
23,1oAwsWBovWRIp7qLMGPIet
23,4JaLkM90MJutDAl5jD9BZX
23,4rXxjHSAglOynjIF8Z34dx
23,7qEUFOVcxRI19tbT68JcYK
23,2NcQic8JxdjAlAHuNbOIRE
23,0DM63CJEklNPKu6kHGyuEl
23,7KokYm8cMIXCsGVmUvKtqf
23,6SwRhMLwNqEi6alNPVG00n
23,2dfqS3MRtbLZSZA1IL8xY5
23,5CsDo9j3N4yFZNCN1h9loS
23,5MMLS3xm12D7N26xlfFApr
23,45J4avUb9Ni0bnETYaYFVJ
23,4llK75pXNWZz6KAho2Gp16
23,1ITSr1tMba4sXhQQsm7VkB
23,1bdNW5chWyLIenlLVHY64Z
23,4jgF1sLf3TkQbZkLHsc6SI
24,348cSuo1eooBe21AzdjAqy
24,3r9fAceWmaDFvbNiTnFiLr
24,4s76r7AbquJcTccqJiqdVu
24,2Y0wPrPQBrGhoLn14xRYCG
24,48DKpTEVJ2pAjxQbWTad3q
24,2V7NoXGv2VDnLeTM7w8SFd
25,5TB6QgrF0RPIxSCGfRDLoe
25,6G7hnJoG5ZZE5bOeA18JXg
25,55N0YHhO55Q1lWsc4dDPcI
25,3eX0NZfLtGzoLUxPNvRfqm
25,1lcBt7LoEikqYmhUoa2cez
25,5YPMEOJ58kfl56VHxTgwx3
25,3oZZfVvLJuDYc4Vn3A63Fw
25,78QcVmzxS0wIwuC2rpAauI
25,4ZPdLEztrlZqbJkgHNw54L
26,71F3mmSm8iCENJtgHG3qeZ
26,7ks6AZmFcm3Y6PGGxGSmlB
26,62V2ZHslgQV98gH4AuVXnr
26,28q0pUwcJRS2tGZsYH6xL5
26,0uukw2CgEIApv4IWAjXrBC
26,5M4yti0QxgqJieUYaEXcpw
26,05tFLPSXJ1BbqIXy4Jeqfh
26,18JosZY3HzD3lMy6iOOSAY
26,4st6K8nGBjANh0mKNvOpnt
26,7wL7Lb8Q3aYyq6gmRL0PZq
27,7sLrrDpHMYNre6uq2LLB2b
27,6T7MAQCekVb3UnCykjX3BP
27,1YM6c2sxbf2Jacl9IFgn4I
27,6dODwocEuGzHAavXqTbwHv
27,50kpGaPAhYJ3sGmk6vplg0
27,2aJnyNu4PQxQ2lyj5boiMG
27,6dgUya35uo964z7GZXM07g
27,4UKCKdYiLN6IMA5ZESUTL7
27,4ABYxlb92WBIjHu7TIKmml
27,17jCFKFqLdUxxXIcLXSvgb
27,6SRsiMl7w1USE4mFqrOhHC
27,0N9YbdsoDv3SwT8wt4S5rT
27,2CVV8PtUYYsux8XOzWkCP0
27,5u5MvmVtitax9R1Mxh3reC
27,09UBWllfFyJthRw8c5Y13Q
27,5L9WFUodzACitS1TiGm7Mi
27,50kjUO9iWqTamrb3va05hu
27,4f8Mh5wuWHOsfXtzjrJB3t
27,5eGEc27nnhtmcOh6RC890a
27,5YL553x8sHderRBDlm3NM3
27,1m69ELEgE6k5ZWsap40ozt
28,2nibvvDdAQkVraYP00z2RS
29,2afCBiru10AFckfOa49wIa
29,6gRGMnzrsAY5Fl2byZf2jd
29,2IDEZ4wXSbkV4Yivjxpzxr
29,2fuYa3Lx06QQJAm0MjztKr
29,0udeaEoaB60lDj0JK6EsA2
29,5KfJvZ0PZzRdwFRaTUDAA7
29,2lAUq68F2bt7Kc218n9FPp
29,2IOFZdYYkFxEHVz1w34PoL
29,6lwJPy78yr392u5uVUQKww
29,5uXge1cK24monr2woxAZ7F
29,3yLOy7bjC1dDeOh4MArkq8
29,1RC9slv335IfLce5vt9KTW
30,7oZOCPjlLpHZtIebTXhlfZ
30,21yRtB6B8EMounImAfHRCP
30,4tSrGUb119Qx4sAZBzfFgd
30,1qjuoKVHOMpGfHMzLpdGL7
30,0lTDxglypMd8e8Q5hnmDnI
30,6Sv0CzVqzydd7NYQgAG70c
30,4V9JDRqKjN8F2HWdlEDxvI
30,13jRSCLoWbCoU1XEdJRbgn
30,0DWdj2oZMBFSzRsi2Cvfzf
30,7mFhyM0k5ZKG8jxcwmPVYl
30,2bjwRfXMk4uRgOD9IBYl9h
30,34aYkYrY3sXhEU9O4VQgtB
30,6Y2Iom5hrfZyhBRGqcrJdc
30,08fvAoeVAl6DAOT3nilvQN
30,1s9xuJxhYM0LdVqksjegcg
30,1lguQJjlNrIOoOylYVZN3M
30,4BhGTc3Cgay2U1QcTS7vQe
30,5rpw3BgEGRVFB8CvCJdeuT
31,6b8LUVmacXlMUl4wRtCD2S
31,3yBx8j3hVNawnmlrBf3EHR
31,5nayhWICkQGMTkisxVMbRw
31,0Pp2I1kM3JnnyAX2S5jtHG
31,0GDuL9TCO41PgsrKWBSGlm
31,22OqansuvEMQu9W0EfiGTI
31,2C8BawsbZROHDBUnobEbTQ
31,4MUvaBckjtNGlxX1IuHDPW
32,2DVkYfl2YuOMlRfC98srEG
32,2DHgvPQD1jApRnT1DBZdrS
32,2OMjHcniFxzijWX7EaBrXE
32,5Fohh8kl8403DSoq4KH7Ll
32,1eIXYZWEfJO3Na2LCCnIJE
32,3Tj1luJyKPQt7WbrqpJ2Az
32,3iW3y326xuRpNVXzOMBZy5
32,6vnfObZ4Ys70SBAtti1xZ9
32,6V8oQXzymTzpEZOsiBiyJT
32,19YKaevk2bce4odJkP5L22
32,0Ji9UonfwC90rbZ4IaQhOb
32,1Hg0e997pObvZ91w1FCPFk
32,5V6mK1pEu22104f22m8KkX
32,3RXUgPNIbUgFxsDWuBQEt6
32,6W9ANRwvNdorYlMIuNIClv
32,2c3zMPsSmGkXCLQwCQqdhz
32,0E0kxko3i9b5JxxMoGH3At
32,6Xom58OOXk2SoU711L2IXO
33,6GdUMm5xMw9hJckIc0qsGb
33,6WgxXdBZrtdQFGBcxQxpiv
33,7qEHsqek33rTcFNT9PFqLf
33,4EuaDcxHmHKS6gZ5iuGba0
33,0wwPcA6wtMf6HUMpIRdeP7
34,7Moee27EB8Qc4pNTzB870r
34,4PNn9pMYbErIXMHmE0w4a2
34,02XcRGWPkvomFvzTamEKHg
35,3HQcsqRjRdruUjkbDSgmVF
35,6W5TI43zMynVPc1P1Fgzwr
35,0tgVpDi06FyKpA1z0VMD4v
35,1dUHF4RyMmMTveJ0Rby6Xm
35,0rQ4jfSsfazmTHWsTVvQek
35,1rFH4TZS38gkcLcW02bEm7
35,2MCUmp0I98gsJBmey7DfZS
35,1gvOEwQbIEjkpLdcZwtBoB
35,5XX9oGZfgKMXdHnEp4t2JB
35,2qT1uLXPVPzGgFOx4jtEuo
35,34j4OxJxKznBs88cjSL2j9
35,1zB0kXKLQr7tYifth69jlG
35,7bDnRNTv04GJwjPaDU4K23
35,3wGn3jUPvRkBcpo52vY72l
35,1YrY0vjHWp672gt0crtj5A
35,3jg8bevUzKYONDLBBQquif
35,0KRMp8ZfDguS9wiZiOiuAk
35,4MOWpt4OwvU32uMi1jR4oD
36,6gBFPUFcJLzWGx4lenP6h2
36,3YkNIrAvbKNrrwwEd7NVLl
36,6k7vV1OGewIoqEmUg3L7Am
36,07Grx6opd6FcevHB0MG3r8
36,4YMEYbRvgzVXJoKi53SSgU
36,07BCFbk1oCwf80lemfyzK6
36,6DkXLzBQT7cwXmTyzAB1DJ
36,4XcZp2xqbiD8YsnPboNUDo
36,3FzJDGVjRGNc7KrkabU5N0
36,34FfJ0pI5XYD4zHZLm0wsi
36,3vGd1heFoUuFGvKvl0SdW3
36,2XIc1pqjXV3Cr2BQUGNBck
36,4hJfmMjy3wFIOknfYwhouY
36,4XF9fk0STp9hx8xn5Suwpz
37,2e3Ea0o24lReQFR4FA7yXH
37,1LLXZFeAHK9R4xUramtUKw
37,2e2AXpIiJpet5b4qg85Gh6
37,1qjuoKVHOMpGfHMzLpdGL7
37,6RZmhpvukfyeSURhf4kZ0d
37,7sBwAWyXfiIgrYQ8BaJESH
37,363cVHJDjrYIkN5HcIAGCx
37,3LbZIhU0smEU5SUnxod4j4
37,1wa6QQsdSE3X2GbRljGpFk
37,2pMPWE7PJH1PizfgGRMnR9
37,7inCfDM4S3xsVzgOUqSJOH
37,15qrWkkYCfmtu1uRpGf48L
37,4tYFy8ALRjIZvnvSLw5lxN
37,2VOomzT6VavJOGBeySqaMc
37,2SiXAy7TuUkycRVbbWDEpo
38,1ZY1PqizIl78geGM4xWlEA
38,7387VaiHpOsSIZ5nmjseya
38,6i7fGIyktBDlEe4PlpiU0Q
38,1bPbiotvwSAYHG3ycVC2CV
38,6lzc0Al0zfZOIFsFvBS1ki
38,2913xXOVAIDAqxzV2g4VcU
38,3Tj1luJyKPQt7WbrqpJ2Az
38,4IcbUXrAzBtn6iUO1LP471
38,4yTeQK2XThWYeEW8D72XmU
38,24nhOvYX2gk3txBbMzXeUB
38,2qYIFDagoAenwAoLeS9FNr
38,0rNgWFQJtfttOYIHfDOHCg
38,0XRJc66Gcvq8F98KE1TXD8
38,2tB9OFgAHjAds3cqquLlvp
38,3zMvotMEQK3xvH01vA9wAP
38,08fvAoeVAl6DAOT3nilvQN
38,7lgvU7WnwcNZ8dbGUz8yhP
38,32lItqlMi4LBhb4k0BaSaC
38,52ChYmfu792MW2Ezv0whpk
38,2WnAKZefdRHxtBEkRjFOHC
38,0dj1CtyRxZ4bnIT4Q20jNT
38,708yXS1fLm1gAXFyIQxtX2
38,6G7hnJoG5ZZE5bOeA18JXg
38,6iC3L3YmAkGucvJbXKDanA
39,3rdAz1fbUfZxYgaCviYhRo
39,50QWBrZFAhD6N4B0tbfET9
39,0MMyJUC3WNnFS1lit5pTjk
39,5G2f63n7IPVPPjfNIGih7Q
39,2LWGrxEKOgcOjtkiuX0OPL
39,20MuVazoNMv6xjKPnRFOxG
39,7JgNAnCjJvL8hBR1kmCOFF
39,5JCoSi02qi3jJeHdZXMmR8
39,5xbrhx2tMMcN68IT3cJbhS
39,0YbFEoJi7Esa7lhIrEpBjl
39,6ayKgleoMF26lvU1Z7wVm7
39,38RIEav39FGi86jppxO0du
40,6jUgruwAzfIA3HUQIO3wCR
40,3RIgHHpnFKj5Rni1shokDj
40,0Pp2I1kM3JnnyAX2S5jtHG
40,0QepvU0N2fC2B5uIPafO1q
40,7LoWAhcGbxSkT6trTqXQR6
40,2d8UxVNhJinc8uat9PoM9y
40,40U8d12pC5UHqmHwXjHjjl
40,2Dp6icDc5dvYnWvxZOjj75
40,3U1mFf6W429eMYDwmgkbaZ
41,5NFYuqu8V6QXc6mzcLImd6
41,0wgOhYnqZKjOHr6bmdz0aN
41,3PKIYbww0PvgEYXjakQe7n
41,0O45fw2L5vsWpdsOdXwNAR
41,6eLQXa6uk2EW8drsiKbABZ
41,1BViPjTT585XAhkUUrkts0
41,1CRtJS94Hq3PbBZT9LuF90
41,5A0M6B0RBSXSNWv0wcppZ9
41,75pQqzwgCjUOSSy5CpmAjy
41,6sGIMrtIzQjdzNndVxe397
41,4llK75pXNWZz6KAho2Gp16
41,64JIAZ0bS7WoARYfWQGCoz
41,1a3X8Y882vwSnlnHqf9ztF
41,7qjZnBKE73H4Oxkopwulqe
41,6n6GfXu4i22rdsmRKe2eIn
41,1uF2sVVCJNWBGSQ2foMWkU
42,1whs2eO84P6NRtmDQN2YTl
43,4tqOaLJdXjWi4OaFSKIT2R
43,4YMEYbRvgzVXJoKi53SSgU
43,2LzOTLGAqF9IPkwHFiCysq
43,3Ub5gDJTOGWr2AlDcScUIr
43,5BoOzegGrg5XFRR8UBDtkF
43,36t9gWH3NGsrjP9jlaK1Dw
43,0zzdXBwYgPZR88QZr86hWF
43,6mAuw7R6u4vlNneuBgnC8K
43,0jsGVabGQKN43pdotflgnD
43,5b2FFKC64kxqcfaFnIZxoM
44,50pJXx2ImZomgdmFUtIczx
44,4ODF49KbLTq6Ny1tqm3Dk6
44,1iugFsBigGHtRwvFVDG9oo
44,15ZNcgzsiiSrLQAGzl3le9
44,0J2u6TAolef5gZEVy1HErU
44,6Otmq7JokHh38wKSqUimcS
44,39u2PsqrAZpZ0KPx6CjasV
44,1tZcw7GtIqviL32bzaKdSo
44,4pCbJC43j3gSqG6Fen6upD
44,5CC5krEgwJXuoA0F9scOFg
44,4KgTrzmfiWNcVneh2Dd1Ou
44,0DiWol3AO6WpXZgp0goxAV
44,4KYS9GK68yeuUJ8vJfPxrq
44,5k8LB57xOq8UUNVaKWSqrf
44,1XBg3rmlUnUgXqZX7DacOq
44,0KKkJNfGyhkQ5aFogxQAPU
44,0CSZ1DMvRZH0WLB5V0WSom
44,5g9lS8deSIxItFBmZRC4vN
44,5BR3N53buXtSwzBdr80DGs
44,5yzKUcC2oclY3CwC8Hvjk3
44,4s76r7AbquJcTccqJiqdVu
44,0nafF9MxcXJBQWv3BTKtdF
44,375YEKrb4JSu03HPzwOFfJ
45,6X29iaaazwho3ab7GNue5r
45,3wtV2ifnHzirkAElgTGh63
45,0sci7ppTZFm4mjcH3nu8yO
45,4ygNJLjf6J6X91VPExX0Ee
45,4yjeRuoVickg1G87LWeRes
45,5X3ahLXhOw16BR09GjYPUT
46,2h3MDMf8sd9s4XIzpTBIjX
46,4nfBoZILdIwgBZTMyVHPCF
46,3famfyGuWw5QFcVO5Xk1uW
46,76f1K9hyG4j9Mny8mfgmtw
46,1d5dIwX0QGabBASb3gI3VA
46,7BRD7x5pt8Lqa1eGYC4dzj
46,3KA4tWDpwRnyYQOCw1Zop1
46,5fQBa4wkmq28xpSLOQ202K
46,0AYt6NMyyLd0rLuvr0UkMH
46,7xrwGUa11hnnxXWeTIzcHf
47,2KxRauNqahX7034OR2oAG6
47,6uaBrivDHCaV0uBTiwHTUi
47,01TnVDiet1DFTsyWKUKovl
47,7mo71jiMK8N3I0A2HucGEE
48,25A1RmT5eh7C99KXfESRj5
48,5yAIrkplUEpMNeojW8Q30o
48,2UoZmL5FPxGh9PIOukJwnG
48,6MWLG6GNRdV9qCI7LrK9BR
49,3orEOtd8CPL8GFlpRpKuoE
49,5P9y0HcSxt5mzACExqe1cf
49,1C7lXfx4Y5maVl4AgUVlHA
49,7KokYm8cMIXCsGVmUvKtqf
49,1a0PcmEJAOEp4ZT3YtSLkM
49,0YbFEoJi7Esa7lhIrEpBjl
49,2AuU35arXZdYoscOIxHWSc
49,6NUy8xajng5zMSGJRKniAG
49,725fdnXEqS0Xs1sTvdNuHq
49,4FI0rdztOAYJZMupujL5Gp
49,6ekvzkGg31TOQhHIFEd55x
49,3B1lK5gNppO22gQLozrxeA
49,6lzc0Al0zfZOIFsFvBS1ki
49,0I6ZBVBb7DXfjVVCM0NmSQ
49,2CtaTmkRB7csW9XAZbWHDq
49,1lguQJjlNrIOoOylYVZN3M
49,0msrDPXxZpts4FRnoX0bFr
50,31ymlaZzsadVgBae5oMguM
50,2SLwbpExuoBDZBpjfefCtV
50,2uYnktBpKbr8YuiLit7WiZ
50,5hfB5nQatLPlqyKmVEpEVI
50,4D6TpthzUVNTjWQqfBW5Kb
50,6lwJPy78yr392u5uVUQKww
51,2wXfd4Vz6pzJrrPvGhpYz0
51,3HBJNBuAHKhQXcQ8nnVvXX
51,5EiLjOB57pHdNnkcrWh1m4
51,1xvuA42QBl5ssBHvCwHXwK
51,48DKpTEVJ2pAjxQbWTad3q
51,5PTfZsGlsDDPH8i3PdQnXJ
51,1foMv2HQwfQ2vntFf9HFeG
51,2R4AlwtrrkMaRKojcTIzmL
51,6dTA6y0C2ReQklntzZl8l3
51,3I1704ruk1pl7aa1iaiGBE
51,6SYSu569pfYdkDT9A5lZqi
52,0x60P5taxdI5pcGbqbap6S
52,2EhE42VQTKvn6ok6wtA9U8
52,4yWCzA44dQyp0SoeM81bUb
52,3HBZIY3FVzXu6YjhExNqWe
52,51ZQ1vr10ffzbwIjDCwqm4
52,0S9ZVNTNRzLMgb96tmmG1u
52,2byJqu4cw657Y7G6nFogkG
52,7FwgafuJFYX2M5CrEVfN4M
52,1lTqq0aC6r2bXLviQ3oaVt
52,6BnY0YochAURSXSR3d5N7O
52,22VdIZQfgXJea34mQxlt81
53,2P61EK6DMGyVyssLWS4fKy
53,1R0a2iXumgCiFb7HEZ7gUE
53,5ScbulRnixQ2XAdvrPMFjz
53,16x9bQHw8TBNaGDyULvwad
53,29TPjc8wxfz4XMn21O7VsZ
53,46WOptLnXUtH3LOyYvmMO1
53,3H0a65Ckefe6FA4kSMZ3D7
53,33zbOXJSwW7uf4VXXWow2O
53,6b8LUVmacXlMUl4wRtCD2S
53,5chnRTB9qMK3W1M41SnU9s
53,2SpGXD7EbexndFmmThrnsy
53,0qksx8mV28lztYIZ1om8ml
53,1K4iYHWQDC277dYkMbYoqU
53,0O3TAouZE4vL9dM5SyxgvH
53,3B4rsHMPbvYV7nNxs4FSWE
53,6VfL3MEuYeJbDlD8m011HR
53,4m9Fc8ZCfl1ILchJ47CmKR
53,137mSruegm1u6x9NvwiagR
53,13Tbv4nflNxg9kYBIbJnd9
53,6pFqCPdvm6C9IHbJrEu8aG
53,5j4hSQH0KaAc8f6cimnXIT
54,58YL9Jo1T0wyijCOZWRmyL
54,40gGMOJlsEpeKo8GtxDl5A
54,1OG8BRnkZ12kyDHrwdsDmw
54,6xAV4s1HRUvwir1e6zimtP
54,76gcXhY3Zv6wW0BTe9nHJo
54,4hTFbz1G3He7e3MKqXjcGx
54,3yT3bPR522kvTTIhjebahC
54,3a8cAWPzyD3xv1hCNR4f74
54,1qKCO2Tocwg8CbepJ9uDtd
54,5uGjeXi3epIE8N2ITkxIQ5
54,1nXZnTALNXiPlvXotqHm66
54,0zLA16D7GXoT8K7XFaiCv3
54,1pacwLXyRO47ka0v6LTIiY
54,5rPzPAaOUceS8HiAculegz
54,1BViPjTT585XAhkUUrkts0
54,4ltS9OKF5v3bvwCqrB5Fg1
55,6ghDayhHeBXAP4OOnnrFW9
55,5EA2rqylBTFpUVQUKiWFXs
55,3K07bGe8iljQ3mOKArHLDo
55,0Nwar8rweBUyfyuoyjjUvk
55,0NwGC0v03ysCYINtg6ns58
55,0rNgWFQJtfttOYIHfDOHCg
55,53mChDyESfwn9Dz8poHRf6
55,2wg81gBz6PZSwbZrXObeW4
55,1I6pKIyaBp4OebTGLJpCCC
55,6YJYhPKP7MRzJSHqe3QI9K
55,6cWv9xpzoAaBjqRg3mCZi3
55,2b7Si9I7PtpgGOnUE8Qogd
55,0M6rjvWWDooFwiAClgdoOI
55,0AkiAfilrTUXV49dleC5SB
55,19fKJrO9XdOf6Xla2QHecO
55,5aDK0TurEtiedVdT0a6k9a
55,3Fj47GNK2kUF0uaEDgXLaD
55,1X0PGm7eJoC6LmXpczYeaN
55,2oe6dDthgthqUkfL3czpEd
55,0fK7ie6XwGxQTIkpFoWkd1
55,7zK4UxuBYdenyXNHJ3U6HA
55,6vh4S1z08AjGipGAEsV62e
55,6K4t31amVTZDgR3sKmwUJJ
56,01U0X0ToQhK0AgvNUdyXQe
56,3CbAW3GjkBKfErt4LLbSzr
56,6scpNkWEmUxmKY7nYjVLsX
56,7G0gBu6nLdhFDPRLc0HdDG
56,1tV1G9juUCSNEDdVhCaWKh
56,6Q3lFQgpvhA9VApFKLFZtZ
56,1MPulKrmSK9EW5IrawhdRs
56,5BR3N53buXtSwzBdr80DGs
56,2OWVCFTolecLiGZPquvWvT
56,26QLJMK8G0M06sk7h7Fkse
56,6rEJ6ncZKq9EM3TwyMhTDo
56,0KKkJNfGyhkQ5aFogxQAPU
56,4gMgiXfqyzZLMhsksGmbQV
56,5OGCd9NL8XcwpkTmSxL5YI
56,6xGr4tVzpTX99p9Cf0hRRL
56,3YkNIrAvbKNrrwwEd7NVLl
56,51A8eKvvZz9uydvIZ7xRSV
56,2SJf7W18D1AEpr8L9ATu0c
56,41TXadM22OIJY04xSW9iuv
56,1EKZmfqveHKe78Isfk07w4
56,4iYRa2btalAzPZoSYfROqF
56,1zOXs9kBDCGVYZXbxCR3eu
57,3M0lSi5WW79CXQamgSBIjx
57,7MtVPRGtZl6rPjMfLoI3Lh
57,3Qwd9wK176KgmorU7fCW6S
57,1K6oXSGIexEyNnv2cS6vKr
57,3ZIw7nCYObqthuWCuDrCu0
57,0w1qp04v2zehJXctW0JPjy
57,1U3A66OHQyTu4N2QTMsP86
57,55N0YHhO55Q1lWsc4dDPcI
57,0aueluj36PA9LNoj7d9SFb
57,3dhjNA0jGA8vHBQ1VdD6vV
57,4w2GLmK2wnioVnb5CPQeex
57,3BzGBoR5Fuy1XmDcJ5jYEW
57,4b9rqLPiePJzzd5hW9I6f6
57,73qINA7ccO03wxD8nsJalr
58,23wfXwnsPZYe5A1xXRHb3J
58,0DuWDLjriRPjDRoPgaCslY
58,6t90Z9XkdsHD8xMxro6KRP
58,1aThn8Pk8zRzGGPClZe9Oq
58,4JJ5zGKnb1IpERyBrfmb1y
58,4RVwu0g32PAqgUiJoXsdF8
58,2Z8WuEywRWYTKe1NybPQEW
58,2CshODtf7iwe3pKlPmEWF5
58,4FzMYYcuQg10kBzXgauodD
58,38kjFXYgPvtuXCPbHPMGte
58,5F94xbz85nE6wfZGHqOMCG
58,2pM3EaNKFnpa646xtCiREJ
58,61yr9YbDKfyZn7zh1ZgUOW
58,1yeB8MUNeLo9Ek1UEpsyz6
58,4NoOpkVBJsRB2YTiP9vRJD
59,6dOoNq2InmdP57QnF6HdBU
59,6FFpD5jRXlDWhnCc4YF8ed
59,74fpNVAJrKGQuqHETi4WSt
59,6vc2Jq2vaGu8z326kSrw92
59,6Qyc6fS4DsZjB2mRW9DsQs
59,4lxfAcX2LexWmrcaS6rnK5
59,1iatZzgryaJh79PNFq2bi8
59,6bPSncBdjSuhvHXRF049F2
59,4gtjUlg2vc9eY58zW7qDWK
59,466s1BacUmiRdR3ISvNjyx
59,43rA71bccXFGD4C8GOpIlN
59,27BgDmciSjoxTG0almHTpZ
59,0DNJj91kvOUXQrgQj7wosE
59,5XkeTGKcCkGF8l6fA9YpsS
59,4KFY4EEv9CN6ivrzD6vEvg
59,2c44NyHXDy1lIfuoSOufVi
60,4f8Mh5wuWHOsfXtzjrJB3t
60,62c1RhroaeTVV7yGKBIBne
60,5wG3HvLhF6Y5KTGlK0IW3J
60,01SfTM5nfCou5gQL70r6gs
60,0heeNYlwOGuUSe7TgUD27B
60,6UelLqGlWMcVH1E5c4H7lY
60,1aVDGnB6ydtXwudYLgUB6h
60,1hR8BSuEqPCCZfv93zzzz9
60,7sWRlDoTDX8geTR8zzr2vt
60,7rbalRuIx7sIXFHYTphE0n
60,69ZaPBHhRMRDjRpW1ivnOU
60,5zmaypMaWb21FUGBxbw8hT
60,1KcOU0q9AMXV9xi4tSzzCc
60,6xAV4s1HRUvwir1e6zimtP
60,6nrSo5ZWhsai0oeX257rRF
60,2KLwPaRDOB87XOYAT2fgxh
60,0syXbGoFZbTMXm8hGCEvW0
60,1ckLp8lCl8LipXI0ypX72m
60,2bTRpIxPniQmrSgwmtF1b2
60,4Gh28kZ8ZQi94s2anlN2Rp
60,5vQctmBxi79lyQoc2DDAsP
61,0bkV1iQHSxBaksUqgEkcbc
61,5zmaypMaWb21FUGBxbw8hT
61,6SaSFVlIQC1L6Fh1QKLeFi
61,09CtPGIpYB4BrO8qb1RGsF
61,1mjMXiWYKSJ5XmJCC0O9HJ
61,4SSnFejRGlZikf02HLewEF
61,37tH9V9YK8P9Q2oGfZjJXy
61,2dGxjfhFXDIUX9h5ImyKkE
61,3EHw4Ibarp6Fru4XKmwrip
62,4WRRCuJYRq7gUKiupxVH9W
62,7Moee27EB8Qc4pNTzB870r
62,1nFYpnm7F7iJgvKpSdyZXl
62,2gyHr9WqZeMtzJOpWGuGo6
62,09ZNbemRWaTfNBmZ246SOQ
62,3hpm0fTeSqlhJbnqAgaLZs
62,6RSG1dKPV5gEvILwJb4QtS
62,2rKmNEYrQxaOPZrOWKZpOc
62,098ttCNmncrO4YvqWUNMvn
62,7K6xMPtAjTuLPNlJMLf5bS
62,0ZXkKRO789QKBR6ME7pIDF
62,2G9IqD0eydBfEaQlNTjij8
62,4Kd9tBUgpXv26OfR6ugBv1
62,2qnNUfbNRInP0CqsXYMYfF
62,5ffntNJnJOeFv7b7DCd0Bw
62,5p3NP9mQblDsVJLdfNZJ3I
62,4btFHqumCO31GksfuBLLv3
62,54MsbPnTWsEC66lVUyFodF
62,73D5hBkiVZkopZrmBZTBWf
62,0pvZCv4JOS5WBu7JITYef6
62,1TsiwVwHhLgVK8sxBchINM
62,3I1704ruk1pl7aa1iaiGBE
62,5RqsqQU0erB0OgLbwem6pU
62,5NFYuqu8V6QXc6mzcLImd6
63,7a53HqqArd4b9NF4XAmlbI
63,6RRNNciQGZEXnqk8SQ9yv5
63,3T06rGO2dVEntMvym0vpQu
63,56PcHo7KZjdziz0gg3PhdF
63,3lAEHk0eZzMKtCUFLXz8Ln
63,6Kj17Afjo1OKJYpf5VzCeo
63,1bPbiotvwSAYHG3ycVC2CV
63,1Tnw0ItH1Macok8gblnPPd
63,0jF2AdhsalO1L7KkhK4LE5
63,2j1pS3652hBdC3UtR16YzP
63,6K4t31amVTZDgR3sKmwUJJ
63,3g7ngtg7xK3N9nKwAjDfH3
63,6NYtLvyThMT0oALFdJFdzq
63,3iW3y326xuRpNVXzOMBZy5
63,3OaFGqHUyxGVkOcSILw8Kx
63,5uYqmEN6TAAE8ss8YmprNV
63,62c1RhroaeTVV7yGKBIBne
63,7wJkgAZNkRMQz1FOMS5z6Y
63,4X6bptovPH38mNE9dLwuoQ
63,6NUy8xajng5zMSGJRKniAG
63,4IO2X2YoXoUMv0M2rwomLC
64,06FCvd7rrRcF3DdvWH5Isp
65,6Qn5zhYkTa37e91HC1D7lb
65,15ugBBMTmevxMc2WSbRULC
65,5JiTjhx7lhqYgsIGpo0VFy
65,3ee8Jmje8o58CHK66QrVC2
65,7I7JbDv63ZJJsSi24DyJrz
65,21aDVa64pWR8SYQ7wBRMkd
65,3zupOUPEG7UHTXATfkZJKF
65,7aely3H8kMj9o0gt6vXHE1
66,35QZaWQRkmnAVqBF1TLCxQ
66,0KtV18BLmyIOYHCSISmVl9
66,4xv5AneqR0bTokomIPfGyT
66,2N7TN76tLuTcdn9UlS8ADT
66,6SpYQ73PgXGCphMwDFj00N
66,1RzjXhgnzqb3dMa5852itx
66,7ijyGfG4NxMBobHgvu4lIM
66,1yg0jZwJIsmG7a2TqPIv7z
66,3oGVx9RBmiYGv5ZCecWLkx
66,3ddJ8Vbc5tYPxq5zKRVke6
66,7xdRj1wA4XzYnXynPmtmnq
66,2CnjDMdpRjlWv04Xk3s6MW
66,0YbI9lWxUBsCJLb6EBydkr
66,56jNpLhqZaI5IfJwwMdkRQ
66,4UP9Dn3u8O4p8oH41EXOai
66,2Kt1XplPBQBsDKQDa6TssB
66,2q806mixyBFn36DmCHdVwW
66,0K3w6WNawZlv6Izmsrye8o
66,2O3l4X1yTua8oMMCtazkyo
66,042Sl6Mn83JHyLEqdK7uI0
66,1dm6z1fWB0cErMszU25dy2
66,6rBsmp96jxTRpFqQEfxAdY
66,2KhrPRV0V1FS2l4eQMJUWt
66,3IfytpNFSJwGXrSJOVhKLV
67,1IdZvb2XK8NmsovQlV6CPn
67,0cYohCh24y1aMjJmcS9RBl
67,6nYlU9iIBRwEnCdXudBJl4
67,0RZuCBV900eNA2FXCQ3uUM
67,2yazRoolWXk58jAmKgxcDd
68,6ibWCCEne6WEqDBAv7BeXv
68,55TvHlxObIKvxD1vSn8Q4s
68,2tB9OFgAHjAds3cqquLlvp
68,7udsBKuqnJ5csWTAkR0vEI
68,6AzCBeiDuUXGXjznBufswB
68,7mXuWTczZNxG5EDcjFEuJR
68,5w1mdDSnFgF7qhnSvhdy4I
68,6jDT7DB6k0psPX0nWNDI1K
68,7rzzByujLJIBXpyOCnJhfx
68,0LHpEIKaXBtXrqSUEdfWKm
68,2kMjk14RmYyYhhSbipoa9U
68,7fQcHMvGAfvNXFq80n7X23
68,2tXqLfvoCvJi6S86WEAEOG
68,4wajJ1o7jWIg62YqpkHC7S
68,4fLTtg48X0QtKrj0Jv8I3v
68,2vDNkLviUQSxSxulGBFSqJ
68,5aeQMQDWe64gVnVYSOqW6A
69,4iXCSUkCTdCdNBgGmGm9nU
69,7ERcLgXeNSWG3ktsgaH56i
69,2uYnktBpKbr8YuiLit7WiZ
69,41wtwzCZkXwpnakmwJ239F
69,6VfL3MEuYeJbDlD8m011HR
70,4nwKdZID1ht0lDBJ5h2p87
70,4zqFA9MOG86u7uugR8QFDU
70,15JRvf02KKGHKgC31jrpuh
70,76TjANw8kPHPJDv8X8chQp
70,71jWljGDgSEpsa1LA5LHSg
70,3dVLKe2i0nZmtOBBWBw9j4
70,3siwsiaEoU4Kuuc9WKMUy5
70,0nj9Bq5sHDiTxSHunhgkFb
70,75iJMOH4oBobiRiBJVdw2m
70,4svZDCRz4cJoneBpjpx8DJ
70,1aThn8Pk8zRzGGPClZe9Oq
70,35YyxFpE0ZTOoqFx5bADW8
70,5g1vtHqi9uV7xtYeCcFOBx
70,0HasfWMrNxTjycDy9TkRtA
71,5jZ32WOU7sqzDYbzINwMUk
71,6oVxXO5oQ4pTpO8RSnkzvv
71,6f49kbOuQSOsStBpyGvQfA
71,0BCPKOYdS2jbQ8iyB56Zns
71,214nt20w5wOxJnY462klLw
71,1797zYiX4cKosMH836X9Gt
71,07ACyen8ZVO9SNwaQjxyRy
71,5P3yUXUC9rZPJPNmYGKEAz
71,0ruhQupkyGoUxmsExWXEoa
71,6gBFPUFcJLzWGx4lenP6h2
71,2P61EK6DMGyVyssLWS4fKy
71,0tFRxPQHvAUMTbWYRJUo8R
71,6sarQ376udcoZe6jBdfT8O
71,4eSGSqP2TZvvX0kadZZttM
71,298ionVvjnAHlD0IqYVYfC
71,1nahzW3kfMuwReTka28tH5
71,77ewVGidVJETHhGtlNelrg
71,34aYkYrY3sXhEU9O4VQgtB
71,5cfsQZEFf1IpQr8F9vI9le
71,5b4r2u2cTLeVNvbi2jCley
71,1SGt65i9AnXYdDQt1AtDRH
71,0rzaRSujxA0bKyjJl6vHYq
71,2m3ObD945KvpE5y9A1eUWm
71,1YrY0vjHWp672gt0crtj5A
71,1BENm97nnzsNyZ6KdNE3Og
72,4hER09z0ayZMD1bERzpcoY
72,5J4ZkQpzMUFojo1CtAZYpn
72,4wVOKKEHUJxHCFFNUWDn0B
72,0x0Egm8IgaRNCfNKqkJrPt
72,343YBumqHu19cGoGARUTsd
72,2dHHgzDwk4BJdRwy9uXhTO
72,7996f9NZeypc4jqfc6hJUa
72,1dvOwoHwZB9SwvRw2Gv3nz
72,1UYj8qTWjneZJDVjUMwMub
72,3itgPtXSu4I9mr2QD6yrzP
72,5lvnGiTAH9BVlJLHc0DXZz
72,0NWqNXBJTpXbkI5rPWNy3p
72,1dD1aarWotVIiFo5gGdMc2
72,5YwBaDW36fztKNnoiHQar3
72,4CYTQpr2jc4uBScYvpEK2w
72,7hGCCQkdyF1MX6uk339uBS
72,5XkeTGKcCkGF8l6fA9YpsS
72,2yBz1hupoOBncorzuKcJ2z
72,0aB0v4027ukVziUGwVGYpG
72,2prqm9sPLj10B4Wg0wE5x9
73,4pNApnaUWAL2J4KO2eqokq
73,6La6oWlGposkrgvLjjRJju
73,0C80GCp0mMuBzLf3EAXqxv
73,3rdAz1fbUfZxYgaCviYhRo
73,3G7agPwWfcORnWCAGMDOpm
73,48X4D1FYOShPz2VF3YdfCF
73,3JjnGLK8IxkNLvo8Lb3KOM
73,4WLQVGtxD8eqDPMX2CiZlE
73,1V14rt4SEpMU1wCdmGz6eB
73,1dvOwoHwZB9SwvRw2Gv3nz
73,09CtPGIpYB4BrO8qb1RGsF
73,2iuZJX9X9P0GKaE93xcPjk
73,6x2knRcsrzp9O9bmJjtY7V
74,0tGkxA0oybkQ3iR6LLXPjZ
74,6mmPpaltUZK7xjNlBPQQ0p
74,3OMw6qj95yhfeqBIdL0c1g
74,6SYSu569pfYdkDT9A5lZqi
74,0MIcPSq9n2z5H8TAfEstri
74,5hplO2Sk1SaZgSaR05m6Nn
74,2LzOTLGAqF9IPkwHFiCysq
74,1zejeOnykpCoyVSit6Bwp3
74,2R4AlwtrrkMaRKojcTIzmL
74,0rDQZJtSGgsB2rdkObpdFa
74,6bPSncBdjSuhvHXRF049F2
75,6HjYE79OOCGEhkIRfXLqrz
75,4tqOaLJdXjWi4OaFSKIT2R
75,21CkzgKCBCq5V4XKjiGSIj
75,1f2V8U1BiWaC9aJWmpOARe
75,5WEF0icHWmAZBBMglBd599
75,2XQnrr8gsvuGcJmPfk18iE
75,6I3mqTwhRpn34SLVafSH7G
75,5wIlxGNafMen8AW8ELPQYm
75,2cN7qiHMJflO91pkG9HoO1
75,0j2T0R9dR9qdJYsB7ciXhf
76,2a1JSfTePKhysdIif2bzut
76,0u1sqxkxZDI9ENRhtjBEUU
77,5k7JSycp97vL45zSOoUsTE
77,2ISzmtY9Exy1IwmJj3Hc7P
77,1RzjXhgnzqb3dMa5852itx
78,6EUcP55GlbmsmCzfL2vxtZ
78,1D2L6MefbXon28PzIk9I3r
79,4c2Pc0NrfkesPR0jff6q3F
79,6pZHZndlo57dPCYnvlYFOE
79,4JWJ5BFdXnyV7BzTLj7dfJ
79,04emojnbYkrRmv5qtJcgVP
79,2wnhst8yHA4gKuojAgZedh
79,5YqltLsjdqFtvqE7Nrysvs
79,3HQztiNynPPCCuowUnKoVR
79,5RePVWy39tLpHH0WwXgBsK
79,2ThaHV10xrAcL2WfqXyLnp
79,3lGs8BwNj35qaBx3uSOQdR
80,6GdUMm5xMw9hJckIc0qsGb
80,7oolFzHipTMg2nL7shhdz2
80,4yjeRuoVickg1G87LWeRes
80,7l1qvxWjxcKpB9PCtBuTbU
80,6UzmmekCrcYrumwAjztVBK
80,26QApq0cuO9brJigr0C0W4
80,4YhMaKfdp5MgcECm2YC7ve
80,2BwO5K8Q7EPAJSGze3AAh9
80,4D7BCuvgdJlYvlX5WlN54t
80,1ne7JVHEPnoncXzQunQVKW
80,5P9y0HcSxt5mzACExqe1cf
80,7w3G5VXJLLbuaWylG7hvVi
80,3AJwUDP919kvQ9QcozQPxg
80,4rhSYWoLaBbkQccjme9UOJ
80,3qNfOiidqKXXNcGrY47Uql
80,1npx6ZSuv0KOIa8Pv7qCsu
80,1oPhkzw5Jt2izQmKj7CkVO
81,4TlZtoFcV9fKSxs3RVy9Td
81,7HuBDWi18s4aJM8UFnNheH
81,2uTrdatngtB000duMrfbiV
81,030OCtLMrljNhp8OWHBWW3
81,71jWljGDgSEpsa1LA5LHSg
81,08TlJDuwdzkp51zi0O9biO
81,33gSkDn6P9uS7ofaYiyBP6
81,7yjPDFhCUFGa90GKORcUTY
81,27eOHLIdWzqzZawiRSEi9s
81,5GVPVxgdgTKJFxSxLVIw1A
81,7AvprzMsRJpybaalckaT8c
81,31i56LZnwE6uSu3exoHjtB
81,5RpGHqlGHRTGWzNPBKW08D
81,0mEdbdeRFQwBhN4xfyIeUM
82,6mbI7YKsBQbwwhHr82s1Uz
82,0F13K9dwYH2zpTWiR8d628
82,09WAnxdBuebQopKhJT3oZS
82,6SQLk9HSNketfgs2AyIiMs
82,4Y9Ge3i5r0vgFAZq653Yx3
82,79chzfFIIq7cHkqcYYORk0
82,4uoADk7q83CHvXHW3k1etM
82,4zhk2RS2EZODmBW6il55Qj
82,0YNtAadZvKBBEFARtfoCV8
82,5jgvoAw4cyAYdxhPN7zwZb
83,3KLQCsKrZSResAeGxkx9n0
83,2CIXO1jQbrV1hlfI7FUKld
83,6UelLqGlWMcVH1E5c4H7lY
83,1WFgv04BZTx6gZWQNE6Sp7
83,6Z01gUquJsjJC67uNWm6P0
83,27xkOIER6uDLKALIelHylZ
83,1cZlBZwnwGPtYeRIeQcoFh
83,5SxlUF7J8tyFIEF22EomeP
83,6HiLX5aXSQekfFTlGdENKc
83,1UsQe17Ef7tV1ahFqHEFR3
83,0DBYW9lHjTTz55gIt63IB9
83,6VNXmo59yDYgcwLS17UNAW
84,0B0tYbVp7pDQAqKDhgMeaL
84,5lKFO0PrOC9jmOlPEdjHsL
84,4evLyY5Ue1Wesc61t2KXAU
84,1a7WZZZH7LzyvorhpOJFTe
84,29TPjc8wxfz4XMn21O7VsZ
84,1bx9j48IeWnDnPqcTTqT8Q
84,5jROdl6MhcmP3O7h2sVgtw
84,1PuQTv1Kr1gzLgVeATSuh6
84,52A8OAP8lTQKZCj4Rce92B
84,0otmDG441slQ7QYZUPgBcM
85,1797zYiX4cKosMH836X9Gt
85,4nwjvcUjV7cexhwA40Bh5i
85,0cDTCma0cfyXGhOdjD5rnj
85,7wAkQFShJ27V8362MqevQr
85,5drW6PGRxkE6MxttzVLNk5
85,1nFYpnm7F7iJgvKpSdyZXl
85,0C3gyphZJY83XplEHz30m0
85,2cnV0IznTkVUtJayjyzSBl
85,0OoNzMdPSgbkM5MkcuEZfm
85,4ABYxlb92WBIjHu7TIKmml
85,7mFhyM0k5ZKG8jxcwmPVYl
85,4YUkUocIFAeZznwprEAsxM
85,0N3FDtwGX1v13SU0Eu9302
86,0ByMNEPAPpOR5H69DVrTNy
86,2ta17XNzvAo7J43BiW0T0Q
86,5OCJzvD7sykQEKHH7qAC3C
86,3TYOH7ta0101NYssoH5GlU
86,6rAy2MsMUabbqu2VygrblP
86,4HsaoezrUA96qMzDK3ZWnq
86,74atKkOasLOVzvqB6mYgga
86,3SnpCALgmzVy7k07aAXbuA
86,0f7T8FO4ZM9XHpmncSUWND
86,4ZZJ7S4Z1pEIvTUgN1oRzS
86,3famfyGuWw5QFcVO5Xk1uW
86,4CSYU9jlZC2hP4F6RtWkfz
86,2KrQbq3aqGOFGnkTKnN2XA
86,3FTtVJjqOSaDlM4FByo0RK
86,6KJqZcs9XDgVck7Lg9QOTC
86,3IP10QH1mHOCJMWuq8xjFy
86,0An16OW2kcW8h9ij5cyM9a
86,42opfOB0VjHYB91sYjmtOM
86,2dfHh7ECGxfNqZTQno09Vk
86,5cfsQZEFf1IpQr8F9vI9le
86,4jBfUB4kQJCWOrjGLQqhO0
86,1r3ONnWffOCrG983nwGrVz
86,3bUpRf4GN6SV6ejgQ4IQxT
86,62fqMvguJbsSs9HKhhRfuS
86,1S9tfxdFr4TqoqA14gnKj3
87,4mHM5d2fK3n8xgymjf92w2
87,4BhwlQ9mTwhFGXpQvP9JTV
87,6VzV6RI7641o57TuqfGRpj
87,21PQHLrBFov0x9HaD3ZQ7B
87,3WgFhZfyk5nb6v7hkwPmD4
87,75pQqzwgCjUOSSy5CpmAjy
87,1LskEZ2L2SfR8RRBBGIEtD
87,1Vot6YSxInL52SGTN0XN9n
87,0u1sqxkxZDI9ENRhtjBEUU
87,5lKFO0PrOC9jmOlPEdjHsL
87,4yTeQK2XThWYeEW8D72XmU
87,4U1wiRcBOsDvxFbw0hJgq7
87,6g1B0hd6rlT3xP3mERUnz8
87,4IQkfUsrwXol38VV3U7t7T
88,1rNSLiEFpAF4amVhkzfTUG
88,5dDlknAL9imbXXl7uG7oqe
88,5mAGsieQbw180sYdL3RMKk
88,4EIFwndJvGpgFjsEbNuYif
88,7f5trao56t7sB7f14QDTmp
88,00NAQYOP4AmWR549nnYJZu
88,2Ch7LmS7r2Gy2kc64wv3Bz
88,5ffntNJnJOeFv7b7DCd0Bw
88,7AFASza1mXqntmGtbxXprO
88,0E0DRHf5PfMeor0ZCwB3oT
88,4Tp4gRuDo1sIMP6gH9LwuH
88,1U3A66OHQyTu4N2QTMsP86
88,1dD1aarWotVIiFo5gGdMc2
88,6LBpGdlukUARutol7VgWIS
89,49Zc3sEJHADPoVDM4jNKgs
89,0xBlufYjHrtf8xk0QifNn1
89,7BqBn9nzAq8spo5e7cZ0dJ
89,4pcafPzLDSqQktqSpxHL3E
89,1cCbsojaA6GIT7Y3zuMJ1q
89,4Gqfcg7Ve6mVepAlYZ5yP3
89,57V4uc2b2diZ4RPHXWecb9
89,2DVkYfl2YuOMlRfC98srEG
89,4V37tyDu9CtqYshvrgLke4
89,5WxQEQJtrOYzobMBTsdPBb
89,0ESdtt9cjGZUkUbaubSrv2
89,1ko2NuvWlQdxtNRc8QQzmT
89,1TKTiKp3zbNgrBH2IwSwIx
89,4pNApnaUWAL2J4KO2eqokq
89,1th3G3okofWlvGWAAR7Y4V
89,6HU7h9RYOaPRFeh0R3UeAr
89,19YKaevk2bce4odJkP5L22
89,5ieqvcZfycFIMJnF84D1Du
90,6ECp64rv50XVz93WvxXMGF
90,20hTkA9oKKuxghkRptRczS
90,1bv9wrUiUgjWfahxVwtGSr
91,5eybiaeuN3KEnDUscfX0SL
92,3H0a65Ckefe6FA4kSMZ3D7
92,2ByBBvpR9b7IynvRmnG7kG
92,0rNgWFQJtfttOYIHfDOHCg
92,0G6SfvXZcPxKe931dS0LwB
92,4seJa0pAQbNlbhYzxXLvm1
92,0KAzP1Rbp0Vz5pw8i1KDDI
92,7gS9H5JtkJZgUZBq5mWY4P
92,60iSKGrGazRzICtMjADNSM
92,0W0iAC1VGlB82PI6elxFYf
92,1eUdV0jcQnkpwmpNHFYCiw
92,7KDKBWgusjNgJXX2494v8u
92,61jnrkPHpLumBf1kqGpRRt
92,32SGaEtLE6u7t8tQ83O0nY
92,0ESdtt9cjGZUkUbaubSrv2
92,79x7xtoCLpf6l32Zz6mWo4
92,0OoNzMdPSgbkM5MkcuEZfm
92,5VuxWXbt7XENQCtE9TzpTv
92,0sLIvKgLBMCg7Ncj7y5IfS
92,2PDQReEXBViVwkrbQ34vd7
92,6bIFNHJ6yLTDDHgYufk9i4
93,42VUCXerQ5qTr4Qp6PhKo4
93,7FCiDC7ojdm19CJePq6QAe
93,71pEiUWwfDFiRO6RmFpnBf
93,3CIyK1V4JEJkg02E4EJnDl
93,6qafqn8bBMy7t5c5WqpyRk
93,1gHF0I223J5pv06SuBcmkz
93,2bfGNzdiRa1jXZRdfssSzR
93,2gkVEnpahpE3bQuvGuCpAV
93,4fP4xTSBli3tKck172LEZ4
93,2OyX4SHk1oVRBP2dBOqRqC
93,6PwjJ58I4t7Mae9xfZ9l9v
93,2Pve7muUYsaynWb9hL8CMb
93,6i7fGIyktBDlEe4PlpiU0Q
93,6b8LUVmacXlMUl4wRtCD2S
93,410TZrK18uRjtsTunG14cl
94,0NDOVMOT6ah2k6HuXLrq5x
94,61yr9YbDKfyZn7zh1ZgUOW
94,4SZepBIPDRwPaHIjAKwRDb
94,7vRfxLcDDwgYW2WTrtEgUV
94,4V9JDRqKjN8F2HWdlEDxvI
94,3QT55sRs0R7AVFhBxSxrZN
94,0LHpEIKaXBtXrqSUEdfWKm
94,4191RXFPa7Ge9XkA4cWlna
94,2MBD2rikcUyn5ezfOTwWI4
94,4JJ5zGKnb1IpERyBrfmb1y
94,5KJUqkXzzwEkoTuIL4EYEI
94,5R8j8CYqsZdmyWm10mccHG
94,4KYS9GK68yeuUJ8vJfPxrq
94,252ZECHopILLs10pMfE76N
94,1cCXT1cErAY6tmIqHbodrt
94,5DIZg9QqSdzgHmkZ2k2F1a
94,62fqMvguJbsSs9HKhhRfuS
94,4wajJ1o7jWIg62YqpkHC7S
94,3kj14iUwv0rvTweOr9P2ut
94,0uQhDYHyoZe5DpncrPolb6
94,2kMjk14RmYyYhhSbipoa9U
95,2rKmNEYrQxaOPZrOWKZpOc
95,5NZWHlQy5PKxQ1DcQ9EFbL
95,2wAiFWjRupWmnDkQcu91MF
95,28HadeGsalBfbVfMEkCcF7
95,5oO3drDxtziYU2H1X23ZIp
96,3GVkPk8mqxz0itaAriG1L7
96,2BACqEbfDpPMOO7xhSOz2B
96,0ZqWBTU1EkdVPAMwQgfKiv
96,4JI9FH3KOYOushudtnZt0z
97,6RRNNciQGZEXnqk8SQ9yv5
97,4hNPMfFHauPIbOKvdYqFt7
97,7AeM1BGYM7emrqmQn1PuWv
97,4eLDmhsJW3JoZTXCAozHor
98,0wps7rop5iHwBo0rQZ2g9A
98,558ubozatFQlweufvHa3Ip
98,5Qv2Nby1xTr9pQyjkrc94J
98,51RN0kzWd7xeR4th5HsEtW
98,1RNtm45kw0hPMBz7gKiIYu
98,7fBv7CLKzipRk6EC6TWHOB
98,5LJz7kmFhLqB53tmVWxig5
98,4frLb7nWtsz2ymBE6k2GRP
99,0NWqNXBJTpXbkI5rPWNy3p
99,1jgTiNob5cVyXeJ3WgX5bL
99,1khmgu0pveJbkbpbkyvcQv
99,6c8hSyRiwHXNjerMJnAIFk
99,2L6pMQRcT6aM0Lq5FycBke
99,1hFyhyZygYYD35G2cEuwR0
99,0aueluj36PA9LNoj7d9SFb
99,7yfg0Eer6UZZt5tZ1XdsWz
99,4BhwlQ9mTwhFGXpQvP9JTV
99,5kI4eCXXzyuIUXjQra0Cxi
100,6UtWwuheJr5LLDeVypPNx7
100,7DKS0rX27cCEPsK0R6tFWS
101,2b7Si9I7PtpgGOnUE8Qogd
101,6uaBrivDHCaV0uBTiwHTUi
101,7J1uxwnxfQLu4APicE5Rnj
101,1cCbsojaA6GIT7Y3zuMJ1q
101,49fAstHTYCiXuPR8mN7wFT
101,4jgF1sLf3TkQbZkLHsc6SI
101,12k3pLHg78j1NfwKf9B1jf
101,3JVVBG4lyaUX2Mvxaw9viu
101,7LoWAhcGbxSkT6trTqXQR6
101,7ojqw2j3HrrmXhfykBV88i
101,1lqSiPVISxVO0MC3b4l9ce
101,0FIDCNYYjNvPVimz5icugS
101,2HRgqmZQC0MC7GeNuDIXHN
101,105Fwh9wijwT41rrfgSnrE
101,12iJ53O8WaA64M6S8JgI2Q
101,1ZemPoaj7LBj1RAQrb89EC
101,7d94IqWX2UmSKMGUYSGFJG
102,07ogXeXe5o91sPOAbyMElt
102,21PQHLrBFov0x9HaD3ZQ7B
102,51Zw1cKDgkad0CXv23HCMU
102,0129EujhGkwtwTFADGem5P
102,4Lojbtk7XNMdSKRHSFbdkm
102,6r7ULK6c5CLVvImjTIztl1
102,71F3mmSm8iCENJtgHG3qeZ
102,2x0WlnmfG39ZuDmstl9xfX
102,1PH2MDbcBAU094DlgTIND1
102,1Se0r96r0gnqg67kJPmESc
102,7hGCCQkdyF1MX6uk339uBS
102,2xGjfbXZnI8uQDhukoQURQ
102,6tHVEMyRfxGgQuXRzl2yOF
102,3NMrVbIVWT3fPXBj0rNDKG
102,4X6bptovPH38mNE9dLwuoQ
102,0wEC0GNF74lAqrEFZJMl1m
102,6rAy2MsMUabbqu2VygrblP
102,5QzlDlRuT9D5LdpybJoNYi
102,2CVV8PtUYYsux8XOzWkCP0
102,6QvHiOp35ylHrYGy2ohuBg
102,5KtvumPgVZmt8wg9xONE0T
102,66P8MvPsqu5sN0UgzLYZrf
103,3RkNXZvOSMMElmmXztDc94
103,4gtIYSYu8u2ItBqrhCaChL
103,2bTRpIxPniQmrSgwmtF1b2
103,67siqMtQTGPpJZI4Dz8OpM
103,0tgVpDi06FyKpA1z0VMD4v
103,328p9YLeNTjWUnL6qCXqmv
103,11L064movtyopGdLiX4sVg
103,2Dp6icDc5dvYnWvxZOjj75
103,5wNIHa6wvCCKP6fWgo3UAh
103,1bx9j48IeWnDnPqcTTqT8Q
103,0z1o5L7HJx562xZSATcIpY
103,4SRShYMtFIGgnOU7iBicMH
103,63jUTfcbudnrqoPCC5Qp4i
103,1qmcc6IRvBdhmqhLhSaJoo
103,4K1Pg0FLno1ltzX3jeqT83
103,0336UwEBwBBao8uWCuugYr
103,4KYS9GK68yeuUJ8vJfPxrq
103,430qNtapCS3Ue1yoSql1oV
103,70Laus6ozJIHDpfTtUSmAZ
103,7xc099k9eFT6H47ZhkI4zT
103,3aL7uOGU9S77L4pfFr43Es
103,3MswKmq4eSEJToBPfeJjop
103,70uktTEq3AiRQAtqdl20qG
104,0q6LuUqGLUiCPP1cbdwFs3
104,11L064movtyopGdLiX4sVg
104,5rzI6Jnlhx8DgVgsOLorfW
104,2wOvYLilnDJfuPXGHGFAWZ
104,4lUAlhQOVzhitQKjxrHVny
104,4EndPA8b6FDWYp1RgsnLEB
104,23hieFLBMATmL2HseI2nBL
104,2bl81llf715VEEbAx03yvB
104,3FTtVJjqOSaDlM4FByo0RK
104,4u4gi3VbzXQopL8VatxoPV
104,7d35DaGPriDyYAfiHr9ynk
104,77ewVGidVJETHhGtlNelrg
104,4SRyrhBJ5mq8fEa3bsdZn6
104,0d28khcov6AiegSCpG5TuT
104,05GsNucq8Bngd9fnd4fRa0
104,1aThn8Pk8zRzGGPClZe9Oq
104,01ppKlDRCmPpusO3yNrSRY
104,0OG0qjJ9gN85kWZtIzW5uS
104,57yL3161hUMuw06zzzUCHi
104,20oenBXlmwIfK0F3fQIjhM
104,7ydu79RLStYQTOi1OM6Dvg
104,0wwPcA6wtMf6HUMpIRdeP7
104,4VCbgIdr8ptegWeJpqLVHH
104,2m7LB5YNXRgeYD5JCCJt28
104,6W9ANRwvNdorYlMIuNIClv
105,1gTOPRy9HeAOG9MiZmJzZd
105,2SpGXD7EbexndFmmThrnsy
105,36vmaZyO0iAE6FZ7287fg2
105,1SymEzIT3H8UZfibCs3TYi
105,2dGxjfhFXDIUX9h5ImyKkE
106,7fJuCt1TqIKpkKLPMUBXK7
106,6oVxXO5oQ4pTpO8RSnkzvv
106,6b8Be6ljOzmkOmFslEb23P
106,2byJqu4cw657Y7G6nFogkG
106,3ElI5xtTBJlYf5sFSiNbJD
106,4jaNeCjRjTCekyaErvjnRX
106,0KKkJNfGyhkQ5aFogxQAPU
106,1UsQe17Ef7tV1ahFqHEFR3
106,1xWH8zYtDeS9mW1JJG23VZ
106,7KolrFGhfDi1JTSgQBT5sI
106,5qII2n90lVdPDcgXEEVHNy
106,3lGs8BwNj35qaBx3uSOQdR
106,7795WJLVKJoAyVoOtCWqXN
106,4IcbUXrAzBtn6iUO1LP471
106,0SKJtq3JoXs7A3UjaNLKWJ
106,0xBlufYjHrtf8xk0QifNn1
106,256nKlwQdp2GE6DYGvTDoG
106,6vqyk3mbDBv3npTpctYoka
106,4vCAzANUWDE24URV6wQ4ra
106,3BzGBoR5Fuy1XmDcJ5jYEW
106,4tMzIAFTFdqGBQLdfbPces
107,1x4LGf0GqVgvIUNBb8lcjV
107,0b0Dz0Gi86SVdBxYeiQcCP
107,5xXqyjLicvEpch72qEryFT
107,57TEkZN3f84tFJFHFrD4pO
107,5PTfZsGlsDDPH8i3PdQnXJ
107,2OAcH9SD8ehxuG0tWNe0cU
108,3JsydWaf2Ev4ehaLUjj3SY
108,6K4Co1NQyOnoFEJMkZHkln
109,0wps7rop5iHwBo0rQZ2g9A
109,42QGdFKDbWMDvmgsYq35HP
109,6QeYSvYqYUsfBzsApbjDHO
109,36d14hX8stlJCR0eG0Lh2b
109,71g1UlX2OtS9axwBIBa5Zm
109,2QQ2BHrWAPVQz1LZOesXp8
109,0e7ipj03S05BNilyu5bRzt
109,7b6sWLSnbZhSIeqNGrJ4py
109,0kAUw5oISoFhmEpDlX5Abg
109,7AtBtwrKhz94hYXgGYyG58
110,46oDBddhwu0gfFr2z1fvh5
110,1HAy3OuIEMm7ArA4Ec52ym
110,2NmaDAnnP9zspaHLc5aSjb
110,6W5TI43zMynVPc1P1Fgzwr
110,4HxGH28DitgAuuKpEVrLzN
110,5ugcpEprRXs0HnZ1iMFXed
110,6HLZaECJKDjNE0jiGBeqxz
110,4tYFy8ALRjIZvnvSLw5lxN
110,3TO7bbrUKrOSPGRTB5MeCz
110,6BnY0YochAURSXSR3d5N7O
110,4MjDJD8cW7iVeWInc2Bdyj
110,7gCautqfD7CCdrN33GrRd8
110,3BiiSLo0wyHAY7lpCEO6ge
110,2L6pMQRcT6aM0Lq5FycBke
110,40iJIUlhi6renaREYGeIDS
110,0vq7fkHZl2khMonn5G7d9l
111,6xAV4s1HRUvwir1e6zimtP
111,2pM3EaNKFnpa646xtCiREJ
111,5ilpRHgszXJDARe4oojtat
111,4loQgPwJHocL3dFwLfjb1J
111,69w5X6uTrOaWM32IetSzvO
111,3p866VcBbuggDPXJLuc9hr
111,2nnRa7sSls2t9zf7x4zCNq
111,51LeDAMy6nWqKdjVo7jK4j
111,35mvY5S1H3J2QZyna3TFe0
111,3zMvotMEQK3xvH01vA9wAP
111,5XsAal7ZcWg1I5T4NcRjkv
111,3ExweHKZF9B752DPQByRVT
111,3dMPLD8cuzTtFLv8E7homA
111,2gKSQqtba0acZuweAtFfRd
111,5TvFfDlVoUWZvfqrhTJzD7
111,50nfwKoDiSYg8zOCREWAm5
111,7z3N2W7Xz1t2G2sAO8wFVH
112,2XXwLdtuAcE0HSCu61ijAb
112,6WEXy56jM0Nl3bZHY9l7aH
112,5tSN9S1BvuQ1TcmBnkA9Ws
112,2FAVcsbVnddtEbJeUBnnaL
112,72qABvaqn3TP6drO2tByA6
112,5mzvQrEwseEysuoLbNIn0t
112,0jkzxxDG8z3Y5OmfNl1VM0
112,55N0YHhO55Q1lWsc4dDPcI
112,2ta17XNzvAo7J43BiW0T0Q
112,08PdFBcXzpkn1cWNgmKqhn
112,6iGT4CugvKIPPee1BfNRTp
112,6vh4S1z08AjGipGAEsV62e
112,500l6Cwe40hkPqS7Sf7ufY
112,23SZWX2IaDnxmhFsSLvkG2
112,1p5M91qghUkzS4gwuMM22B
112,6dgUya35uo964z7GZXM07g
113,5SM5amC17V4itA5jxIICjS
113,1CmBpsMdK169mdraPsu7zv
113,4YSOlJJoFu4vfZYJUiewl9
113,0p5UWw5wVyzPOgCIx5T0tn
113,17ihJhPCAsgn0IptDqggsE
113,1tTEcJKC5uAtIoPrWCkmXZ
113,0CySZwyRJ0vyUqtSjM9i2k
113,6bAkr9wkQyPM4IDrP4tuwR
113,51hyZpbJlIgZIaX3TtMxmu
113,3bNNvJA7hsGw0wSpGkfOBm
113,4xR3MAscflQ262kMeiKshQ
113,5sv0WnUs74Orn6GoPmC5im
113,0w1qp04v2zehJXctW0JPjy
113,6N5xh0tYYLTQRiCCaNbAUt
113,4F7A0DXBrmUAkp32uenhZt
113,4qUijfYU8EoIWiY6oSyrgT
113,2Ie9eahtnfKDIswYy6WgkX
114,75GHF6q3DHtjNDVISy62rk
114,0ufk0A6oErK7oAgeMZWJFg
114,0Nd3baD6mxMc4PNW59WXWP
114,6ky7V6pofLTDxI6vJ6azZ4
114,6KfoDhO4XUWSbnyKjNp9c4
114,2KslE17cAJNHTsI2MI0jb2
114,1fUp9sWmy3EiZzPGbJmR4W
114,0CsR9Y9SnC6ZWmekmVqSHz
114,0XRJc66Gcvq8F98KE1TXD8
114,7qEiBWlztvDFrILdizFULx
114,0GWGZA5mxo9nHuSyrj70uo
114,7Hcj0duTWiCSYDtJaztNIt
114,19RybK6XDbAVpcdxSbZL1o
114,1dt2lHi5RCMPuxz4VxKYgi
114,5ilpRHgszXJDARe4oojtat
114,3SBAb63Bjv98ZqfAvP9aK8
114,21PQHLrBFov0x9HaD3ZQ7B
114,1pnDvUuAEd6z8bKEsbAjk1
114,1KL0yUBT1U2PfVUWIhWL7l
114,1o0ChtApxdxNqI6vaOK8JK
114,2vDNkLviUQSxSxulGBFSqJ
115,4sjdZEEQvR1sXrRNSuBfbA
115,3l8zyeHnG8u2q7H4FQyVtS
115,0M6rjvWWDooFwiAClgdoOI
115,03L2AoiRbWhvt7BDMx1jUB
115,5hVghJ4KaYES3BFUATCYn0
115,71g1UlX2OtS9axwBIBa5Zm
115,56jNpLhqZaI5IfJwwMdkRQ
116,3Q4gttWQ6hxqWOa3tHoTNi
116,2RfYofkWwN77WJjR1rpena
116,2SpGXD7EbexndFmmThrnsy
116,7sA2SKTo1QbTSSYn5YvJC4
116,1XBg3rmlUnUgXqZX7DacOq
116,1cQQB9z7fNQQ2VzSkslt7Y
116,6RtzmszGXs32TRhv5zTKNM
116,3OY9NKwRfYqNNpeogsm5eR
117,5qN4HFkapdAOV94XPryVof
117,68A5jxOT3LAMgJpIRt94rW
117,010d0LZvE7DRojYxuZHzax
117,57qiTKh8bVX0VtfUNTQqhw
117,4pAl7FkDMNBsjykPXo91B3
117,1s65HRPwZtSG5dBIBZ0dix
117,1X0PGm7eJoC6LmXpczYeaN
117,0eO2zq5fjPt41BreFmiIKw
117,42m3eP1JJhtzffal9B136J
117,0LpiKjWMfZTkPPHonlM8nB
118,2zScQCfO2BKtR0Yk8dtELN
118,01QdEx6kFr78ZejhQtWR5m
118,5q0EXnBYyeCdXD72FzJxH0
118,5d0JL7ZEMxyHFpgCuX63p1
118,0YDeLNmFiwc6U5lHHdSXdq
118,74NI58MQexwZjNu1Gu6GjT
118,3DGcOWYWHODmgeY5nGnEJ0
118,4lxfAcX2LexWmrcaS6rnK5
118,24nhOvYX2gk3txBbMzXeUB
118,578CwfxpfH2HxlENOCHc2n
118,60fniRXixufxR4HCYjOyp6
119,3nsxMrnYlfBNotHRevTRgM
119,4VSg5K1hnbmIg4PwRdY6wV
119,0wzPHTgOtFIDhk2rD3Au4x
119,49QVOdWgGagzLrThkIqtK6
119,4S4DVFQkLbfhZbGQxoRtPR
119,64JIAZ0bS7WoARYfWQGCoz
119,5ZDKPFRZC6QlJpf8bCIXTs
119,4ZNKaE8fcrtDPsRK8RkQIs
120,3A4cpTBPaIQdtPFb5JxtaX
120,3XLJoMMM0oRHD4gHq6jV9Z
120,4cgjA7B4fJBHyB9Ya2bu0t
120,5673WA8EEUSPx1ir26lhGW
120,2HolBGR6tpiWI80MXoV1dJ
120,0sCvjs8IVBhxXVhg7jQemt
121,6GXgd1BPD9bUpqw5AntGV5
121,2Fxmhks0bxGSBdJ92vM42m
121,08fa9LFcFBTcilB3iq2e2A
121,0XOnMqLQDO89iAg7dWWwnG
121,64GT5ReOko7xx6Nc7D8JsS
121,1UsQe17Ef7tV1ahFqHEFR3
121,4rmK0BSBLMiwNJ6iwWXJm1
121,2LvCnYNqj2nzP6VQAB1uZV
121,1rNSCrsOoWyhKH4g47mehU
121,2DRMuw0U0QbkVQxWxdJV3M
121,0AVgSiAUfEnhSma5WN6I1f
121,4c1RuddayQTE5dpURdynD5
121,3AMxTv6sNAE4gDfqs1eTI4
121,0mflMxspEfB0VbI1kyLiAv
121,3rmo8F54jFF8OgYsqTxm5d
121,6OaVWaGfhXn70ZJfdVcabn
121,2hiuiI3ac0I5kJWtkeGHEL
122,7JJmb5XwzOO8jgpou264Ml
122,75n7mraeMycQOl2sDGYaTe
122,3aGIIqkMUwLNW0gFaqZS1t
122,2ZWlPOoWh0626oTaHrnl2a
122,51rfRCiUSvxXlCSCfIztBy
122,5to5ePJWKcuH5UvSqCAnWH
122,53mChDyESfwn9Dz8poHRf6
122,1dD1aarWotVIiFo5gGdMc2
122,1Q7EgiMOuwDcB0PJC6AzON
122,61xjj1xvLBn43Jn2E3RzbB
122,1rxoyGj1QuPoVi8fOft1Kt
122,2XIX01WCkNRqL1gQ5OBgJt
122,7qEiBWlztvDFrILdizFULx
122,5SxlUF7J8tyFIEF22EomeP
122,0x60P5taxdI5pcGbqbap6S
122,2Uts1QFB4u2YNIMiqcb4de
122,7m9OqQk4RVRkw9JJdeAw96
122,3z92w2yRpuxxlR11EfJye3
123,4O2rRsoSPb5aN7N3tG6Y3v
123,4V9JDRqKjN8F2HWdlEDxvI
123,1uFW6czrHk5PsK3s6gOI7C
124,3cPoiK69oQ1SdbB2j2ulGm
124,2hIQDm9O27oli6krUhdwr9
124,2gkVEnpahpE3bQuvGuCpAV
124,6Xom58OOXk2SoU711L2IXO
124,2XXwLdtuAcE0HSCu61ijAb
124,4zhk2RS2EZODmBW6il55Qj
124,6SCh4BKjB0il6zKgtSiasQ
124,5Wt2UAS92w2ZyDqX2dOEBg
124,39fD0qvjgk8RarJnoBiDTx
124,5Lfdb0KKLWKEns27p20uYt
124,41TXadM22OIJY04xSW9iuv
124,2qBmtZnPSQouvADmqaHKxk
124,2xDHUsWEsH33sKbFqDZPFj
124,6VrQTLzzuyGIYjUDe4kAZk
124,4jBfUB4kQJCWOrjGLQqhO0
124,2gyxAWHebV7xPYVxqoi86f
124,7d94IqWX2UmSKMGUYSGFJG
124,4keKaI4pVDsW9S7HUIq8qf
124,5jAIouBES8LWMiriuNq170
125,7bJ4mu7MHa3rHiNyKjOoSl
125,29JLgNBcOky7QB68OrvYxO
125,1BosA2iQr78Frmq8tvJPLU
125,34V9RiEPe8MNdU32qJsJa1
125,4QIo4oxwzzafcBWkKjDpXY
125,0rEFT5a7hFbO6xl9essItt
125,4q5YezDOIPcoLr8R81x9qy
125,4s76r7AbquJcTccqJiqdVu
126,4z3EmveE8ibhBVKBlZvmjp
126,1Tnw0ItH1Macok8gblnPPd
126,41krZZovstMJKeJZJtbL78
126,1mUTpDe3E8pML637zOFL5D
126,4MUrUT38U98olfnyzMBCzm
126,3JVVBG4lyaUX2Mvxaw9viu
126,7k7JKDjCd9zuL0iF7iWaNs
126,0snQkGI5qnAmohLE7jTsTn
126,6Vy64jL0YcpfQPDlI1Hn1p
126,5JAYDuLRkODlVt6dgoalKk
126,6r2tV58enH9E8hj2oqoJNK
127,4cgjA7B4fJBHyB9Ya2bu0t
127,1ODFVLQszq0hCOdZtqV5wq
127,0c0YHn3DIQLl1opsQDd9kO
127,45jWNNpTqJ4gSty54msOLx
127,338HvC3y58zPScamNZu4Dr
127,54xbcKFYv2PC6ujERHppRj
127,5Y9fnynLlIvqtM710MHzfz
127,4TpHtOGNKgCSGR3iZI3gUe
127,59D4DOkspUbWyMmbAPQkxZ
127,1vMuSYlp2Im8Gpj6JxRJfj
127,2RfYofkWwN77WJjR1rpena
127,5ozqshq2dtU7SYCpCBu0NE
127,62E2nR0od0M5HYxuYLaDz7
127,1OG8BRnkZ12kyDHrwdsDmw
127,4yjeRuoVickg1G87LWeRes
127,717s9KFmHhyy5t3xkStS56
127,3rCA2wW9FY9aMOL1i3t8U6
127,67XC51nlZncNpHmZ8rOU9a
127,4tyjNEHKos3lZPYAfTiMKH
127,1dQQ2QlnvXUehsRUrukKmf
127,1TMWcbxL5YF8rKsFHv5hAP
127,01U0X0ToQhK0AgvNUdyXQe
127,69vlMrzHwATKzupwNcUPyK
127,4E41Y3AvscAx1bdlSINuDU
127,7Ms58r8G6Y0r1XLtpwoGxN
128,042Sl6Mn83JHyLEqdK7uI0
128,2NMjggapJcXXM7WccGEBUO
128,7AQim7LbvFVZJE3O8TYgf2
128,5jROdl6MhcmP3O7h2sVgtw
128,5ypYDzYwSpfQxUrr2Pkf5A
128,55uX7uGvi9LNkIcY087lYy
128,3CbAW3GjkBKfErt4LLbSzr
128,1LskEZ2L2SfR8RRBBGIEtD
128,4Cl3M8C8goTBaoysf9jb7e
128,5vjV8rtLO9H1XVMFTXSbnZ
128,1xWH8zYtDeS9mW1JJG23VZ
128,2NcQic8JxdjAlAHuNbOIRE
128,7F02x6EKYIQV3VcTaTm7oN
128,4GRFzKI7jTZ3kbMfouc7bn
128,2ssyECwAX5JxtcAUTFw7wI
128,6FPQabaldvKE5cjqRfY9Os
128,475jSz0H6U3duJyNiDS0tT
128,5gCg2qMPzKkW4jS4dBKdDs
128,1IF3hx6HU46Pitm0dOdVJO
128,4nVBt6MZDDP6tRVdQTgxJg
128,2DXK0YNGSqnaIEX5iaSIoK
128,298ionVvjnAHlD0IqYVYfC
128,3B4rsHMPbvYV7nNxs4FSWE
129,5yrrh7VYFMCNjUOIMzGNp5
129,35wvL50xvKpCHEJPxLOLPI
129,5S8VwnB4sLi6W0lYTWYylu
129,1whs2eO84P6NRtmDQN2YTl
130,1oWM79mUVdZGCGYjSirHZR
130,1dD1aarWotVIiFo5gGdMc2
130,0YFqKxV9uNu6LUeYkLOKRS
130,3bNNvJA7hsGw0wSpGkfOBm
130,0p5UWw5wVyzPOgCIx5T0tn
130,45pUWUeEWGoSdH6UF162G8
130,7ydu79RLStYQTOi1OM6Dvg
130,6wnmRxEbwUK7WLyUtiRuT7
130,6Alp15t6urC4opjJiyOqZu
130,1mUTpDe3E8pML637zOFL5D
130,2wAiFWjRupWmnDkQcu91MF
130,4hjGZN8poACfjWCK3Og6vY
130,6krYS8KtmNAYyb5uTZiYW4
130,60Chx5sZxkUrADNOKaRU7h
130,1dlCoq7vdDnuAzo3DYPTY4
131,0rEFT5a7hFbO6xl9essItt
131,651EWgRMSL0JI23zphNwKY
131,0Xek5rqai2jcOWCYWJfVCF
131,1nahzW3kfMuwReTka28tH5
131,46s57QULU02Voy0Kup6UEb
131,2XjoHA58XD0t3qye8bYGU8
131,3FzJDGVjRGNc7KrkabU5N0
131,4jkZjaZkOCpgk2pqV8Wrw3
131,2XlHu0HcujBCkWMdIAvrqt
131,7vPsviPvbWsFd9VuftF5JT
131,1S9tfxdFr4TqoqA14gnKj3
131,5zdUc1JRCImBYcDWgvFNpE
131,39gJMnnXw8x2Im44B8BM3P
132,0wzPHTgOtFIDhk2rD3Au4x
132,1hu2s7qkm5bo03eODpRQO3
132,71AVxv9fJVgGpGZIGcxud3
132,5SruEBX3KpgpDvEcIuN53P
132,27mgDrExPa3obPAYXd3yQg
132,3fqwjXwUGN6vbzIwvyFMhx
132,6eMeqiSoQYtM8u3vvfth21
132,753iehfOnYSmjVfjx20znR
132,4RVwu0g32PAqgUiJoXsdF8
132,7Km1xUI1qByxTCNMf05BZ1
132,3nr3oHUp1yTHnjgarY8KX0
132,5KW11tUGHVDBbyoPuqG4U9
132,3IEvQ1CzszUJtTRLmmMJ2X
132,4k1oaXf7i7KGHYniA8n4ul
132,2EFZ9emtKWEglWUQGEQ3P9
132,7lWUJpax919G4JdaFEVmCy
132,3KJ3opyV29269SXkPrc19l
132,234urkhwYweGoBUxbi4jj8
132,7bHT9osSq1rwT2yaImzqCi
132,0fX4oNGBWO3dSGUZcVdVV2
132,5OGCd9NL8XcwpkTmSxL5YI
132,550erGcdD9n6PnwxrvYqZT
133,7j31rVgGX9Q2blT92VBEA0
133,6wQlQrTY5mVS8EGaFZVwVF
133,23xx852ectQgmp1G78zSpd
133,5hplO2Sk1SaZgSaR05m6Nn
133,43Bcg5ckW8WchRzyPZA0u1
133,1s65HRPwZtSG5dBIBZ0dix
133,5xMw6qCcpd2gBXPGTegC4W
133,6T27IN7Ai94BeDv6PPCmoC
133,3QJXJACwdZ3EaIqdF5ZiXh
133,6bAkr9wkQyPM4IDrP4tuwR
133,0EaLRxrtnq7Mqhdf8q9txr
133,7Gvf6Li9MYft4fUijkFjKq
133,1tHRctr0AkO4WdzT1GN7ZP
133,1dt2lHi5RCMPuxz4VxKYgi
133,6tjsbysvZh8Pq8DZA5ldrn
133,4rlQza35DE4Prh5yonxnCs
133,431Dwa4XSR1z1aWgmCisnP
133,5k9RjjuYyOMCLL81U8FaHT
133,7KZ5MMVgBVox9ycroB2UrI
134,6cBoE74D5BsIfHVIm2e7vj
134,7fQcHMvGAfvNXFq80n7X23
134,0SqqAgdovOE24BzxIClpjw
134,66hayvUbTotekKU3H4ta1f
135,4KXwFI9pgJLpUIAc9oSL8j
135,637oNhilCI9UlkWkUW4Grt
135,7c378mlmubSu7NGkLFa4sN
135,2oKoID9gumVTvPKuropmyS
136,4mtmmBBEgdJLYWnLy5zvWE
136,4iJyoBOLtHqaGxP12qzhQI
136,4D6TpthzUVNTjWQqfBW5Kb
136,2a1JSfTePKhysdIif2bzut
136,0l0vcZMU7AOeQmUIREoI2U
136,2BwO5K8Q7EPAJSGze3AAh9
136,3QT55sRs0R7AVFhBxSxrZN
136,09WAnxdBuebQopKhJT3oZS
136,7HsvTUJcXRQVK6QuALkAvW
136,0YJ9FWWHn9EfnN0lHwbzvV
136,2GxCTEXhba060skpicYxTk
136,2qYIFDagoAenwAoLeS9FNr
136,1CS7Sd1u5tWkstBhpssyjP
136,5YNf9s8WE3iF33YaFNrgpa
136,6bmg5bRyVsYEDwpvrdAk3A
136,7ByxizhA4GgEf7Sxomxhze
136,5RpGHqlGHRTGWzNPBKW08D
136,2PXNL9x1lMXQkR7YM4USrC
136,2zIl3eEUd51KdtqGyJw1sg
136,4k1oaXf7i7KGHYniA8n4ul
137,4a1fh9vJMMoRjNrBmEWoM0
137,6glNKSv2aUtfQhe1SJBZZt
137,4ymD0FxX1fnWszSu9rMAtD
137,1TMWcbxL5YF8rKsFHv5hAP
137,1SGt65i9AnXYdDQt1AtDRH
137,1PdUyYYw9sGU0yhLrpeHKt
137,0kPhTGl84wcSzdTareTroP
137,0bcZ7xN9IcjSNxLerzR2yl
137,4M88Wd7Aps5LGRWMOC7gSH
137,3gnBcl5KRYTzIQyCOQug6F
137,6xV7Be6XEvkSnighmh2Tzj
137,14xj58ZexBaEaHARb11Cqs
137,2bXJMQZSJND3UYq5mjV4cB
137,338HvC3y58zPScamNZu4Dr
137,0HPD5WQqrq7wPWR7P7Dw1i
137,6DEMMeWXfmFAXgDUMMzeg6
137,6vnfObZ4Ys70SBAtti1xZ9
137,1pacwLXyRO47ka0v6LTIiY
137,3CY3zAjrxKVInh2Lq1QiRb
137,4RtlhOoWNO5ReUwdmTdTcG
138,2L6pMQRcT6aM0Lq5FycBke
138,7DKS0rX27cCEPsK0R6tFWS
138,39gJMnnXw8x2Im44B8BM3P
138,2SLwbpExuoBDZBpjfefCtV
138,5R8j8CYqsZdmyWm10mccHG
138,0ESdtt9cjGZUkUbaubSrv2
138,7DY756WOLyOz2Xnhw4EFiC
138,2kYevr8cbIAH2ha8210Bnz
138,6VrQTLzzuyGIYjUDe4kAZk
138,0g4fMVo4JjwnIpTfFfLdxS
138,1YrY0vjHWp672gt0crtj5A
138,62pJJQjiTaTsFYFjDIYjYU
138,2h3MDMf8sd9s4XIzpTBIjX
138,3xKsf9qdS1CyvXSMEid6g8
138,2KxRauNqahX7034OR2oAG6
138,3a6PN6BRB8PP3ms48s7kU1
138,1f2V8U1BiWaC9aJWmpOARe
138,6aMMil1xvOQHF3rqC7gsbI
139,0Nwar8rweBUyfyuoyjjUvk
139,2PXNL9x1lMXQkR7YM4USrC
139,3T03rPwlL8NVk1yIaxeD8U
139,4iJyoBOLtHqaGxP12qzhQI
139,2vQwlW8H1jFveGNXwZfJCV
139,3fpVWegR6YOS1Yk5HSMYIq
139,73qMN9bXy7MSPwwGfH3wQr
139,3FbMtvXMcjmuAzlAhgwK0I
139,0J8oWLQ8wp3xparv98OJsa
139,7xrwGUa11hnnxXWeTIzcHf
139,7lXOqE38eCr979gp27O5wr
139,6HLZaECJKDjNE0jiGBeqxz
139,70uktTEq3AiRQAtqdl20qG
139,3ZVFcD8Wlw9T9klGqmJf9F
139,3HQztiNynPPCCuowUnKoVR
139,76iVOVsliCHlWqKuDnCfhE
139,3DK6m7It6Pw857FcQftMds
139,2DEZmgHKAvm41k4J3R2E9Y
139,6hXcH4KnoRgkFQDhvxo872
140,2uSNmomB97wZrIO7rGXteO
140,6UjfByV1lDLW0SOVQA4NAi
140,2L47m9erkB5KBZcaqWtYen
140,608R6FvRtAqf2dvgKMzebP
141,1hu2s7qkm5bo03eODpRQO3
141,0zqy3ss4CwD6u4QPksS0nI
141,6cblRiEGDRNZgowcm951R3
141,7xqCJCrlpRSIHDDJsLeT0U
141,3bhyo2ED5Yd4RLydQBDtD6
141,0yS8oUlppSbADwFVGYjbMQ
142,09mEdoA6zrmBPgTEN5qXmN
142,4SZhxF0sIS8nDvwhT0Tt2V
142,3IkEM7cjZ8FZtmVFq1q03c
142,2nzfgpGvMINYAzrv7YpHfv
142,3XRQT7EoS4U87rUuJwg5P3
142,5fSZXFOZfPVW9gvnnG4ZVW
142,4gh0ZnHzaTMT1sDga7Ek0N
143,2QDyYdZyhlP2fp79KZX8Bi
143,51A8eKvvZz9uydvIZ7xRSV
143,2PeB3kosc35XamDfXy3eAc
143,1UTLq40xh63wMrHELGnKWW
143,22EFPvJx2ZWMIi6npEkehZ
143,5VlCTpGdjw80KMurUUhT4Y
143,4JJ5zGKnb1IpERyBrfmb1y
143,3FbMtvXMcjmuAzlAhgwK0I
143,3yBx8j3hVNawnmlrBf3EHR
143,142PiXzA84lmEw2RstFHFa
143,5dONhl6aXFuN86UBdayF6W
144,3L0IKstjUgDFVQAbQIRZRv
144,1tTEcJKC5uAtIoPrWCkmXZ
144,4qzoHxgp42ylb18ga1SWTL
144,6Qtngx8oTu8BEfasSIhpEY
144,2QP041AcWg8PwPIWP95RKN
144,1XewSNzDnNkkNbEBnb0v9B
144,2AuU35arXZdYoscOIxHWSc
145,4eA0BFHcxY2C6O1MORav8w
145,64j3Bd62HTe0pclk8Aq9BE
145,1P17dC1amhFzptugyAO7Il
146,6JmSfynzr6E0QllQZNEXEb
146,1CmBpsMdK169mdraPsu7zv
146,3JjnGLK8IxkNLvo8Lb3KOM
146,2uYnktBpKbr8YuiLit7WiZ
146,5owGoNZqnlFc4BVQzyHz2x
146,5D34wRmbFS29AjtTOP2QJe
146,3BtuIIrQlkujKPuWF2B85z
146,3t6vhRYuIpX4zlHCTC2h1d
146,23d8v6tU6lR77pFKsApMtF
146,5wPyd3IQAZft1vmxoIqGrU
146,4A2v4EPGruJLposELy736h
146,2gTnu5RZNVFVnWdjLnyUA5
146,0DuWDLjriRPjDRoPgaCslY
147,0VsEY4KImxFPv0y4v7YEq4
148,4T1iiabe7G0UjWQJCY6NE2
148,09IOPhEh1OMe0HD9b36FJk
148,3JVVBG4lyaUX2Mvxaw9viu
148,2N9LEu6Pf8nDcp3GjWJT1Z
149,5ZCsCQrtEUJUJAylu9TDjY
149,6JNM6pLKbXMGG2opeExCb2
149,01bd6lyQR2ZiicAifXtlr9
149,0YkUwXxnTkeJBvt5upeEtP
149,33THfvKc6inTp3HW93k5jr
149,3Umj02ZNl4d356pS1D38mn
149,5F3JDJu7V3EXinMhEVcZKa
149,4Gqfcg7Ve6mVepAlYZ5yP3
149,46tv0OqV2s15z2Jvb2E1fe
149,2SpGXD7EbexndFmmThrnsy
149,7DKS0rX27cCEPsK0R6tFWS
149,4HWDNZ1i6gyzu9tUbNhC2C
149,1U6lXyWjfpeKHkiPnpy7Qu
149,7qEiBWlztvDFrILdizFULx
149,4Yw8TyBm9J8cpy2guHUYog
149,1CsMKhwEmNnmvHUuO5nryA
149,4atMrAadB7dS8xn9vfk9PQ
149,60eVCXFCuw1WYswBuNZc4H
150,1JgkiUg9mSXSwcb5Gbi4Ur
150,5t6VW9ocIgB84vD8uR5xXU
150,1rJg58PwiAa7lMYqMs27w5
150,21jGcNKet2qwijlDFuPiPb
150,3EMfeKtNK4q4k3sVjwg5Yy
150,1z5ebC9238uGoBgzYyvGpQ
150,4191RXFPa7Ge9XkA4cWlna
150,12iJ53O8WaA64M6S8JgI2Q
150,4356Typ82hUiFAynbLYbPn
150,0O3TAouZE4vL9dM5SyxgvH
150,0DJBgBiYeSn6n1AXAkFVE8
151,7KokYm8cMIXCsGVmUvKtqf
151,3rmo8F54jFF8OgYsqTxm5d
151,0sLIvKgLBMCg7Ncj7y5IfS
151,3IEvQ1CzszUJtTRLmmMJ2X
151,0gZGUAO42F1HmzZWHNPGAu
151,4bnq2OQUwACkp2vCEbY52g
151,6xAV4s1HRUvwir1e6zimtP
152,2AT8iROs4FQueDv2c8q2KE
152,1KeZgPUr54C8iz3FjqzVoz
152,4EDijkJdHBZZ0GwJ12iTAj
152,7gMfVc4zfNIxuMyMGglOHa
152,1eIXYZWEfJO3Na2LCCnIJE
152,4AhZSJyGTfYqUnFjn5eGQa
152,4eA0BFHcxY2C6O1MORav8w
152,2n9fC0A4ptmWqYeMXEVaok
152,19Shlms2uTnOjIUg50TXzd
152,5cn4RhNZPPjt0onhqUMEfa
152,1tuNqJOtRQVHvONR8Lg3MZ
152,2xwwY0EN7dtnXzMU8xRDxX
152,5UgsZiYk1lkEobuPHmRtWm
152,3JR6wXMbEwhZiTUWy3VzZ2
152,0xCA70t1ZA4fa9UOE0lIJm
152,5cXg9IQS34FzLVdHhp7hu7
152,7tCuCjhxzjX2XCz4JiiAsp
152,00NAQYOP4AmWR549nnYJZu
152,5ynO8cYFjDwELIZfFHHeYe
152,2PXNL9x1lMXQkR7YM4USrC
152,74cq6AFbsKdUVZMpG2TPEr
152,11tPBZQzsEjPnAegM3mxs9
152,4Yw8TyBm9J8cpy2guHUYog
153,4AhZSJyGTfYqUnFjn5eGQa
153,3swc6WTsr7rl9DqQKQA55C
153,75JFxkI2RXiU7L9VXzMkle
153,15joiMls8SpP1VtGivYh6i
153,5MMLS3xm12D7N26xlfFApr
153,50kpGaPAhYJ3sGmk6vplg0
153,5w1mdDSnFgF7qhnSvhdy4I
153,40gGMOJlsEpeKo8GtxDl5A
153,0sci7ppTZFm4mjcH3nu8yO
153,2nqio0SfWg6gh2eCtfuMa5
153,0NdTUS4UiNYCNn5FgVqKQY
153,2mdEsXPu8ZmkHRRtAdC09e
153,51A8eKvvZz9uydvIZ7xRSV
153,5a3tLTGA0HIDtrvnszXXBN
153,4rhSYWoLaBbkQccjme9UOJ
153,7qEHsqek33rTcFNT9PFqLf
153,4xqrdfXkTW4T0RauPLv3WA
153,17wMOhLqVB3DRCmTaLjwVM
153,71BqAINEnezjQfxE4VuJfq
154,43zdsphuZLzwA9k4DJhU0I
154,0tgVpDi06FyKpA1z0VMD4v
154,6HU7h9RYOaPRFeh0R3UeAr
154,3dl8bSF08LQfCf4T6CCksf
154,1bdNW5chWyLIenlLVHY64Z
154,0G21yYKMZoHa30cYVi1iA8
154,0xaFw2zDYf1rIJWl2dXiSF
154,7oDFvnqXkXuiZa1sACXobj
154,12k3pLHg78j1NfwKf9B1jf
154,5uXge1cK24monr2woxAZ7F
154,08OPqLv99g8avzmxQepmiw
154,4QNpBfC0zvjKqPJcyqBy9W
154,5ASRwP2FXKRx90mlabM8cT
155,6IRdLKIyS4p7XNiP8r6rsx
155,11pEKMLmavDu8fxOB5QjbQ
155,0YFqKxV9uNu6LUeYkLOKRS
155,2zUVG50rpba9Zt08lOevF5
155,0V6JZbCVSePUhqNdg7i68m
155,7itUbJA4IGNGOrvOOGywD7
155,07nH4ifBxUB4lZcsf44Brn
155,0S0pOwYmfbzGgQBYnL9U1j
156,63OQupATfueTdZMWTxW03A
156,4c0Arzex2NVpiCePeB5rf5
156,67aaFVnfvFWjxVQMd0jDb5
156,6PGoSes0D9eUDeeAafB2As
156,4c2xt1trwYZpMqPWY35Xi9
156,1RzjXhgnzqb3dMa5852itx
156,2NcQic8JxdjAlAHuNbOIRE
156,4G3PTss3mU33Tau7t4KbwE
156,2aOPvzjpMwikBgngKcxsA9
156,3itgPtXSu4I9mr2QD6yrzP
156,2OWVCFTolecLiGZPquvWvT
156,3ou9rSNUQnE7XYmJkUUIOc
156,6KCvMsAiL6WseKEFsWoPgc
156,4OAuvHryIVv4kMDNSLuPt6
156,7udsBKuqnJ5csWTAkR0vEI
157,2KhrPRV0V1FS2l4eQMJUWt
157,2uYnktBpKbr8YuiLit7WiZ
157,7bHT9osSq1rwT2yaImzqCi
157,67XC51nlZncNpHmZ8rOU9a
157,660ILCe0OoFA3ab757SCAe
157,43rA71bccXFGD4C8GOpIlN
157,5hzoEKZvvov9EKzrx419Ys
157,2e2AXpIiJpet5b4qg85Gh6
157,4tVVmShMF2PYdLqcejrsy2
157,2913xXOVAIDAqxzV2g4VcU
157,4YMEYbRvgzVXJoKi53SSgU
158,6CN3e26iQSj1N5lomh0mfO
158,7dhCEmObPAQ6dLSjgpmHUm
158,22Sh5dlwbERqJAq1fZk5b2
158,0nJW01T7XtvILxQgC5J7Wh
158,7J1uxwnxfQLu4APicE5Rnj
158,6b8LUVmacXlMUl4wRtCD2S
158,75n7mraeMycQOl2sDGYaTe
158,3BiiSLo0wyHAY7lpCEO6ge
158,3UN6cIn3VIyg0z1LCuFSum
158,3dl8bSF08LQfCf4T6CCksf
158,0ArVfVP8B5svkfj8clHNzB
158,5gC8P6NwgqxcTYnwml5q5j
158,0zw61GTy2UXhZbKR7UUqTv
158,23XjN1s3DZC8Q9ZwuorYY4
158,3OHfY25tqY28d16oZczHc8
159,3p866VcBbuggDPXJLuc9hr
159,5v4sZRuvWDcisoOk1PFv6T
159,1GpWY5RiInhezB8wGWs6oN
160,7K6xMPtAjTuLPNlJMLf5bS
160,3cWmqvMwVQKDigWLSZ3w9h
160,0zg5XJPiga7E5FxiehriG2
160,6wQlQrTY5mVS8EGaFZVwVF
160,2nATTe1i7aMzIZ8klEpgQ7
160,7nWui6jiMM2m9qFmET1Mtj
160,4Z8HZSApeddaRM2ovivUj4
160,6RRNNciQGZEXnqk8SQ9yv5
160,3v8e2n4bFrAeKRKgy3nha1
160,3IX0yuEVvDbnqUwMBB3ouC
160,1Jn2a7TmOBhCpBO1WL8xEw
160,00NAQYOP4AmWR549nnYJZu
160,4d9PtIEVij9jW5OaLinH66
160,4Of7rzpRpV1mWRbhp5rAqG
160,4MUvaBckjtNGlxX1IuHDPW
160,3EMfeKtNK4q4k3sVjwg5Yy
160,5S8VwnB4sLi6W0lYTWYylu
160,047fCsbO4NdmwCBn8pcUXl
160,7DIMKlmJ0CL6eROkbptoqi
160,1IdZvb2XK8NmsovQlV6CPn
160,2l9pyINnwqcjuLTN9vTEFV
161,6i2XzqnaxvpNVTUw8EjPMU
161,5QVVjX0ZItqlVpEuVCM9Yg
161,4VSg5K1hnbmIg4PwRdY6wV
161,5zmaypMaWb21FUGBxbw8hT
161,25KybV9BOUlvcnv7nN3Pyo
161,3Qwd9wK176KgmorU7fCW6S
161,7ydu79RLStYQTOi1OM6Dvg
161,5sv0WnUs74Orn6GoPmC5im
161,4MZSqgwlE71CWZ6qQ3gkKm
161,3hpm0fTeSqlhJbnqAgaLZs
161,7qEHsqek33rTcFNT9PFqLf
161,2dHHgzDwk4BJdRwy9uXhTO
161,3A23InNJYFYmWTnT6SH0Oh
161,4IcbUXrAzBtn6iUO1LP471
161,44ut2KJnt0HQMnUaMlDv9W
162,4dDurgTN3eGyU0ghzFJ0T1
162,55N0YHhO55Q1lWsc4dDPcI
162,0HPD5WQqrq7wPWR7P7Dw1i
162,5820PtzfB116EIALe50F6t
162,33zbOXJSwW7uf4VXXWow2O
162,1ZFu5Zz8XaS2q03fafwWKF
162,5ExWCOYjZbMEZCIdlfH2dO
162,7sA2SKTo1QbTSSYn5YvJC4
162,1KL0yUBT1U2PfVUWIhWL7l
162,5m5XW67LO8x72K0GusruVA
162,2XjoHA58XD0t3qye8bYGU8
162,6FJemhBlVTGTCgrrrLam3D
162,4YSOlJJoFu4vfZYJUiewl9
162,2c44NyHXDy1lIfuoSOufVi
162,1tuNqJOtRQVHvONR8Lg3MZ
162,6yl1R2PR8aWZr8etPEqJL8
162,5COQeGCkntn6AgXTHMKpdC
162,5a3tLTGA0HIDtrvnszXXBN
162,4BHSjbYylfOH5WAGusDyni
162,4PEE4636THWsrLS1ypND52
162,2O0rIAtaJj77UMZUGtlg3T
163,0ZqWBTU1EkdVPAMwQgfKiv
163,2dmBAIjIfisvCG7G9YEh0g
163,14boA065HMHWvqyPPEeN4y
163,3U5HfQM00maTYSthHtV59L
164,346SJSEbB6pNZMpwovxDiu
164,0R7YVi7w41Dr9jU5vblAok
164,0LB0SY2DW67uRjbDWcAHMZ
164,6Zj3YsYfj8YTY9aGMDnpn8
164,1C042FLYy7rP3MfnkOcnha
164,11PV8CaPqlto9Uejx92C35
164,4qvsNsA4gQKC9HLrmPC2Vx
164,6Alp15t6urC4opjJiyOqZu
164,6Im9k8u9iIzKMrmV7BWtlF
164,6CtNzG2fYDp5jwyEi6PkYb
164,0W0iAC1VGlB82PI6elxFYf
164,03JZr55j9bIj1d2RQJ7Yq9
164,3TRWJr4S3evnXhXtJ304MC
164,7b6sWLSnbZhSIeqNGrJ4py
164,2ipIPsgrgd0j2beDf4Ki70
164,00NAQYOP4AmWR549nnYJZu
164,6M1vkKMDQZoh1sbH4asNcF
164,1YM6c2sxbf2Jacl9IFgn4I
164,3G7agPwWfcORnWCAGMDOpm
164,5pOBhos8Z2v3FGjUPMgUgI
164,45zLrK0668WQ5JFMyiYmCS
164,2dIBMHByUGcNPzmYBJ6OAj
164,3GZSVedXaTqScGsewGuAyi
165,7knLcYCOSaURD0d7HUULFM
165,0yQCHkrxQDVyMc5I8D65yC
165,73OIUNKRi2y24Cu9cOLrzM
165,6wNUBZNWFxdUGof6vkaykE
165,0JP9xo3adEtGSdUEISiszL
165,2XlHu0HcujBCkWMdIAvrqt
165,5CsDo9j3N4yFZNCN1h9loS
165,469v2YvryJ3zKe7IdzYOlj
165,4iz9lGMjU1lXS51oPmUmTe
165,18ohWhzbMCynq5QJ68ifkW
165,6G7hnJoG5ZZE5bOeA18JXg
165,5cQX9BexkPIEESTZijJhXg
165,2NmsngXHeC1GQ9wWrzhOMf
165,4HWDNZ1i6gyzu9tUbNhC2C
165,3H0a65Ckefe6FA4kSMZ3D7
165,6Y9DeC4Z9R9scRPg7r11pl
165,5OGCd9NL8XcwpkTmSxL5YI
165,4E63weMCaNZuGPEFMnuEi8
165,2K9Ovn1o2bTGqbsABGC6m3
165,2gSVKxPDww9Eep5rdvtdem
165,5SkRLpaGtvYPhw02vZhQQ9
166,3QT55sRs0R7AVFhBxSxrZN
166,1Q4DK5GLldkubj5GtCzbs7
166,2mxByJWOajjiVsLWjNXvDJ
166,2YWtcWi3a83pdEg3Gif4Pd
166,651EWgRMSL0JI23zphNwKY
166,4TDPlp7OSOjuDU3l7PCM04
166,2UikqkwBv7aIvlixeVXHWt
166,17wt2Rnlnn6jR6yGY5CcAV
166,0zqULZO63Ty1Md9Qo3RNDh
166,3wFLWP0FcIqHK1wb1CPthQ
167,1V8XneTrX6kKeoxYbk4x6h
167,11PV8CaPqlto9Uejx92C35
167,0hL9gOw6XBWsygEUcVjxEc
167,1bDbXMyjaUIooNwFE9wn0N
167,2jtUGFsqanQ82zqDlhiKIp
167,6iC3L3YmAkGucvJbXKDanA
167,6cblRiEGDRNZgowcm951R3
167,0GcWf1Cc4ixN35D3O9VdcP
167,58YL9Jo1T0wyijCOZWRmyL
167,2uflssWlCaJ6CbTMOsUpNI
167,0XRJc66Gcvq8F98KE1TXD8
167,23UV8pJEvRnAZd6ZAXBC0H
167,0rzaRSujxA0bKyjJl6vHYq
167,7zK4UxuBYdenyXNHJ3U6HA
168,0sTBOp1hdayTjw6UOyPyi6
168,2aOPvzjpMwikBgngKcxsA9
168,3pXF1nA74528Edde4of9CC
168,5gGz4XkNZV335nYgs34Ro7
168,1ayV64ur8VWgc6OPtPRl1q
168,1ysAvOdJgUjc6CqOQxepaz
168,74fpNVAJrKGQuqHETi4WSt
168,6M0IsaUX4GNyto4niSegfI
168,5xIDCYGTyLaDkiaaulVPcJ
168,0EaLRxrtnq7Mqhdf8q9txr
168,7HC7R2D8WjXVcUHJyEGjRs
168,5wTVNpi5WDByxBgKgUE6MU
168,5dDlknAL9imbXXl7uG7oqe
168,08fvAoeVAl6DAOT3nilvQN
168,0q75NwOoFiARAVp4EXU4Bs
168,6Y9HwT5bGpBjrY9gr9bN8e
169,2Ldb2ytuC9AxhpAkVEJBI6
169,4xdBrk0nFZaP54vvZj0yx7
169,4JOyMhad5dD81uGYLGgKrS
169,69vlMrzHwATKzupwNcUPyK
169,0zzdXBwYgPZR88QZr86hWF
169,4E63weMCaNZuGPEFMnuEi8
169,5BR3N53buXtSwzBdr80DGs
169,5sv0WnUs74Orn6GoPmC5im
169,1OjNUHE1W7Cxeph9DJzKbe
170,0E3e4EZKheJbBbisNcSR1c
170,0Uvf2v96tJ5CuyK0LtyAgd
170,734WuFbTDxTPMU1lBP6e0M
170,0KtV18BLmyIOYHCSISmVl9
170,5hzoEKZvvov9EKzrx419Ys
170,1U3A66OHQyTu4N2QTMsP86
170,7kxmcMUravCNgfnj8Qq2Av
170,2f0GI2ZLUtbGqFx8t2Gk6A
170,6AId2aKm8d23lG0TNMYxwm
170,7mDTvYD2ieE4Q28XFziMfJ
170,4KULAymBBJcPRpk1yO4dOG
170,7Km1xUI1qByxTCNMf05BZ1
170,5B3GZOZYXNzWpUXQC42hxZ
170,0eBFgRxyVSeuT4iyrbukdn
170,03L2AoiRbWhvt7BDMx1jUB
170,4XDpeWqPADoWRKcUY3dC84
170,79mFFAOYcG8ZF6AN1JecAL
171,0YNtAadZvKBBEFARtfoCV8
171,4qSEvFGCpde73gqIuq3sho
172,2tGvwE8GcFKwNdAXMnlbfl
172,61S79KIVA4I9FXbnsylEHT
172,4cV9zzKtPtW4i0FhnEwazU
172,5cbHlX6tKCCiz1jtVvkH5w
172,0E0kxko3i9b5JxxMoGH3At
172,6I87amCgXe8XOFfQJZWGPP
172,2DEZmgHKAvm41k4J3R2E9Y
172,1MKOPZWwR9WAzlP2B6tn5o
172,3EHw4Ibarp6Fru4XKmwrip
172,5KLohKNLMLibqnG0FdmbvX
172,2LMkwUfqC6S6s6qDVlEuzV
172,3PJgmyLaybZtALX4mrgbiD
172,2LGdO5MtFdyphi2EihANZG
172,6Y9DeC4Z9R9scRPg7r11pl
172,3xytfOwki3uHqzhvMWI6HN
172,44c9MsAwxoAdAYpCVRBAG1
172,7wTqEW5nrMhvyEhEyTnOMd
172,6eknHC7HjAKchl23x2A7dW
172,6b8Be6ljOzmkOmFslEb23P
172,7itUbJA4IGNGOrvOOGywD7
172,5XMkENs3GfeRza8MfVAhjK
172,76qpEmu2bVlYCCz5IUcZw1
173,0zzdXBwYgPZR88QZr86hWF
173,1N2NENvgrnemh4AuV2hawv
173,19woxaSpjOefa2JnAOoqW5
173,7qEHsqek33rTcFNT9PFqLf
173,177WEvlLsCc0FzCTWslawr
173,4G67MRybTVTYariSY5WBXB
173,59KOoHFcw5XfICnO57holu
173,3BW34zpQNgRUwuQ4eUyzMN
173,2JUqYobT8NvARdPmc4ES2x
173,0JXXNGljqupsJaZsgSbMZV
173,5sMEEjviCkH6Rp5X2ZvIIc
173,4UP9Dn3u8O4p8oH41EXOai
173,3eX0NZfLtGzoLUxPNvRfqm
173,6bPSncBdjSuhvHXRF049F2
173,0fCwrjKfWxF3xQhZrYUw4T
173,4CSYU9jlZC2hP4F6RtWkfz
173,1dGr1c8CrMLDpV6mPbImSI
173,4IixOTCzviJgIigKleiVbo
174,1SK2Xrd3XvqASmuNuN9ccM
174,4eDYMhIin1pSLIG96f1aD0
174,19m3E0nMZobyA93AxMXC32
174,73scB4Q4fcOmnsBVZPmk32
174,36d14hX8stlJCR0eG0Lh2b
174,0rEFT5a7hFbO6xl9essItt
174,759ndr57jb0URg4j9YSWml
174,1xOXXYh6lTW8laxlW7JP2J
174,0jQxmtJ0XrQAB5irVtdxTK
175,3bNNvJA7hsGw0wSpGkfOBm
175,5P3yUXUC9rZPJPNmYGKEAz
175,0LtkAAEpEp1lkLX1ZvjHZb
175,3B1lK5gNppO22gQLozrxeA
175,5eyzRvcnNMLbF54jdVCM7Z
176,0mEdbdeRFQwBhN4xfyIeUM
176,69CDsup7hfmoiCjMt9lFNq
176,72jbDTw1piOOj770jWNeaG
176,5oLZOjxUHhbcB5Xv9OPOqO
176,2OWVCFTolecLiGZPquvWvT
176,3aO5affZSi1dOB3LMmP9mO
176,243KxZULAjWO3KREpVHgOH
176,33gSkDn6P9uS7ofaYiyBP6
176,2YWtcWi3a83pdEg3Gif4Pd
176,26AuyrZGzWWiYZPSd3XBIg
176,6LxSe8YmdPxy095Ux6znaQ
176,1DiVt4mPAMzbv2N2Yywxs1
176,6ElXX89QyYhYtrqdZasbTh
176,7rC5Pl8rQSX4myONQHYPBK
176,6DrXZwTuhl5Ow4mcmSWjME
176,0ecxQl1Uij06vO9S7htIVI
176,4lhqb6JvbHId48OUJGwymk
176,6O5TrlFWTYvznd9fMC0VvU
177,3K6U7TamNyVSWcFH8pCQHX
177,4SRShYMtFIGgnOU7iBicMH
177,1Yk0cQdMLx5RzzFTYwmuld
177,1sRCCA27Ogwy3MUGeJsYa2
177,0x60P5taxdI5pcGbqbap6S
177,6JmSfynzr6E0QllQZNEXEb
177,5GUYJTQap5F3RDQiCOJhrS
177,113xf7t4qNM7038YJvauik
177,1YxQxV5sKZN1TgVpXl5MLA
177,3rCNmRonlHN1TXQLcG3dSk
177,1uFW6czrHk5PsK3s6gOI7C
177,27eOHLIdWzqzZawiRSEi9s
177,6w9GrSUaQQIaMBYtabge7p
177,6D2tzc8kRnZb7P1lNwMBLH
177,6VVm8loj8FpKcAPUvgJfEl
177,40SsKTIEe0shbTNXGrW0H5
178,7lXOqE38eCr979gp27O5wr
178,0fonaf88IEDQM309zmU80L
178,0bek7IePM9EuMiDI6cGQJB
178,1JcIXOir94YUYBt2cXTzn2
178,3YIQgQd87ky85C6iLvEvaN
178,3aL7uOGU9S77L4pfFr43Es
178,6G7hnJoG5ZZE5bOeA18JXg
178,2Q0aElTZQtEUsoiaQfizu6
178,5TvFfDlVoUWZvfqrhTJzD7
178,1goNZsIE8w3NQOzlP40veh
178,34xTFwjPQ1dC6uJmleno7x
178,0cYohCh24y1aMjJmcS9RBl
178,6jypaMkKsoc5npsVzxhksl
178,2aJnyNu4PQxQ2lyj5boiMG
178,65X7IUg2rPy57wK7mnVNqS
178,1YdtGoSYDvVQKoUqSDXX41
178,05JtBVWRtSzqLoj7jj30kn
178,1a3X8Y882vwSnlnHqf9ztF
178,50vVMueaWOYOfyQUQKdaFq
179,7E0Vsj8rinTQl50BAsFewF
179,3CIyK1V4JEJkg02E4EJnDl
179,4cgjA7B4fJBHyB9Ya2bu0t
179,1lD0oPIfSYid1LhPvgrz10
179,0NWqNXBJTpXbkI5rPWNy3p
179,4Gqfcg7Ve6mVepAlYZ5yP3
179,1TweDM3JC49LNeelLVg3yX
179,2Vw8vOliCmBOAys8Q2xzJZ
179,4gbVRS8gloEluzf0GzDOFc
179,1N8dX8FWPUzVuSlKJA25FK
179,71BqAINEnezjQfxE4VuJfq
179,51RN0kzWd7xeR4th5HsEtW
179,55Am8neGJkdj2ADaM3aw5H
179,4f3uZW3Wc1uO2cN4WJs5nu
179,2pQoErkcTbLdQLnUtMYvuZ
179,4iYRa2btalAzPZoSYfROqF
179,7ojqw2j3HrrmXhfykBV88i
179,5ONOlTiqymhzwcFjqcIT6E
179,3ZIw7nCYObqthuWCuDrCu0
179,5dp2DNJtGuNjwgEtAN6BZd
180,16GUMo6u3D2qo9a19AkYct
180,3y4q6bBdbXsTIaPiwiiUfy
180,3surY3LebvLLdJezmiKUBO
180,5oLZOjxUHhbcB5Xv9OPOqO
180,6bmg5bRyVsYEDwpvrdAk3A
180,5euYMGygjq2IAfpzOD08Qb
180,5VQpJ2AY2iMzrRZKgcvNjh
180,3UN6cIn3VIyg0z1LCuFSum
180,2g6tReTlM2Akp41g0HaeXN
180,4PQA5I8Qf99He3SBKtl4Tf
181,2AEKTA8tQnXUullpmN8NkL
181,4tSrGUb119Qx4sAZBzfFgd
181,5dOxHHMOFAbG3VH23t0xNm
181,2gzLHBLh9IWhswffneqHbl
181,6RQ5IwG7uADz9LDWliJGjU
181,0O3U5iwTbiXCREMkvotJuN
181,3yM4sIOrG4UOJve2fQU7Zc
181,3JNEXPTnSxqlxNqhTW61D2
181,2CtaTmkRB7csW9XAZbWHDq
181,338HvC3y58zPScamNZu4Dr
181,7BRD7x5pt8Lqa1eGYC4dzj
181,4hTFbz1G3He7e3MKqXjcGx
181,1F6nHHDJyTHLgDDFj1ZZDt
181,6tjsbysvZh8Pq8DZA5ldrn
181,1HwDRgozGBMyfJTQUfz09A
181,2dLLR6qlu5UJ5gk0dKz0h3
181,3rzgN5U6Q8EviM03LijE31
181,0uZnF1sn2IcNCvnyAIKNMQ
181,0WsC4ETIXyiHDMXRaPMvKe
181,6GdUMm5xMw9hJckIc0qsGb
181,4WuOWVnAqvEQxgSRrspBgt
181,2ZL7WZcjuYKi1KUDtp4kCC
181,5uCax9HTNlzGybIStD3vDh
181,4PPgUdOaHiGBEswMhwSziB
182,5UxEKpzvvLnjoC10XoogN3
182,0CySZwyRJ0vyUqtSjM9i2k
182,5KZ0qobWEFl892YjIC02SE
182,05jQUgTm40hzAw5uqOy0ob
182,6Sq7ltF9Qa7SNFBsV5Cogx
182,6Yqmv7XJLCrQEauMbPGZSw
182,2U5WueTLIK5WJLD7mvDODv
182,2HRqTpkrJO5ggZyyK6NPWz
182,7c378mlmubSu7NGkLFa4sN
182,4vpx4cL7IRedZul0j0bL2c
182,4kV4N9D1iKVxx1KLvtTpjS
182,4Nf5EZ40JenjMUKXOiyRU5
182,23hieFLBMATmL2HseI2nBL
182,7y6c07pgjZvtHI9kuMVqk1
182,308kjPoIVBzDNExO54sqAi
182,0qksx8mV28lztYIZ1om8ml
182,0FolPJnYMo71Z7qasTuoJT
182,6SYSu569pfYdkDT9A5lZqi
182,7zLMYtNJcabv4h4wBnjNQI
183,5CscrLqFBgPfZR8fGtikov
183,5UgsZiYk1lkEobuPHmRtWm
183,5JBVrYNpJEa7eyG0E8UMvX
183,7GtGeeChOx4NS77bqK8SUx
183,3b5LW3nS3WFQyS1e8ajGJN
183,5C1TucCRf4Vjjree1OItyv
183,4kV4N9D1iKVxx1KLvtTpjS
183,4evLyY5Ue1Wesc61t2KXAU
183,4IcbUXrAzBtn6iUO1LP471
183,4O2rRsoSPb5aN7N3tG6Y3v
183,375YEKrb4JSu03HPzwOFfJ
183,6Y2Iom5hrfZyhBRGqcrJdc
183,1nXZnTALNXiPlvXotqHm66
183,4CeXqDnd36kBb2j88h67it
183,27356GVuMPFWiJSZCragoM
183,0ANExk8Iu85oqCgk82rG64
183,6Y9HwT5bGpBjrY9gr9bN8e
183,69CDsup7hfmoiCjMt9lFNq
183,5Uhp06JvYCjTLJkkIRUAQP
183,0F13K9dwYH2zpTWiR8d628
184,5uGjeXi3epIE8N2ITkxIQ5
184,0REaf0xqIOxEXGZgOXfrCW
184,28jCwARf1gYfHtTHmJJNHQ
184,2bPOr33Dh8usjH01h1wa3N
185,19m3E0nMZobyA93AxMXC32
185,5CscrLqFBgPfZR8fGtikov
185,45Ln3F9PRPYTXBcMFkZMzS
185,5uCax9HTNlzGybIStD3vDh
185,4sWQbsLLH2NEbO79DSZCL9
185,0WCiI0ddWiu5F2kSHgfw5S
185,1YdtGoSYDvVQKoUqSDXX41
185,57EMMRviFnUVwYgsHgAlA2
185,5JBVrYNpJEa7eyG0E8UMvX
185,5XeMsYb1rWxQL1bUUaZajn
185,5w1mdDSnFgF7qhnSvhdy4I
185,12dBXUbgyQdYv8TOVQubLw
185,08dz3ygXyFur6bL7Au8u8J
185,343YBumqHu19cGoGARUTsd
185,1iatZzgryaJh79PNFq2bi8
185,4YhMaKfdp5MgcECm2YC7ve
185,3oP2vxUR2bjFCrU9YolGnM
185,4AcIVgQDyBdLtfJyho29Mj
185,6b2mfHMqWCA74XmUuVJm8r
185,59KOoHFcw5XfICnO57holu
186,3X4Oz9LjhhtgyOhVNlfoYa
186,5kI4eCXXzyuIUXjQra0Cxi
186,3hUxzQpSfdDqwM3ZTFQY0K
186,6G7hnJoG5ZZE5bOeA18JXg
186,6J17MkMmuzBiIOjRH6MOBZ
186,6VsvKPJ4xjVNKpI8VVZ3SV
186,7E390nZTMqEbrNC1TmHd42
186,5eyzRvcnNMLbF54jdVCM7Z
186,66YHxyGAUGjMBDdrDlWIMD
186,0vtgMfyOVM2Y97DcVVJw3m
186,53zCCom4uEoIBaOAEJtjUL
186,2J3CYFUn6eAuHz5S9IKape
186,6QdwUxKYnMsTGaHP0kuq7T
187,46oDBddhwu0gfFr2z1fvh5
187,0YkUwXxnTkeJBvt5upeEtP
187,0DuWDLjriRPjDRoPgaCslY
187,64zQbQTwu4ppBEfWyhst9t
187,1rJg58PwiAa7lMYqMs27w5
187,5XMkENs3GfeRza8MfVAhjK
187,7iPabscOgrBuDkjZAvOVRD
187,2N9LEu6Pf8nDcp3GjWJT1Z
187,0nSRGOgdDFvAj6lGzKjEvo
187,4YmS7BALpAU0h4EAF4fYuh
187,0bek7IePM9EuMiDI6cGQJB
187,3JNEXPTnSxqlxNqhTW61D2
187,3YIQgQd87ky85C6iLvEvaN
187,3buwFfY33H32wfZ6X9poV3
187,6PlDfaiu0l777DqPolHkDQ
187,03j354P848KtNU2FVSwkDG
187,1PIgY9ybyFT9uWLM5POYGY
187,46s57QULU02Voy0Kup6UEb
187,5cXg9IQS34FzLVdHhp7hu7
187,6jy9yJfgCsMHdu2Oz4BGKX
187,6IZvVAP7VPPnsGX6bvgkqg
187,1jlBePA3tcycCoANSSZbgj
187,4E41Y3AvscAx1bdlSINuDU
188,0heeNYlwOGuUSe7TgUD27B
188,4EDijkJdHBZZ0GwJ12iTAj
188,3CA9pLiwRIGtUBiMjbZmRw
188,4kjI1gwQZRKNDkw1nI475M
188,09vTIvb4qpqECgewqXPVSq
188,02sy7FAs8dkDNYsHp4Ul3f
189,31G9RaSaDOI2NWcpnIp734
190,6kN06eEOblRAuWI0xUUS91
190,5BZsQlgw21vDOAjoqkNgKb
190,7szuecWAPwGoV1e5vGu8tl
190,0kn2gu8Pd03DiYHzRvX2Xk
190,1khmgu0pveJbkbpbkyvcQv
190,2De1EHbIhepIVLHZ16bySE
190,6X29iaaazwho3ab7GNue5r
190,3G5iN5QBqMeXx3uZPy8tgB
190,4HsaoezrUA96qMzDK3ZWnq
190,2sXaZphe2LlqAyZVKvHbU1
190,3a8cAWPzyD3xv1hCNR4f74
190,2pGhWehNgJ3BYbGBWmTV2B
190,19woxaSpjOefa2JnAOoqW5
190,60KvZItTS7PpROovaNVQcy
190,2dgFqt3w9xIQRjhPtwNk3D
190,0Z8G02M7ncN87m1DexCFC4
190,2LU2CYKUZUc1iAErxJb1dK
190,1xwAWUI6Dj0WGC3KiUPN0O
190,0dcMqjeDpwqB2xhzMsld0p
190,74cq6AFbsKdUVZMpG2TPEr
190,5Qv2Nby1xTr9pQyjkrc94J
190,6cWpj6c5pNZYEk5KYjNBji
191,4yWCzA44dQyp0SoeM81bUb
191,2tXqLfvoCvJi6S86WEAEOG
191,1n2wszmJyVkw6FHqyLnQsY
191,2Eb7QQ5soJQBEYTfSb5BS6
191,5mSRLKGJ0Uc7FW7SlJFKaP
191,1Se0r96r0gnqg67kJPmESc
191,4a9fW33mYR8LhXBOLUhbfF
191,4BHSjbYylfOH5WAGusDyni
191,5BHd0eLqg3c58QwyohoYga
191,05bnEv2dpFzmGVLGdjD9UP
191,1HEwEN64NjgTaHmo7LfkX8
191,4zqFA9MOG86u7uugR8QFDU
191,5uCax9HTNlzGybIStD3vDh
191,26hz3o1RH47yyE2iZnj9J7
191,1nahzW3kfMuwReTka28tH5
191,5KW11tUGHVDBbyoPuqG4U9
191,2RwOqicYzwMSuzKzHx78jm
191,3yBx8j3hVNawnmlrBf3EHR
191,6BGRxoR5ry5hXaBq5hny0Q
191,72EqPCCpe79JBwtLlVsdZ6
191,69cLn7zwq2oIfnahAOIwV1
191,2DBxhQbwnuXDioUVdL33S2
191,0kPhTGl84wcSzdTareTroP
191,6F2r4HgpJnvKDmkN6JEN6J
192,7HXUFIILHAhS6esiRy5Ibz
192,1RNtm45kw0hPMBz7gKiIYu
192,15zJeVUmKFnbrxm9dxcxYD
192,2aI21FnmY7TJVKeMaoQZ0t
192,7KZ5MMVgBVox9ycroB2UrI
193,4AYtqFyFbX0Xkc2wtcygTr
193,6X6m4xmdFcz31p1h7Qg68c
193,043vxbUHxQErHDIe7zuC0O
193,6YU556RBcA4js0poLlP8Cu
193,1eUGmzzvahJjOSWgDHuRlv
193,1I37Zz2g3hk9eWxaNkj031
193,1YnChEM51BVZ5dRhbVFEMl
193,1uFW6czrHk5PsK3s6gOI7C
193,3xGJuHvSxFJxxYlHj5BIoT
194,1qrhpxdnC4nUCyFefPVCDa
194,6SYSu569pfYdkDT9A5lZqi
194,22VdIZQfgXJea34mQxlt81
194,1TKTiKp3zbNgrBH2IwSwIx
194,1elQc2QcyuBkI8FUIbNvcy
194,3wyrAqvuBzF3iCRzKkiTS5
194,0NWqNXBJTpXbkI5rPWNy3p
194,1aOdsNEQP9wVJEN9a73GRf
194,7BqBn9nzAq8spo5e7cZ0dJ
194,5JBVrYNpJEa7eyG0E8UMvX
194,348cSuo1eooBe21AzdjAqy
194,1Iq8oo9XkmmvCQiGOfORiz
194,1Rweq7vNjK4kZBbGrmxQsl
194,43PuMrRfbyyuz4QpZ3oAwN
194,3HqcNJdZ2seoGxhn0wVNDK
194,7Jk86fYuucnJRzp3XlYK4C
194,1dUHF4RyMmMTveJ0Rby6Xm
194,33l8KODrIwwt1QthRjvR2w
194,3pD0f7hSJg2XdQ6udw5Tey
195,7FwgafuJFYX2M5CrEVfN4M
195,7ks6AZmFcm3Y6PGGxGSmlB
195,4faHjDxqvO9clYe4grJeeD
195,2wg81gBz6PZSwbZrXObeW4
195,4G67MRybTVTYariSY5WBXB
195,20hTkA9oKKuxghkRptRczS
195,2HPmy1uA2SSJVVTduU9g2q
195,6I3mqTwhRpn34SLVafSH7G
195,6UCFZ9ZOFRxK8oak7MdPZu
195,05oC2UvKDcx0cY2wg9gzKC
195,7E1jVNoWuemqUryI4FxsVD
195,39q69v4D15oSshBmlJrkmW
196,7CBFRsUz1pz1cS12soVhih
196,32iNr3J93tqFkxaMYwdRYi
196,6PlDfaiu0l777DqPolHkDQ
196,1n2wszmJyVkw6FHqyLnQsY
196,0ZmkjefPVLvloVSgtmRu5M
196,3vJcz8exedHCjQ9ed95NqU
196,5MnPcgXz4RXqx09nIqvHKX
196,4PPgUdOaHiGBEswMhwSziB
196,61xjj1xvLBn43Jn2E3RzbB
196,3F14hbIqy1JKKLTb1mzdYV
196,2u9S9JJ6hTZS3Vf22HOZKg
196,1lTqq0aC6r2bXLviQ3oaVt
197,651EWgRMSL0JI23zphNwKY
197,74atKkOasLOVzvqB6mYgga
197,42opfOB0VjHYB91sYjmtOM
197,1nXZnTALNXiPlvXotqHm66
198,3A4cpTBPaIQdtPFb5JxtaX
198,1PH2MDbcBAU094DlgTIND1
198,4oB8Xd7gMlUEtWoD8bmCXW
198,6Ova4U0AcZrDqTaP0BWDjg
198,6wbbeA1FcbqXiJs7aIA8x7
198,31G9RaSaDOI2NWcpnIp734
198,4Cl3M8C8goTBaoysf9jb7e
198,2NGGvVcfb2m2NbVaXHC3gb
198,6nYlU9iIBRwEnCdXudBJl4
198,0ILIuCVbnekvEFpQCWhP8a
198,0IhMkvwh9SBreIrTVtXCTf
198,32TTewBmtmhUmYxS1ajqaJ
198,34tz0eDhGuFErIuW3q4mPX
198,16x9bQHw8TBNaGDyULvwad
198,7g4kv8dGaR8mHjxL2WP9ej
198,7Eg4LsQTM6QOqeCS8EihZI
198,4dh34dyav8M5jCN3yidn8Z
198,4SRyrhBJ5mq8fEa3bsdZn6
198,51ChrwmUPDJvedPQnIU8Ls
198,5zmaypMaWb21FUGBxbw8hT
198,1cCXT1cErAY6tmIqHbodrt
198,3ZVFcD8Wlw9T9klGqmJf9F
198,5p3NP9mQblDsVJLdfNZJ3I
198,2HPmy1uA2SSJVVTduU9g2q
198,2tJulUYLDKOg9XrtVkMgcJ
199,2Rk4JlNc2TPmZe2af99d45
199,2KrQbq3aqGOFGnkTKnN2XA
199,5ZDKPFRZC6QlJpf8bCIXTs
199,7KXjTSCq5nL1LoYtL7XAwS
199,4191RXFPa7Ge9XkA4cWlna
199,1bcIiU5FWRa2IYBqx0bk67
199,7gEUdaVffLsb2qgdj90cBk
199,0CsR9Y9SnC6ZWmekmVqSHz
199,6tnrFU8iLQ6orFXjCA3flL
199,1MmNMaPzI1uZQS20RV88AT
199,1RNtm45kw0hPMBz7gKiIYu
200,5JBVrYNpJEa7eyG0E8UMvX
200,0zg5XJPiga7E5FxiehriG2
200,0j2T0R9dR9qdJYsB7ciXhf
200,5q0EXnBYyeCdXD72FzJxH0
200,5mPSyjLatqB00IkPqRlbTE
200,0ada5XsQGLPUVbmTCkAP49
200,1YM6c2sxbf2Jacl9IFgn4I
200,0zqULZO63Ty1Md9Qo3RNDh
200,3Dp4oOTPnfcRhy8bnXl0RP
200,5ugcpEprRXs0HnZ1iMFXed
200,105Fwh9wijwT41rrfgSnrE
200,6O5TrlFWTYvznd9fMC0VvU
200,3S8jK1mGzQi24ilFb45DAZ
200,3agTX6v1AbfY3mMA8qX2Bh
201,2TOzTqQXNmR2zDJXihjZ2e
201,2prqm9sPLj10B4Wg0wE5x9
201,0fLeL6TVmrMgDMW1iC1puo
201,2x3mwb96B6TquRqMtbxUE1
201,0dDr2LgiACQVkZYJeStWh6
201,5JAYDuLRkODlVt6dgoalKk
201,4e3ZNTAV6PCrdYMUrUlMpQ
201,0fgsKar6uBO08vzHXkTjWi
201,5uSG6fUPRaehaV820zcpsK
201,7FwgafuJFYX2M5CrEVfN4M
201,32FhTAAjKZaBein150o3Px
201,2PFqkLmTU9k5CNLN6jMMmr
201,68vgtRHr7iZHpzGpon6Jlo
201,71F3mmSm8iCENJtgHG3qeZ
201,5oLZOjxUHhbcB5Xv9OPOqO
201,4PNn9pMYbErIXMHmE0w4a2
201,5pJBr57ff2dzpelkCQxnJE
201,0lc2neV7ZzjZExwCIVG2B3
201,4WLQVGtxD8eqDPMX2CiZlE
201,34sOdxWu9FljH84UXdRwu1
201,5KZ0qobWEFl892YjIC02SE
201,5gK37hBZjuCHFY99jyY7iG
201,1rFH4TZS38gkcLcW02bEm7
202,3MptiayBkOJblyC8geSXPE
202,2qT1uLXPVPzGgFOx4jtEuo
202,3Lfiu5sZ4M4B6JaKMBc0FU
202,2m3ObD945KvpE5y9A1eUWm
202,3YUMWmx8EJq0DurfuIwoGh
202,2LTlO3NuNVN70lp2ZbVswF
202,0N2Nx2lwHuqA203ZXoTwQL
202,5NZWHlQy5PKxQ1DcQ9EFbL
202,2zavoMfVVPJMikH57fd8yK
202,4n0JnrS5az8qhhQRuofBfo
202,2n7ohqg1s68ToAHh4u9mcW
202,2qrZpvfxSgXu7JXxYCj3Ka
202,5BHd0eLqg3c58QwyohoYga
202,74fpNVAJrKGQuqHETi4WSt
202,1MDQ1IsavnHoUFnxxKB2qf
202,0g4fMVo4JjwnIpTfFfLdxS
202,6uiQ0DqbXTBc8tl0AUKZkR
202,7IX7VAXujvcZ3e1PG7sGP7
202,7gEUdaVffLsb2qgdj90cBk
202,2Hh3ETdQKrmSI3QS0hme7g
202,0DwFOBIvJ5Q569M4tsTOI8
202,2QQ2BHrWAPVQz1LZOesXp8
203,0AkiAfilrTUXV49dleC5SB
203,4U6qrE2SSWYGVKCnT6VbmF
203,4O2rRsoSPb5aN7N3tG6Y3v
203,5FVd6KXrgO9B3JPmC8OPst
203,5RpGHqlGHRTGWzNPBKW08D
203,6r6nVev0MaoHIPrBGU9x4V
203,7qEUFOVcxRI19tbT68JcYK
203,0sdbFOyfgAhAhWq8DpzkaW
203,34hCuaKq1l0BIPFlewPD4R
203,7kjEqI6eZ7YlFrGhxixnlN
203,3goYw6YHoCjA1sfBzpdgzH
203,2dfqS3MRtbLZSZA1IL8xY5
203,0zzdXBwYgPZR88QZr86hWF
203,1C7KSXR2GVxknex6I4ANco
203,3SBAb63Bjv98ZqfAvP9aK8
203,6y1JKzkFrCvLZ4k9qbHP4t
203,65OIh4xcmjZFFXNvp7NAml
203,7g4kv8dGaR8mHjxL2WP9ej
203,2HolBGR6tpiWI80MXoV1dJ
203,5b5cPscqVEMChvDqscVw26
203,2J3CYFUn6eAuHz5S9IKape
204,2WnAKZefdRHxtBEkRjFOHC
204,68Dni7IE4VyPkTOH9mRWHr
204,6bAVI0vzQI5ERCW8X4QGhU
204,3gQwRTXQIbxKJbojcq8wf9
204,4T2zre0jqstNJ5Gt0WG9lz
204,2pw9RZWZibttZzoFhwjuy6
204,4XmQMFVOdI7dstMgmhThyJ
205,1xOXXYh6lTW8laxlW7JP2J
205,7aqfrAY2p9BUSiupwk3svU
205,5H25xsIuRWUI8GwcoAoeSG
205,02XcRGWPkvomFvzTamEKHg
205,5qbhVL3vB7HwWvb0042B7y
205,4tMhjP02FRQ0KIUUEJ2oGK
205,02sy7FAs8dkDNYsHp4Ul3f
205,4adKhxS40S3YGVt31EQfqe
205,3aO5affZSi1dOB3LMmP9mO
206,5rPzPAaOUceS8HiAculegz
206,7Ca5yTC81P0AtRnNKHKzwJ
206,1bcIiU5FWRa2IYBqx0bk67
206,20dP2DaMHIAmwWAbp7peSr
206,3RA55zrRkyPK8Fd86hrMy8
206,5M4yti0QxgqJieUYaEXcpw
206,2DNXgvkyv35vTWvdgjs7qn
206,24nhOvYX2gk3txBbMzXeUB
206,7k2nR2eTRVuzAMCXUj3HMv
206,5KZ0qobWEFl892YjIC02SE
206,0HMjXBAZmSYOTTi33WpMso
206,308kjPoIVBzDNExO54sqAi
206,0v2LUO8oTHnkjQ8MmKuXyk
206,0YJ9FWWHn9EfnN0lHwbzvV
206,11MyiSGZSYSmhhqwGUTtAq
206,1yg0jZwJIsmG7a2TqPIv7z
206,1m69ELEgE6k5ZWsap40ozt
206,0GAE689kVy7sFT2QWZH1Xa
206,7p3sQHgW2zz4DWt3zNavQ2
206,70ToiXlzl8N1EgfC07ZcZE
207,6wQlQrTY5mVS8EGaFZVwVF
207,22itRNJ0N4sB8RSeofp7pW
207,5bQ9rtAfOUbPmuxjPK8zDp
207,5HNCy40Ni5BZJFw1TKzRsC
207,5p3NP9mQblDsVJLdfNZJ3I
207,6JmSfynzr6E0QllQZNEXEb
207,2dJ4rGtsOHOgvTQawsCRtg
207,0HLpAMazDHQV9gDxMvTOJG
207,5YwBaDW36fztKNnoiHQar3
207,2uflssWlCaJ6CbTMOsUpNI
207,69kFrD7Mi8MJq9tAvJaYqO
207,4cgjA7B4fJBHyB9Ya2bu0t
207,1mKNJs35ede94bTPWveVOo
207,5wTVNpi5WDByxBgKgUE6MU
207,7d6yK8v8J484SWH5prIQiE
207,7qEKqBCD2vE5vIBsrUitpD
207,69QHm3pustz01CJRwdo20z
207,2lAUq68F2bt7Kc218n9FPp
207,2CnjDMdpRjlWv04Xk3s6MW
207,2iuZJX9X9P0GKaE93xcPjk
207,433P7tDcIAi6NLnf4Sh6tI
207,6dTA6y0C2ReQklntzZl8l3
208,6RQ5IwG7uADz9LDWliJGjU
208,2od6VwQ93pD6vfYss3oync
208,6i2XzqnaxvpNVTUw8EjPMU
208,7CZyCXKG6d5ALeq41sLzbw
208,4mtmmBBEgdJLYWnLy5zvWE
208,4PQA5I8Qf99He3SBKtl4Tf
208,76Ug1q4l6rGwJ2ubV5wh3X
208,45Ln3F9PRPYTXBcMFkZMzS
208,0Pp2I1kM3JnnyAX2S5jtHG
208,6HBzbL6FX6MfvTPCtS51iY
208,2XQnrr8gsvuGcJmPfk18iE
208,3gE4eQH3K83Sght0ZLvuBK
208,7HzQPlHJOw0wz1SWnWgh1Y
208,149r4BNMXwFRWjPYcKNNgc
208,6AId2aKm8d23lG0TNMYxwm
208,43Bcg5ckW8WchRzyPZA0u1
208,30zRVzH3FUvbtqYwLvd5fc
208,7sUrtg1AYRyrDECLqq6no9
209,4sLvxpKLvagQ4lZHUpymza
209,0BCPKOYdS2jbQ8iyB56Zns
209,4gAhDQjQT9rReQk5NoaiED
209,3MptiayBkOJblyC8geSXPE
209,4PX9Ga99IMqlbgKucTxupc
210,3ElI5xtTBJlYf5sFSiNbJD
210,6Xgq7MvZiet0hVi3KaDSgJ
210,0lodMO0qK83vfPiiD7FMEt
210,2D8i2yY8z3kB5gRaUJ5weK
210,7ydu79RLStYQTOi1OM6Dvg
210,2Na0z2gfN67Rzf0vp74Wi3
210,5cF0dROlMOK5uNZtivgu50
210,1N2NENvgrnemh4AuV2hawv
210,0UW7mAWldtWsfVrlFWYYWh
210,3yT3bPR522kvTTIhjebahC
210,3z6XUommYDWPHeFhmhhT6j
210,76yJsfb1CUy5Um8nFL7jKQ
210,6qNALlmZa1ESnCxJmXE1K9
210,2tudvzsrR56uom6smgOcSf
211,1jiFg1lHo4DezwMpR9ktwC
211,3rWDp9tBPQR9z6U5YyRSK4
211,5E02BgqYNN9VzafXrYP6Np
211,3U5HfQM00maTYSthHtV59L
211,5OGCd9NL8XcwpkTmSxL5YI
211,0Nf5R00C69TCMbVOSK09JC
211,2FAVcsbVnddtEbJeUBnnaL
211,42QGdFKDbWMDvmgsYq35HP
211,69QHm3pustz01CJRwdo20z
211,2O223PoYCkIPSsE4cmnr9v
211,69vlMrzHwATKzupwNcUPyK
211,2VEZx7NWsZ1D0eJ4uv5Fym
211,02cRoSfWU3RJNFyU3o4lhV
211,77n3jFGqPPxYrEGwrWylNv
211,4GL9GMX9t7Qkprvf1YighZ
211,1G391cbiT3v3Cywg8T7DM1
211,0KRMp8ZfDguS9wiZiOiuAk
211,3siwsiaEoU4Kuuc9WKMUy5
211,5eybiaeuN3KEnDUscfX0SL
211,3U1mFf6W429eMYDwmgkbaZ
211,2PXNL9x1lMXQkR7YM4USrC
212,1wtOxkiel43cVs0Yux5Q4h
212,0REaf0xqIOxEXGZgOXfrCW
212,6pFqCPdvm6C9IHbJrEu8aG
212,6VfL3MEuYeJbDlD8m011HR
212,4o82J5zr4DFEs9yj5szCVX
212,7ejepEh5DJ79YI6owGRfkk
212,51ZQ1vr10ffzbwIjDCwqm4
212,3yhVmOZSpZqnhRrEiYI0EJ
212,23QWj1JRJdtdBv1uyjN9Yx
212,3a1lNhkSLSkpJE4MSHpDu9
212,3oGVx9RBmiYGv5ZCecWLkx
212,7GtGeeChOx4NS77bqK8SUx
212,1SWVDBtw6h3tm9OehOkDhv
212,0a4SMs889NwP8oWI7Vemle
212,6ghDayhHeBXAP4OOnnrFW9
212,4iz9lGMjU1lXS51oPmUmTe
212,54xbcKFYv2PC6ujERHppRj
212,6mAuw7R6u4vlNneuBgnC8K
212,45Ln3F9PRPYTXBcMFkZMzS
212,1WopKLOG4Kud0H1r3xrCfT
213,47D1TIULCsrnqi4qs98Eur
213,0Lsis3LB0XAK6XlTHXaJk2
213,5b4r2u2cTLeVNvbi2jCley
213,2gGyGhrur9okI0UBIDXJEG
213,6XUUAsbzqwhqtdC9wW61Jg
213,3tFed7YsjGnIfxeLEQwx3R
213,70khXICDeTTxgYtw3EysKH
213,12KUFSHFgT0XCoiSlvdQi4
213,2GxCTEXhba060skpicYxTk
213,1AZwVoUx3UF5JbkUeMSUGe
213,6fLVTVaHWaEfVKfEgbkf4D
213,5XuU9htN358NTMCcqRvfDV
213,5tSN9S1BvuQ1TcmBnkA9Ws
213,4gAhDQjQT9rReQk5NoaiED
213,6dOoNq2InmdP57QnF6HdBU
213,5Vt2oXZbkQgFWH1Tih1okV
214,4woTEX1wYOTGDqNXuavlRC
214,4PMqSO5qyjpvzhlLI5GnID
214,2Wj1cS0hUzWrQPzYgZJj94
214,12Fkyg9lpmaz2zmKOfw2Y2
214,7eqoqGkKwgOaWNNHx90uEZ
214,3EHw4Ibarp6Fru4XKmwrip
214,50ceCGZ3oD3U5caQV5bP6f
214,2byJqu4cw657Y7G6nFogkG
214,76gcXhY3Zv6wW0BTe9nHJo
214,1ZvbLYAXwvMfaPtN65QF2D
214,7MTIDmToGs0I5Oue9V0CHl
214,6BJbOXDlgVAXSaq6wYFYT2
214,6Db8IlZ7YY1pfIjJllejyH
214,094As2ygiOxXxzcyAna3Lk
215,69CDsup7hfmoiCjMt9lFNq
215,54MsbPnTWsEC66lVUyFodF
215,328p9YLeNTjWUnL6qCXqmv
215,44IXD2J5yyr7PpOZzz2cmQ
215,7iXF2W9vKmDoGAhlHdpyIa
215,73OIUNKRi2y24Cu9cOLrzM
215,5QLAHKawoQwVRNf1waaVW7
215,0mBKv9DkYfQHjdMcw2jdyI
215,0V4l4GQhgnWQGtCWpvA7va
215,7Jk86fYuucnJRzp3XlYK4C
215,5gC8P6NwgqxcTYnwml5q5j
215,4snRyiaLyvTMui0hzp8MF7
215,1ZY1PqizIl78geGM4xWlEA
215,6sg6kWL8RjUcl7Kq7lxwEc
215,6Vy64jL0YcpfQPDlI1Hn1p
215,5OCJzvD7sykQEKHH7qAC3C
215,3pXF1nA74528Edde4of9CC
215,0ILIuCVbnekvEFpQCWhP8a
215,67siqMtQTGPpJZI4Dz8OpM
216,2tGvwE8GcFKwNdAXMnlbfl
216,25ZAibhr3bdlMCLmubZDVt
216,6K8qKeWo5MsFED7wCR6Kop
216,77UjLW8j5UAGAGVGhR5oUK
216,05oC2UvKDcx0cY2wg9gzKC
216,5dI1yHSqgmilFEqpGbqxHh
216,4pcafPzLDSqQktqSpxHL3E
216,4evLyY5Ue1Wesc61t2KXAU
216,3KC1yCIfkLrRaeeMUEKvg3
216,4LpUpiYoZ2M3Z1kmhn4EQo
216,0gZGUAO42F1HmzZWHNPGAu
216,7wFNZdZ0PaUTjmWv6cU5jx
216,0I6ZBVBb7DXfjVVCM0NmSQ
216,40U8d12pC5UHqmHwXjHjjl
216,6hXcH4KnoRgkFQDhvxo872
216,42Uw9frN5ZVX40mRU3hHFL
216,6jy9yJfgCsMHdu2Oz4BGKX
216,6Ova4U0AcZrDqTaP0BWDjg
216,4GqhG9rDuRUoNyDSMJ0Brq
216,1hjRhYpWyqDpPahmSlUTlc
217,1VjnloX6zB43pXp7QehKvT
217,10W0dUXcEP92xxSx5f4lSQ
217,7isAYELhhKBIdffQS1wMbB
217,3MytWN8L7shNYzGl4tAKRp
217,68A5jxOT3LAMgJpIRt94rW
217,6V8oQXzymTzpEZOsiBiyJT
217,0o3ua5ufFK7nfRzbDUNoGA
217,0BCPKOYdS2jbQ8iyB56Zns
217,5J7teKIJGtqVypgYI6sqXj
217,73D5hBkiVZkopZrmBZTBWf
217,2pONuBYwWrNm9jcJH6hmPc
217,4mmkhcEm1Ljy1U9nwtsxUo
217,1BENm97nnzsNyZ6KdNE3Og
217,42QGdFKDbWMDvmgsYq35HP
217,2ZL7WZcjuYKi1KUDtp4kCC
217,0M6rjvWWDooFwiAClgdoOI
217,1bPbiotvwSAYHG3ycVC2CV
217,69ZaPBHhRMRDjRpW1ivnOU
217,3aGv9jITId050BkCMddYOX
217,22L7bfCiAkJo5xGSQgmiIO
218,5k8LB57xOq8UUNVaKWSqrf
218,6Y9HwT5bGpBjrY9gr9bN8e
218,1F6nHHDJyTHLgDDFj1ZZDt
218,3I1704ruk1pl7aa1iaiGBE
218,3TeNkdbYRK8mGfvTMZtXBM
218,4kV4N9D1iKVxx1KLvtTpjS
218,0xaFw2zDYf1rIJWl2dXiSF
218,13djc4bqGG8n26PmsAuByA
218,1ShkiUGko94e4BW5fEnxxw
218,7AysIqSEDiwP4CUsAXJwrk
218,4Cl3M8C8goTBaoysf9jb7e
218,7bcy34fBT2ap1L4bfPsl9q
219,0nj9Bq5sHDiTxSHunhgkFb
219,0J8oWLQ8wp3xparv98OJsa
219,6DrXZwTuhl5Ow4mcmSWjME
219,3jYMt6j13zQGXfFLaO3BKv
219,4f8Mh5wuWHOsfXtzjrJB3t
219,3H3qBumaYj67PT3aMEBvAP
219,1bDbXMyjaUIooNwFE9wn0N
219,6Q3lFQgpvhA9VApFKLFZtZ
219,5SruEBX3KpgpDvEcIuN53P
219,4UKCKdYiLN6IMA5ZESUTL7
219,7rC5Pl8rQSX4myONQHYPBK
220,1PDP7mLiAMwhfmgIwzhOm2
220,0pMUgJwp0a7Wxypy8xfmMO
220,6BU1RZexmvJcBjgagVVt3M
220,5qfZRNjt2TkHEL12r3sDEU
220,6dOoNq2InmdP57QnF6HdBU
220,3itgPtXSu4I9mr2QD6yrzP
220,1ODFVLQszq0hCOdZtqV5wq
220,5XbA7TAqsD0fj0dGBrbb0D
221,0qMNPhpRzbghJy6G3SgRag
221,4pNApnaUWAL2J4KO2eqokq
221,4o82J5zr4DFEs9yj5szCVX
221,35r28RDot7nPE7y9K9H7l0
221,76RAlQcfuQknnQFruYDj6Q
221,3vJcz8exedHCjQ9ed95NqU
221,2ZWlPOoWh0626oTaHrnl2a
221,6n6GfXu4i22rdsmRKe2eIn
221,26hz3o1RH47yyE2iZnj9J7
221,5rpw3BgEGRVFB8CvCJdeuT
221,54FL6e96e4hOh5JT47kC4A
221,6kfn5XxnspnDZkQzwCqyyA
221,1SgdUjvppHnIp6L7DZSnwc
221,4tMhjP02FRQ0KIUUEJ2oGK
221,1m7j6RWUxeBzTOY4hcWsoj
221,6eMeqiSoQYtM8u3vvfth21
221,5wNIHa6wvCCKP6fWgo3UAh
221,36t6frENUtCYKuZus6aYDO
221,6QeYSvYqYUsfBzsApbjDHO
221,3LWVXp636uLT356Rj08Jaz
222,2LU2CYKUZUc1iAErxJb1dK
222,1hFyhyZygYYD35G2cEuwR0
222,3EvZ03hGAFwGZ2Ebcu86YH
222,2nU1vaARHQ8FoaxFfe4ZN7
222,1dyTcli07c77mtQK3ahUZR
222,3hgl7EQwTutSm6PESsB7gZ
222,5TTGoX70AFrTvuEtqHK37S
222,2Na0z2gfN67Rzf0vp74Wi3
222,5QYwIidpvmcqBWYx6hy8AT
222,2mrZYZGmPFV3QOyYPZ1zsn
222,3ExgWVPWOQts9RVBkqpdic
222,5vollujufHY0jMZxx77VWr
222,4fnNBPN9W6AoOYSQS3FJxT
223,35cOyocq8Gb6UcT0NWeTwn
223,0ETWLLoRd6Z4r97h3740C1
223,55mQhobuwtY7lfLAXylg1k
223,77n3jFGqPPxYrEGwrWylNv
223,31YexNcOMVSFTEDGmQusSI
223,1ckLp8lCl8LipXI0ypX72m
224,4frLb7nWtsz2ymBE6k2GRP
224,7sIYHDxjteT6RY29gAGzP2
224,6n3HGiq4v35D6eFOSwqYuo
224,3S6m6J4ExpHdzoV9Pfxa0U
224,0zw61GTy2UXhZbKR7UUqTv
224,0Xek5rqai2jcOWCYWJfVCF
225,6eLQXa6uk2EW8drsiKbABZ
225,6jUgruwAzfIA3HUQIO3wCR
225,2XjoHA58XD0t3qye8bYGU8
225,08dz3ygXyFur6bL7Au8u8J
225,5egF9HPrDT8qWGJGjGXJp5
225,20Xtv4fo9ClcgwEGVrdviG
225,7iPabscOgrBuDkjZAvOVRD
225,7ns16ylM6sbxo9ZWIwyE5d
225,2Jfsw01CDT5XetSFROs9v5
225,6nYlU9iIBRwEnCdXudBJl4
225,2kZoOj1n5vk9BuF0sih58M
225,3vd0wM0US4JSCKJi5Q8Bd6
225,7wTqEW5nrMhvyEhEyTnOMd
226,7wJkgAZNkRMQz1FOMS5z6Y
226,2eqpaZGKGBdhcKzRKyKnyC
226,66mVPWmFvXPFf8pjK5ttOW
226,0cYohCh24y1aMjJmcS9RBl
226,2XQnrr8gsvuGcJmPfk18iE
226,0IabpxMpUV7waD7U4uDIMJ
226,0vFOzaXqZHahrZp6enQwQb
226,1ODFVLQszq0hCOdZtqV5wq
226,6xCKXznjcHv2hZWDA0pRIe
226,7Eg4LsQTM6QOqeCS8EihZI
226,3yM4sIOrG4UOJve2fQU7Zc
226,5h68SoVFGleijCtjEja3xG
226,1Lo0QY9cvc8sUB2vnIOxDT
226,0WZFN4E8HrmGUU0EMyKQ8c
226,4Cdb1dE3pfiWlqnAIcImyQ
226,2bL2gyO6kBdLkNSkxXNh6x
226,6dOtVTDdiauQNBQEDOtlAB
226,3NhstUmrlhaN1M6hP8zMbb
226,6TapyDFlRUlZ4cmIaqJx4k
227,6ybxYbfq1BVsVk5F3R1kes
227,6LgJvl0Xdtc73RJ1mmpotq
227,46tfxn5lP7Qsbz7NHsj9iu
227,1S9tfxdFr4TqoqA14gnKj3
227,3GVkPk8mqxz0itaAriG1L7
227,0DougW6R5ZoPKhOMGFBmRq
227,28qWjMf2SlziunHhXj2jx5
227,5HAjss9faCAowGY8dM24r6
227,0lJNSfWnwJMIh94Dv9jQUt
227,3GWUv0TDO5E3cHfsxYeptt
227,4E63weMCaNZuGPEFMnuEi8
228,0CsR9Y9SnC6ZWmekmVqSHz
228,1jgTiNob5cVyXeJ3WgX5bL
228,5O2WP1NItY8oqe6UsXrJ0X
228,1CPZ5BxNNd0n0nF4Orb9JS
228,2cm5JHPVzXyrWPtIZZi1Gh
228,4pcafPzLDSqQktqSpxHL3E
229,4AhZSJyGTfYqUnFjn5eGQa
229,57TEkZN3f84tFJFHFrD4pO
229,1ExfPZEiahqhLyajhybFeS
229,2EqlS6tkEnglzr7tkKAAYD
229,5TvFfDlVoUWZvfqrhTJzD7
229,36t9gWH3NGsrjP9jlaK1Dw
229,0xxzdAyWcJNHdVDDuHq1qS
230,57TEkZN3f84tFJFHFrD4pO
231,0wihfILRNOwE2156Shezc8
231,4Pqli6waH1jw7y5DluZnBh
231,1eLSF6HfrRA0AsNmTkUlKx
231,5WFJ17ke5ldHuM0X3J5ddz
231,26QApq0cuO9brJigr0C0W4
231,39SCYi7s8rMyUR2df771Vf
231,1ZMiCix7XSAbfAJlEZWMCp
231,0Ed7MeXx64f6OcIuoTRCg1
231,66h8hB4In6t725WtAPL23J
231,7yjPDFhCUFGa90GKORcUTY
231,24YmWQgunJGAU8El3ndkyn
231,4evMMKc2HD6fV9slMfgkMx
231,1BpKJw4RZxaFB88NE5uxXf
231,1G391cbiT3v3Cywg8T7DM1
231,799KrpEbhZp0MHeiA8YK9P
231,4UwqOWDpdeIDVQDuKT6iza
231,346SJSEbB6pNZMpwovxDiu
232,7qjZnBKE73H4Oxkopwulqe
232,7ySUcLPVX7KudhnmNcgY2D
232,1Q5ckQPz1tsDu2XrFPX8xr
232,5HAjss9faCAowGY8dM24r6
232,0hKtu53OlIFXVuYkZwcn3o
232,0XkZmBCCcdMY0EPY8ij6Gb
232,6Wr4xBLqAAXHrtiUghxEwL
232,6HU7h9RYOaPRFeh0R3UeAr
232,6SQLk9HSNketfgs2AyIiMs
232,3LWVXp636uLT356Rj08Jaz
232,4GL9GMX9t7Qkprvf1YighZ
233,6qpXXoysarNXgyJ5oWPWN1
233,4UEuIEv9Wc3wtiWUplGJ7q
233,1s9xuJxhYM0LdVqksjegcg
233,6uvh0In7u1Xn4HgxOfAn8O
233,7CZyCXKG6d5ALeq41sLzbw
233,3gnDoaJUgD9Bblzld77Kcp
233,2Sjx8DWZO5zaTyTAmgo2gY
233,3HWDWyIqWuLsTHECx9DvXF
233,1dw7qShk971xMD6r6mA4VN
233,43Bcg5ckW8WchRzyPZA0u1
233,2o1pb13quMReXZqE7jWsgq
233,0vjeOZ3Ft5jvAi9SBFJm1j
233,0N5iX9O78Wsg0bzaU9qHIL
233,0hhzNPE68LWLfgZwdpxVdR
233,46aZJc0z1HHHSFxaIRxYSP
233,3hgl7EQwTutSm6PESsB7gZ
233,1NhjYYcYTRywc0di98xHxf
233,6zHecELSAUYPCmYY8qHuOy
234,2DRMuw0U0QbkVQxWxdJV3M
234,23xx852ectQgmp1G78zSpd
234,4x1iqAZIrfetO4o45KHhcC
234,6WgxXdBZrtdQFGBcxQxpiv
234,70yhaHLp9STtzI2Kzba6Tr
234,2NmaDAnnP9zspaHLc5aSjb
234,0VaeksJaXy5R1nvcTMh3Xk
234,48DKpTEVJ2pAjxQbWTad3q
234,5Y9fnynLlIvqtM710MHzfz
234,0IRZwSCWFdT5D8hNCXHzZX
235,5BZsQlgw21vDOAjoqkNgKb
235,1V15l05snHYHYVxerjMFGo
235,2cZrrQMjB63c0iIugYH9zS
235,07ACyen8ZVO9SNwaQjxyRy
235,1E5Xu8dur0fAjSP1VpVhAZ
235,45mVT3DCE7AATXgESSdfee
235,0p5UWw5wVyzPOgCIx5T0tn
235,2SiXAy7TuUkycRVbbWDEpo
235,3K07bGe8iljQ3mOKArHLDo
235,2YWtcWi3a83pdEg3Gif4Pd
236,0TxOB9JSgYXjPVR6uWAyfM
236,3Dv1eDb0MEgF93GpLXlucZ
236,6FPQabaldvKE5cjqRfY9Os
236,5YZgFW1hURKX02zTayrpGI
236,5e9TFTbltYBg2xThimr0rU
236,5O2WP1NItY8oqe6UsXrJ0X
236,7vPsviPvbWsFd9VuftF5JT
236,6LQzYkmd8ADbKOOEVDnlG4
236,7fJuCt1TqIKpkKLPMUBXK7
236,69ZaPBHhRMRDjRpW1ivnOU
236,4rlQza35DE4Prh5yonxnCs
236,6wHpLMmp98aHcV8L1JFrj8
236,1sOW4PuG5X3Ie3EXUhAopJ
236,098ttCNmncrO4YvqWUNMvn
236,4H6s1mTZcjHAMU36ZF3Xoz
236,3BZUM1xojiL3TvRo3T50R9
236,056DYwe3xS0Feo8miYtJEO
236,7uJH0YdSZL6psjxI6Xy08b
237,6G8kHiVZ1jW7vHMPVRNZU0
237,4WFgvKVfEhb3IUAFGrutTR
237,6Vy64jL0YcpfQPDlI1Hn1p
237,5Uhp06JvYCjTLJkkIRUAQP
237,3BprrMTQ3IlFvHW8oFTTQ1
237,7D0RhFcb3CrfPuTJ0obrod
237,0NRHj8hDwwmSPaA41o379r
237,1TsiwVwHhLgVK8sxBchINM
237,0EgkVzDidmq4MP57jZFeik
237,0OEe83mMZ5kaNw5uZQ7ilG
237,65X7IUg2rPy57wK7mnVNqS
237,1PIgY9ybyFT9uWLM5POYGY
237,1XewSNzDnNkkNbEBnb0v9B
237,1ZY1PqizIl78geGM4xWlEA
237,7v9Q0dAb9t7h8gJOkcJHay
237,5NU40QTlXrDUJzDBdv79bg
237,4seJa0pAQbNlbhYzxXLvm1
238,7rVmzyFA7f4rNGl9onF21E
238,0pvZCv4JOS5WBu7JITYef6
238,5xIDCYGTyLaDkiaaulVPcJ
238,23SZWX2IaDnxmhFsSLvkG2
238,28heol5hhOGj6KYbJrRteJ
238,4p2newrzzjPdXIENDqlCCW
238,5GUYJTQap5F3RDQiCOJhrS
238,7ghKr0pCYyPPyp7t1FH8k4
238,7wBThXx7BGZHJJ3aN3OPvv
238,0DBYW9lHjTTz55gIt63IB9
238,5LW4Z3Mz4CUliB4b6YyC7K
238,1RC9slv335IfLce5vt9KTW
238,0q75NwOoFiARAVp4EXU4Bs
238,2VdT56BGpdqNHUgOe1j5vc
238,1d5dIwX0QGabBASb3gI3VA
238,142PiXzA84lmEw2RstFHFa
238,1EWKlsk5xEsDnejpkPkFVZ
238,1qjuoKVHOMpGfHMzLpdGL7
238,1ghvzmzpx2nnrbx7wtpMgo
238,0C80GCp0mMuBzLf3EAXqxv
238,1IzCS4zuowRsXu4YS8caOB
238,30zRVzH3FUvbtqYwLvd5fc
238,3vThV17aiX6dGokusu6j8N
239,3Lfiu5sZ4M4B6JaKMBc0FU
239,5gGz4XkNZV335nYgs34Ro7
239,51RN0kzWd7xeR4th5HsEtW
239,2Ch7LmS7r2Gy2kc64wv3Bz
239,3fqwjXwUGN6vbzIwvyFMhx
239,4wlmbB1rquZGIvgtQndhXm
239,1qaWM3wK6aZZALpAPVdZ6D
239,3SH1vOTwgg5Ma1NhHaXvrA
239,6rBsmp96jxTRpFqQEfxAdY
239,5BZsQlgw21vDOAjoqkNgKb
239,6dGnYIeXmHdcikdzNNDMm2
239,0ZZ4nTGGQrNlTDbr0iPS3k
239,5enxwA8aAbwZbf5qCHORXi
239,4txKMpsSfZRV6durPuHVq0
239,6n05BgVkxxz2k5ICZYa2PH
239,1DTRUYVd8rYpla9hhVVwjo
239,4VCbgIdr8ptegWeJpqLVHH
239,61xjj1xvLBn43Jn2E3RzbB
239,01Ch5LzVStxCFPKkT1xg6k
239,4KgTrzmfiWNcVneh2Dd1Ou
239,6uC9fa50cFyDOc1BTOLXiM
239,2F3N9tdombb64aW6VtZOdo
239,2oKoID9gumVTvPKuropmyS
239,2v0AG62ZHtD3I4YmTb3WYM
240,4HsaoezrUA96qMzDK3ZWnq
240,1BxfuPKGuaTgP7aM0Bbdwr
240,0t3ZvGKlmYmVsDzBJAXK8C
240,5b5cPscqVEMChvDqscVw26
240,6xcz5MXwY36hItZg5PZj78
240,5Uc07fEUpjjFcLEIleEHkJ
240,44Du2IM1bGY7dicmLfXbUs
240,2vgUijXOTRMnWXDtvgMp2b
240,4pcafPzLDSqQktqSpxHL3E
240,0XZHZslvxrByI84hFYWyXS
240,3NuLxTXowTRcguTh9RsPmM
240,5yzKUcC2oclY3CwC8Hvjk3
240,7fQcHMvGAfvNXFq80n7X23
240,5BoOzegGrg5XFRR8UBDtkF
240,1HcXfOHPGMVr2aZiGLBXiE
240,7J2gyNghNTzl4EsLhXp01Q
240,3nsfB1vus2qaloUdcBZvDu
241,1CTVk3GInRIYtWjC0BFPEv
241,0DWdj2oZMBFSzRsi2Cvfzf
241,23d8v6tU6lR77pFKsApMtF
241,0m1KYWlT6LhFRBDVq9UNx4
241,01SfTM5nfCou5gQL70r6gs
241,3G5iN5QBqMeXx3uZPy8tgB
241,4NGS3j6JmOx6VUaXt6VQbj
241,0YsIYFRoxkmEvbKCwTp0Tg
241,6jbYpRPTEFl1HFKHk1IC0m
241,28q0pUwcJRS2tGZsYH6xL5
241,5Ve4qBYAThGLTOva0hhoTa
241,38bbpkFcxgjupISR0K94UU
241,3pmP3hLi7HYOZYCuxZm1aE
241,2IXltsrRPTEeCjy8mH9UAm
241,6IZvVAP7VPPnsGX6bvgkqg
241,4lqJsJd7kqWVvamQ4aFHA8
241,3NLnwwAQbbFKcEcV8hDItk
241,2ipIPsgrgd0j2beDf4Ki70
241,0kPhTGl84wcSzdTareTroP
241,05jQUgTm40hzAw5uqOy0ob
241,2QzKAF0y1BQhxwg8N05Uog
241,5tPZxJzgR75cBrD9GyEVB4
241,1wa6QQsdSE3X2GbRljGpFk
241,2uQ4px5SPONsgcUpulywIQ
242,5P3yUXUC9rZPJPNmYGKEAz
242,4KFY4EEv9CN6ivrzD6vEvg
242,2a1iMaoWQ5MnvLFBDv4qkf
242,1zB4vmk8tFRmM9UULNzbLB
242,0fMjldiEpgjbWQ4bBQwVzH
242,348cSuo1eooBe21AzdjAqy
242,1dD1aarWotVIiFo5gGdMc2
242,7KGwRAF99Ryell3B2T4DKy
242,4e9eGQYsOiBcftrWXwsVco
242,0wwPcA6wtMf6HUMpIRdeP7
242,1AZwVoUx3UF5JbkUeMSUGe
242,4EQkcrSLF3QdlwNca7sMXY
242,3mLh9nWNU7GJhAFFyi5IFn
242,6f8wbdo8KU5ETWJA7lapgS
242,1tDWVeCR9oWGX8d5J9rswk
242,57TEkZN3f84tFJFHFrD4pO
242,1Rweq7vNjK4kZBbGrmxQsl
242,5QVVjX0ZItqlVpEuVCM9Yg
243,22EFPvJx2ZWMIi6npEkehZ
243,0hKtu53OlIFXVuYkZwcn3o
243,1tTEcJKC5uAtIoPrWCkmXZ
243,7u6DMPznGbpziuEgCE0JGQ
243,5KfJvZ0PZzRdwFRaTUDAA7
243,0TDLuuLlV54CkRRUOahJb4
243,1ZyudLFv35SRvY5SvTZqJx
243,37JISltgxizbDAyNEEqkTY
243,11OPriDpmUrTMTji52ta17
243,73D5hBkiVZkopZrmBZTBWf
244,7yRlmQTjZ5pdtlq7ska9mj
244,5Vt2oXZbkQgFWH1Tih1okV
244,60RgDM1qDQ22HpfsK9Ul4h
244,4evLyY5Ue1Wesc61t2KXAU
244,5bQLsyTrUaMQRfr6whwGe5
244,1QPreu0BNOrUfEb8HTd2qG
244,69uxyAqqPIsUyTO8txoP2M
244,5mSRLKGJ0Uc7FW7SlJFKaP
244,2aOPvzjpMwikBgngKcxsA9
244,2VdT56BGpdqNHUgOe1j5vc
244,6CN3e26iQSj1N5lomh0mfO
244,2j1pS3652hBdC3UtR16YzP
244,7lgvU7WnwcNZ8dbGUz8yhP
244,5KfJvZ0PZzRdwFRaTUDAA7
244,16bHRxM89ue0TiCKARYbRp
244,2d6m2F4I7wCuAKtSsdhh83
244,7cMFjxhbXBpOlais7KMF3j
244,6VNXmo59yDYgcwLS17UNAW
245,1zB4vmk8tFRmM9UULNzbLB
245,76gcXhY3Zv6wW0BTe9nHJo
245,5B3GZOZYXNzWpUXQC42hxZ
245,3jg8bevUzKYONDLBBQquif
245,4keKaI4pVDsW9S7HUIq8qf
245,5KfJvZ0PZzRdwFRaTUDAA7
245,59KOoHFcw5XfICnO57holu
245,6rjtB7KSIiJ6v9vrACMlqF
245,1ODFVLQszq0hCOdZtqV5wq
245,3U5HfQM00maTYSthHtV59L
245,6iaSML1PIYq936g62BDtBq
245,4D6TpthzUVNTjWQqfBW5Kb
245,6W9l02gRsXVxzIuQC1oc1X
245,21PQHLrBFov0x9HaD3ZQ7B
245,0HEytGQM3bG1vKxER7IgVK
245,5Z8ln2LBtxFcLqFgZz8iyR
245,6wNUBZNWFxdUGof6vkaykE
245,55N0YHhO55Q1lWsc4dDPcI
245,1m7j6RWUxeBzTOY4hcWsoj
245,3goYw6YHoCjA1sfBzpdgzH
245,7eQj6r5PIdYKEIZjucBMcq
245,3kj14iUwv0rvTweOr9P2ut
245,7wTqEW5nrMhvyEhEyTnOMd
245,3LbZIhU0smEU5SUnxod4j4
246,6AzCBeiDuUXGXjznBufswB
246,7KGwRAF99Ryell3B2T4DKy
246,4UEuIEv9Wc3wtiWUplGJ7q
246,3xytfOwki3uHqzhvMWI6HN
246,4mFcwFOlSCxp6hjemRXwpd
246,2Wj1cS0hUzWrQPzYgZJj94
246,2J0NXdHr6MYvKDSxB7k3V2
246,6K07Ahf6V7CAQn0ikrOztl
246,0fv2KH6hac06J86hBUTcSf
247,5PAKAADzrSpMDxcaRpSDCm
247,16dUQ4quIHDe4ZZ0wF1EMN
247,5Fohh8kl8403DSoq4KH7Ll
247,3fpWkbEZMP1BgOOfymwoaS
247,5iyZwawawLjHYpX4MxUKVF
247,0ada5XsQGLPUVbmTCkAP49
247,6CfrYuD3YRDYdYvH9jNtXY
247,03L2AoiRbWhvt7BDMx1jUB
247,7F9cT6hIRhnFCYP6GKS0tf
247,5oLZOjxUHhbcB5Xv9OPOqO
247,4SZepBIPDRwPaHIjAKwRDb
247,1NQCwdW8bpcq3XtJgPpmlT
247,2XZ9uajzTcPdawYfVadFWa
247,4Y9Ge3i5r0vgFAZq653Yx3
247,4IQkfUsrwXol38VV3U7t7T
247,3yfqSUWxFvZELEM4PmlwIR
247,0aGQHMr7bc23Y9Ts84ffop
247,2JiHR4gCDjXwYVRDmwdk95
247,6KJUSJHXRrTjSMpi9PzjEy
247,2KLwPaRDOB87XOYAT2fgxh
247,28qWjMf2SlziunHhXj2jx5
247,0IhMkvwh9SBreIrTVtXCTf
247,7JgNAnCjJvL8hBR1kmCOFF
248,3hgl7EQwTutSm6PESsB7gZ
248,7140BL0vb51Y52HZ77VgZ5
248,2oKoID9gumVTvPKuropmyS
248,28qWjMf2SlziunHhXj2jx5
248,74cq6AFbsKdUVZMpG2TPEr
248,0jcaePBlr0xfsBn3RMiF2x
248,5XeMsYb1rWxQL1bUUaZajn
248,4WPyOlL7E6ckUcCUzIKNJe
248,33gSkDn6P9uS7ofaYiyBP6
248,2sXaZphe2LlqAyZVKvHbU1
248,1cQQB9z7fNQQ2VzSkslt7Y
248,5jgvoAw4cyAYdxhPN7zwZb
248,2PeB3kosc35XamDfXy3eAc
248,1tZcw7GtIqviL32bzaKdSo
248,33zbOXJSwW7uf4VXXWow2O
248,6SYSu569pfYdkDT9A5lZqi
248,60ynsPSSKe6O3sfwRnIBRf
248,1mjAD7IYvI5UGiB7WnppMf
248,6vSRW8utiYAdoCfJG2v86r
248,2eQFYGegTZaObk2kuBz83Z
248,57jayqtClHRLIQ3mAFjvgZ
249,66h8hB4In6t725WtAPL23J
249,3jUDqkHatwtprUmZ8epP8P
250,2v0AG62ZHtD3I4YmTb3WYM
250,2c06k72cZ1oUwh3xv1hxG4
250,2nvC4i2aMo4CzRjRflysah
250,2XZ9uajzTcPdawYfVadFWa
250,7gMfVc4zfNIxuMyMGglOHa
250,5b2FFKC64kxqcfaFnIZxoM
250,28qA8y1sz0FTuSapsCxNOG
250,0nafF9MxcXJBQWv3BTKtdF
250,2G9IqD0eydBfEaQlNTjij8
250,5uPvflN6t4ORihIjTHIQOu
250,17yrCsl1Ai6CZLBmGj6d6p
251,4bpvghnZgwRbYSCaVUR3xB
251,1OjNUHE1W7Cxeph9DJzKbe
252,27xkOIER6uDLKALIelHylZ
252,651EWgRMSL0JI23zphNwKY
252,2dHHgzDwk4BJdRwy9uXhTO
252,71pEiUWwfDFiRO6RmFpnBf
252,5TRZnGsX49uCZkXxIbD7Ru
253,5BR3N53buXtSwzBdr80DGs
253,44tGQHHdm4JhCbMugPr2Vd
253,0snQkGI5qnAmohLE7jTsTn
253,4EuaDcxHmHKS6gZ5iuGba0
253,4BDnfINTlfJPmLp1UV6CXt
253,35YyxFpE0ZTOoqFx5bADW8
253,52ojopYMUzeNcudsoz7O9D
253,02cRoSfWU3RJNFyU3o4lhV
253,4IO2X2YoXoUMv0M2rwomLC
253,7rC5Pl8rQSX4myONQHYPBK
253,2KrpmVncX2Ht0Lw8zqpVaT
253,0k1WUmIRnG3xU6fvvDVfRG
253,328p9YLeNTjWUnL6qCXqmv
253,3jjujdWJ72nww5eGnfs2E7
253,4q7y1JFDBJSBSLqXVgcI51
253,6AzCBeiDuUXGXjznBufswB
253,5pXui9rkf5W90DgZobuDiK
254,4JJ5zGKnb1IpERyBrfmb1y
254,13nQ70PnhDnTkYqCmdg3sy
254,469v2YvryJ3zKe7IdzYOlj
254,3MptiayBkOJblyC8geSXPE
254,0W6I02J9xcqK8MtSeosEXb
254,30C1FoJzEhNUILsxghioGz
254,3M0lSi5WW79CXQamgSBIjx
254,4d9PtIEVij9jW5OaLinH66
254,5drW6PGRxkE6MxttzVLNk5
254,4E63weMCaNZuGPEFMnuEi8
254,0InIeZW4P6VO7dUGRM4AKH
254,4NoOME4Dhf4xgxbHDT7VGe
254,5P3yUXUC9rZPJPNmYGKEAz
254,1ijJHUtNSzqQrWOgh9fkVu
254,6dA1JQt3f3meGzahhNN75m
254,4waPZF96vX1Oz5pzH6dB0h
254,49la9sBOr2hm9T3CZibj22
254,03rcC8SVxCa9UdY5qgkITe
254,7y3xU9vEC1s8DSuuoSYKih
254,6ZSxG2QvGmwXbTfn7iDq7a
254,5b6zjsBrZCqe6RFycLz2tc
255,1HCdems7PQZRj42QDWLA0A
255,234urkhwYweGoBUxbi4jj8
255,7mXuWTczZNxG5EDcjFEuJR
255,2pM3EaNKFnpa646xtCiREJ
255,0DMVrlMUn01M0IcpDbwgu7
255,1y3r6RXiJZNBV1EI0NggpS
255,2jfxh4Rh0IVnoh8052SeQe
255,3rWDp9tBPQR9z6U5YyRSK4
255,1oPhkzw5Jt2izQmKj7CkVO
255,1dGr1c8CrMLDpV6mPbImSI
255,51RN0kzWd7xeR4th5HsEtW
255,4Hff1IjRbLGeLgFgxvHflk
255,0Sr7ssScx54yxdM2ols7nW
255,0sLIvKgLBMCg7Ncj7y5IfS
255,3mFNc5EQn30irR983Wg9OD
255,6Ova4U0AcZrDqTaP0BWDjg
255,6jPFaBQGvDFrcyf5kQAJ6G
255,4xXLSKNYTHLN00eZEzbqLr
255,6wbbeA1FcbqXiJs7aIA8x7
255,41sTEjHxztd0AwF7Dn0HJe
256,17wt2Rnlnn6jR6yGY5CcAV
256,7mo71jiMK8N3I0A2HucGEE
256,0iO2iCAjtX0t5duvczNQt6
256,3CEk3KwDixeCKOVPacup7L
256,2OWVCFTolecLiGZPquvWvT
256,6vSRW8utiYAdoCfJG2v86r
256,3T03rPwlL8NVk1yIaxeD8U
256,5jTIePmUbBUVjJnpZeGiM3
256,28xOPIPw0joNPwYd0asIT5
256,5YanmSgudc0CaxZrn40YnM
256,51hyZpbJlIgZIaX3TtMxmu
256,7KGwRAF99Ryell3B2T4DKy
256,0xGZjxYqcNQ8WqxyeZ4eSN
256,1A2vZKJZovt4828jwLgiB3
256,38bbpkFcxgjupISR0K94UU
256,2yazRoolWXk58jAmKgxcDd
256,61S79KIVA4I9FXbnsylEHT
256,363cVHJDjrYIkN5HcIAGCx
256,69ZaPBHhRMRDjRpW1ivnOU
256,5F94xbz85nE6wfZGHqOMCG
257,6GeD5g9vZTz25Egf8kxoIY
257,53zCCom4uEoIBaOAEJtjUL
257,2uYnktBpKbr8YuiLit7WiZ
257,4iJyoBOLtHqaGxP12qzhQI
257,5LW4Z3Mz4CUliB4b6YyC7K
257,0mNzElhEofvgMWAJoOA4q9
257,2Iv6YBslkxslMJQsxshZh5
257,7AeM1BGYM7emrqmQn1PuWv
257,2De1EHbIhepIVLHZ16bySE
257,1j9lI5MkLFayW9ojc7S5Zt
257,2gSVKxPDww9Eep5rdvtdem
258,6FRKxwDHTDGr1lqQ0SEprH
258,77sMIMlNaSURUAXq5coCxE
258,0GcWf1Cc4ixN35D3O9VdcP
258,4UBKe75v9DYcehHirq4ot4
258,4xqrdfXkTW4T0RauPLv3WA
258,17RMnDmv5CEo3s0tmipRyb
258,1qKCO2Tocwg8CbepJ9uDtd
258,38bbpkFcxgjupISR0K94UU
258,2x0WlnmfG39ZuDmstl9xfX
258,6Y9DeC4Z9R9scRPg7r11pl
258,35TyJIMR3xRouUuo2sjS6v
258,5JiH89mHrv9oWHlD0T326z
258,1nW0lHGLpE1iQDP5Nvt3x1
258,4EJFCpthcrP6oOUUXQZ22Z
258,11qa6plS660rrrkf6VJ3cX
258,4VAngYbLewVFpcLR9FpYfR
258,03rcC8SVxCa9UdY5qgkITe
258,1PDP7mLiAMwhfmgIwzhOm2
259,7io19rjxOFu3pGuZgBI6Pk
260,4lqJsJd7kqWVvamQ4aFHA8
261,09LrGvT9KsACH66RHYMDyR
261,1V15l05snHYHYVxerjMFGo
261,74cq6AFbsKdUVZMpG2TPEr
261,1Iq8oo9XkmmvCQiGOfORiz
261,1whs2eO84P6NRtmDQN2YTl
261,3JVVBG4lyaUX2Mvxaw9viu
261,3IkEM7cjZ8FZtmVFq1q03c
261,0R6Jlsq25eZB3Wftpxi3oF
261,0QepvU0N2fC2B5uIPafO1q
261,1Vot6YSxInL52SGTN0XN9n
261,5AezhHjX3R1bmxcAEgrFpS
261,1gHF0I223J5pv06SuBcmkz
261,4WWUSzyxCUengfmWvKCdhR
261,3y4q6bBdbXsTIaPiwiiUfy
261,57ELn9TPDIhrpl0dasS465
261,7y2mezWO3hkfyugI2s9WQp
261,4gtjUlg2vc9eY58zW7qDWK
261,5h9hkYIBWTZYFRmF6Iz1gt
261,6jDT7DB6k0psPX0nWNDI1K
261,6UjfByV1lDLW0SOVQA4NAi
261,6CfrYuD3YRDYdYvH9jNtXY
261,3lKQa3ogkLniPYoKK5qMuV
262,4MZSqgwlE71CWZ6qQ3gkKm
262,6BJbOXDlgVAXSaq6wYFYT2
262,3JGtEMktx8XnEVjVUYgU0M
262,3NLnwwAQbbFKcEcV8hDItk
263,70LcF31zb1H0PyJoS1Sx1r
263,4fnNBPN9W6AoOYSQS3FJxT
263,5ho7VSXSmI2KM2nDjcnLyz
263,6i6whmV36EJmxs5zFahMrb
263,4EDijkJdHBZZ0GwJ12iTAj
263,03j354P848KtNU2FVSwkDG
263,6a4GH1gljLL7VvmO9u5O92
263,2XjoHA58XD0t3qye8bYGU8
263,4PEE4636THWsrLS1ypND52
263,0d28khcov6AiegSCpG5TuT
263,7Ca5yTC81P0AtRnNKHKzwJ
263,4mHM5d2fK3n8xgymjf92w2
263,3JsydWaf2Ev4ehaLUjj3SY
263,5ylJtmaWPJ33cW3En7WOu0
263,7JgNAnCjJvL8hBR1kmCOFF
263,18ws4dUbhpoGB7Uv7U89yp
263,11L064movtyopGdLiX4sVg
263,2wIcebwzceIwgonsDICx6P
263,4E63weMCaNZuGPEFMnuEi8
263,2m3ObD945KvpE5y9A1eUWm
264,4ZPdLEztrlZqbJkgHNw54L
264,4cRBqWBjuccCowYVHFlXK6
264,2AT8iROs4FQueDv2c8q2KE
264,29YW2xXlo6Pc6M0SBTCXYN
264,7zpWphO4K5Z7zdN22spkCI
264,51LeDAMy6nWqKdjVo7jK4j
264,469v2YvryJ3zKe7IdzYOlj
264,3i058E8uxTsYqJ5NWZzqSj
264,5ONOlTiqymhzwcFjqcIT6E
264,3IEvQ1CzszUJtTRLmmMJ2X
264,0pqnGHJpmpxLKifKRmU6WP
265,3NbTQ8ZbHU6MSEVUFAVCJ9
265,1nahzW3kfMuwReTka28tH5
265,7AvprzMsRJpybaalckaT8c
265,39q69v4D15oSshBmlJrkmW
265,0Lt04pLGDo0EnmguFgpv5C
265,2fPvQfGQEZOKtJ9qXeL4x8
265,6nrSo5ZWhsai0oeX257rRF
265,4dfvPFbLEa6JzZV4dZTWt7
265,51sN3VDJBVmKJVgp0trc7M
265,24BNgrtp6Fag4M5BQPEgsV
265,7ydu79RLStYQTOi1OM6Dvg
265,4Lojbtk7XNMdSKRHSFbdkm
265,5KD6AEm19QnMbfWpfoOHMl
265,5imsnhkfPCm3wajS9ksb21
265,0lodMO0qK83vfPiiD7FMEt
265,5WFJ17ke5ldHuM0X3J5ddz
265,7aWiJeMyxxPEyjwvZyauAF
265,4UBKe75v9DYcehHirq4ot4
265,4QSCkYRmv06vKZjXPoarXz
265,4E63weMCaNZuGPEFMnuEi8
265,3U5HfQM00maTYSthHtV59L
265,2O5j27YkttbDS68wVuBjyy
265,1tZcw7GtIqviL32bzaKdSo
265,0C80GCp0mMuBzLf3EAXqxv
265,2G7V7zsVDxg1yRsu7Ew9RJ
266,5JAYDuLRkODlVt6dgoalKk
266,0nj9Bq5sHDiTxSHunhgkFb
266,34PFCxQHHROuFl2OsDCvxH
266,1WVunZLZM2zLTm5rAvKZkF
266,6MYMoJJFzRb1R7hRR2iYL1
266,2CnjDMdpRjlWv04Xk3s6MW
266,1kUyOJb3fzUo8r0OCz5SQk
266,3zTnSPti5JjNsowJH4SS3u
266,24Z0qiHUR9cTB4UfGUqCnj
266,55uX7uGvi9LNkIcY087lYy
266,1IF3hx6HU46Pitm0dOdVJO
266,4kP50JQmyFrl9pLSmnFPZr
266,2NcQic8JxdjAlAHuNbOIRE
266,10nyNJ6zNy2YVYLrcwLccB
266,2XXwLdtuAcE0HSCu61ijAb
266,0XrPZPotxZNDkuvauuVO8R
266,2zScQCfO2BKtR0Yk8dtELN
266,5J7teKIJGtqVypgYI6sqXj
266,6pDVjCUA3B1vg9waKutAsv
267,2gzLHBLh9IWhswffneqHbl
267,1RzjXhgnzqb3dMa5852itx
267,0t2Y8BKBhtHQTOW7nzyIc0
267,4xRxYWgAtL6pzRz94GlZlA
267,0nafF9MxcXJBQWv3BTKtdF
267,13djc4bqGG8n26PmsAuByA
267,7gCautqfD7CCdrN33GrRd8
267,1JcIXOir94YUYBt2cXTzn2
268,4VCbgIdr8ptegWeJpqLVHH
268,62do2KJoJLf6wEpHkPGXTu
269,6MgKLLyCDKkmQF8PBB5zst
269,1A2vZKJZovt4828jwLgiB3
269,7wBJfHzpfI3032CSD7CE2m
269,0GROiXm03OrMC5ltXLhGIu
269,3fqwjXwUGN6vbzIwvyFMhx
269,5e4LIAQI0bClLazNf2gZV0
269,5DIZg9QqSdzgHmkZ2k2F1a
269,20MuVazoNMv6xjKPnRFOxG
269,5k7JSycp97vL45zSOoUsTE
269,6RZmhpvukfyeSURhf4kZ0d
269,0CySZwyRJ0vyUqtSjM9i2k
269,1xOXXYh6lTW8laxlW7JP2J
269,5wPyd3IQAZft1vmxoIqGrU
269,5fHrHoJKfCgBd35zwIBmUK
269,30Y4CV7A6YqtQtTTo7Ue4j
270,0NrtwAmRAdLxua31SzHvXr
270,49fAstHTYCiXuPR8mN7wFT
270,1BosA2iQr78Frmq8tvJPLU
270,5g8frSfNnBYjSpLkLtFnCd
270,5b4r2u2cTLeVNvbi2jCley
270,7oTE1KmtU2ml9zBhv9Reao
270,2xDHUsWEsH33sKbFqDZPFj
270,7BRD7x5pt8Lqa1eGYC4dzj
270,0zv2PnKhjfLAbfwsw7cXG0
270,6SaSFVlIQC1L6Fh1QKLeFi
270,4gMgiXfqyzZLMhsksGmbQV
270,1SymEzIT3H8UZfibCs3TYi
270,15JRvf02KKGHKgC31jrpuh
270,3YkNIrAvbKNrrwwEd7NVLl
270,3y4q6bBdbXsTIaPiwiiUfy
270,5hQSXkFgbxjZo9uCwd11so
270,5hplO2Sk1SaZgSaR05m6Nn
270,5uGjeXi3epIE8N2ITkxIQ5
271,7sOfmPd18RWp3FoCzpa7Kw
271,4BDnfINTlfJPmLp1UV6CXt
272,17wMOhLqVB3DRCmTaLjwVM
272,2DVkYfl2YuOMlRfC98srEG
272,1QPreu0BNOrUfEb8HTd2qG
272,35YyxFpE0ZTOoqFx5bADW8
272,2SVx3uds6jTWALFxevIWMA
272,0ArVfVP8B5svkfj8clHNzB
272,4Jc7252S1P99DjQ1lNGEOc
272,72TFWvU3wUYdUuxejTTIzt
272,4IO2X2YoXoUMv0M2rwomLC
272,1HEwEN64NjgTaHmo7LfkX8
272,1mjMXiWYKSJ5XmJCC0O9HJ
272,5eZrW59C3UgBhkqNlowEID
272,26R3e7bjY6e9dlgghide8L
273,0PcqxbDALEHfw0kAHWlpll
273,3DK6m7It6Pw857FcQftMds
273,4qvsNsA4gQKC9HLrmPC2Vx
273,7qXptgpZGo8AFPhJCBVLFE
273,1ExfPZEiahqhLyajhybFeS
273,2dyyOwe0KxTZTJjjXDeLmU
274,61xjj1xvLBn43Jn2E3RzbB
274,1dlCoq7vdDnuAzo3DYPTY4
274,1CsMKhwEmNnmvHUuO5nryA
274,61yr9YbDKfyZn7zh1ZgUOW
274,4Z8HZSApeddaRM2ovivUj4
274,5KW11tUGHVDBbyoPuqG4U9
274,4kfSXPK13aXkLzuz02hCSC
274,2qYIFDagoAenwAoLeS9FNr
274,3yT3bPR522kvTTIhjebahC
274,4qzoHxgp42ylb18ga1SWTL
274,1i9lZvlaDdWDPyXEE95aiq
274,6r2tV58enH9E8hj2oqoJNK
274,2sdarYql1R0GAdFsdb4LDM
274,5iyE2d4U3Vc5cqY9mPTlpy
274,4n1bdaKwynQndm47x5HqWX
274,6twW4ma6w0mOeejejPK0nY
274,2tGvwE8GcFKwNdAXMnlbfl
274,5RdKO1lsHG9jhbG03LL7cv
274,2G9IqD0eydBfEaQlNTjij8
274,6wkYQMrFfb0huLB5Qn19Iv
274,23d8v6tU6lR77pFKsApMtF
274,1SGt65i9AnXYdDQt1AtDRH
274,27UcQ6dAvQrgH9C880rCM3
275,7D93pJcwymzaZx8WgBo2zG
275,3ExgWVPWOQts9RVBkqpdic
275,16GUMo6u3D2qo9a19AkYct
275,4TUStFzBGQqn0GrkzVWFV4
275,2tHwzyyOLoWSFqYNjeVMzj
275,35TyJIMR3xRouUuo2sjS6v
275,5AnZXEB5IVhU57cJdOtJeX
275,4rO5VOxTbRSRuuwCQ5D1Bl
275,2vKnaui4TdTWlYzCYGy7Gz
275,0QepvU0N2fC2B5uIPafO1q
275,558ubozatFQlweufvHa3Ip
275,40U8d12pC5UHqmHwXjHjjl
275,0rt63HYAAIzUZo5O2D0uA6
275,3gE4eQH3K83Sght0ZLvuBK
275,2LD2gT7gwAurzdQDQtILds
275,1IWDzlzjmhKZQp3dqXfv6W
275,1Rweq7vNjK4kZBbGrmxQsl
275,0nEGX81PCOQyGsXmllrOjI
275,6KfoDhO4XUWSbnyKjNp9c4
276,4hjGZN8poACfjWCK3Og6vY
276,7bDnRNTv04GJwjPaDU4K23
276,6FBPOJLxUZEair6x4kLDhf
276,2vjFTjmvpFjFM01cNdG2ik
276,05aZ9sAU1YXndHv0FMi9iW
276,5qsgK2wcodYCEbgbdCpYOG
276,2HRgqmZQC0MC7GeNuDIXHN
276,3mFNc5EQn30irR983Wg9OD
276,5wANPM4fQCJwkGd4rN57mH
276,69CDsup7hfmoiCjMt9lFNq
276,5VQpJ2AY2iMzrRZKgcvNjh
276,466s1BacUmiRdR3ISvNjyx
276,2XQnrr8gsvuGcJmPfk18iE
276,3HBZIY3FVzXu6YjhExNqWe
276,4rXxjHSAglOynjIF8Z34dx
277,0afhq8XCExXpqazXczTSve
277,02opp1cycqiFNDpLd2o1J3
277,4ZLYmhOdNGMxTW4rMIiyAT
277,14kyXBpg91RVq8bNRDS1q2
277,0WCiI0ddWiu5F2kSHgfw5S
277,66mmit6e95JKU5nEbr5HwX
277,5YZgFW1hURKX02zTayrpGI
277,2CnjDMdpRjlWv04Xk3s6MW
277,5sBDrrtLGbV64QJnEqfjer
277,5Lf9rCqReE9Ri4tZvLRLuy
278,6Re0Nk3A9no6sG9KF3Qomq
278,3TRWJr4S3evnXhXtJ304MC
278,4Of7rzpRpV1mWRbhp5rAqG
278,4V9JDRqKjN8F2HWdlEDxvI
278,6rjtB7KSIiJ6v9vrACMlqF
278,2TOzTqQXNmR2zDJXihjZ2e
278,343YBumqHu19cGoGARUTsd
278,0je57Uq5eTk1wrPzn9sWbl
278,105Fwh9wijwT41rrfgSnrE
278,6dIIwvSCxyixY2y9vJmyVg
278,1QoyuMHNBe7lg3YW4Qtll4
278,5z0LSDpPpGwc2ZyJHpsE3J
278,4Apb0ut2uTYIFxavAczqKd
278,1Pbxsj2tFPWFah3MRvlIx9
278,5jROdl6MhcmP3O7h2sVgtw
278,1UJNbgfTzG1gZZTWFJdMf1
278,6iycYUk3oB0NPMdaDUrN1w
278,70ToiXlzl8N1EgfC07ZcZE
278,1j9rezdE3YeC7yktZXC1em
278,6fPan2saHdFaIHuTSatORv
278,4z3EmveE8ibhBVKBlZvmjp
278,50GxvQA2KEWNt31EdwIlzY
278,3dtBVBClM5ms0qCBBrqpUb
279,0MIcPSq9n2z5H8TAfEstri
279,5imsnhkfPCm3wajS9ksb21
279,4MzXwWMhyBbmu6hOcLVD49
279,2dHHgzDwk4BJdRwy9uXhTO
279,6W5TI43zMynVPc1P1Fgzwr
279,3AMxTv6sNAE4gDfqs1eTI4
279,0yyyapBjZ9Ek1vcpp3e9bj
279,5jTIePmUbBUVjJnpZeGiM3
279,4faHjDxqvO9clYe4grJeeD
279,7sLrrDpHMYNre6uq2LLB2b
279,57g9uWuZI1t822eLvEVQjn
279,5Fohh8kl8403DSoq4KH7Ll
279,4NoOpkVBJsRB2YTiP9vRJD
279,2g6tReTlM2Akp41g0HaeXN
279,7fLzbEOBOae9lUnOwr7Tse
279,1L0z2CQKrKJ2spYSMkfim9
279,5E30LdtzQTGqRvNd7l6kG5
279,0fonaf88IEDQM309zmU80L
279,4PhsKqMdgMEUSstTDAmMpg
279,1bdNW5chWyLIenlLVHY64Z
279,2bTRpIxPniQmrSgwmtF1b2
279,5e9TFTbltYBg2xThimr0rU
280,5SM5amC17V4itA5jxIICjS
280,1Lo0QY9cvc8sUB2vnIOxDT
280,71BqAINEnezjQfxE4VuJfq
280,3gOI5aQD4mOMLsP3aWrkon
280,4hTej08FutmriOs7S1hWWy
280,0rt63HYAAIzUZo5O2D0uA6
280,36t9gWH3NGsrjP9jlaK1Dw
280,4jIPERh3FWrLH6w53dm0JV
280,1R0a2iXumgCiFb7HEZ7gUE
280,58YL9Jo1T0wyijCOZWRmyL
281,42TAweWJJ9YlQ47T5nesu5
281,0hhzNPE68LWLfgZwdpxVdR
281,2Zy7XVdxyZQB8xp5xbpJdl
281,0UvZcEfpzVyx47QsRbjyBz
281,21aDVa64pWR8SYQ7wBRMkd
281,78OTnBQndIIfCswsAIBNFs
281,79x7xtoCLpf6l32Zz6mWo4
281,3GZD6HmiNUhxXYf8Gch723
281,27eOHLIdWzqzZawiRSEi9s
281,475jSz0H6U3duJyNiDS0tT
281,6yl1R2PR8aWZr8etPEqJL8
281,4xR3MAscflQ262kMeiKshQ
281,5r5cp9IpziiIsR6b93vcnQ
281,57pOLYHz6mt5aMkOXa2Gis
281,7H6hs7WkNG48fS3agm63MR
281,0NtuiQlHqh0iVYUIMLEHi4
281,4xdBrk0nFZaP54vvZj0yx7
281,73OIUNKRi2y24Cu9cOLrzM
281,75ZvA4QfFiZvzhj2xkaWAh
281,0LB0SY2DW67uRjbDWcAHMZ
281,4PMqSO5qyjpvzhlLI5GnID
281,2G9IqD0eydBfEaQlNTjij8
281,7pas6O1LYbaeChEFQBhPFU
281,52A8OAP8lTQKZCj4Rce92B
282,1dhMTsEZz6ZEquGvmzVoHn
282,1wthp2KAndNsDPZxEGVNKK
282,26w9NTiE9NGjW1ZvIOd1So
282,7J1dIWmxJoC0hhGFiFWy0s
282,3fqwjXwUGN6vbzIwvyFMhx
282,37F0uwRSrdzkBiuj0D5UHI
282,66P8MvPsqu5sN0UgzLYZrf
282,5HU2B0yEnvg5EUB8FWeoda
282,5pOBhos8Z2v3FGjUPMgUgI
282,20BFo9REyGdCxrlPmD3xph
282,2kYevr8cbIAH2ha8210Bnz
282,5f5r2N4Lp9WoULWPH9zp2W
282,2a8yglXvNw07OWu4lO2ByG
282,6bAVI0vzQI5ERCW8X4QGhU
282,0336UwEBwBBao8uWCuugYr
282,66hayvUbTotekKU3H4ta1f
282,6oVxXO5oQ4pTpO8RSnkzvv
283,3PLTYnLCus4KHeCyW2jsee
283,2kMjk14RmYyYhhSbipoa9U
283,0KtV18BLmyIOYHCSISmVl9
283,4n0JnrS5az8qhhQRuofBfo
283,2Dh9TqU8nHVXKrpep1fWoj
283,3nsxMrnYlfBNotHRevTRgM
284,77B3y931wb0CllQ9mr2OTD
284,4Lojbtk7XNMdSKRHSFbdkm
284,4FpfU1O7WCLBnmwu5XAFk4
284,5pXui9rkf5W90DgZobuDiK
284,5wANPM4fQCJwkGd4rN57mH
284,75n7mraeMycQOl2sDGYaTe
284,4EJFCpthcrP6oOUUXQZ22Z
284,2DXK0YNGSqnaIEX5iaSIoK
284,3G6hD9B2ZHOsgf4WfNu7X1
284,0jyikFM0Umv0KlnrOEKtTG
284,5YqltLsjdqFtvqE7Nrysvs
284,5aHHf6jrqDRb1fcBmue2kn
284,5ho7VSXSmI2KM2nDjcnLyz
284,1dQQ2QlnvXUehsRUrukKmf
284,6taHwllEzlP3ckIoQ1CTmn
284,2xwwY0EN7dtnXzMU8xRDxX
284,7uY8cyuuGiAMaYBZ9mOYxy
284,16x9bQHw8TBNaGDyULvwad
284,5RgFlk1fcClZd0Y4SGYhqH
284,23wfXwnsPZYe5A1xXRHb3J
284,1tHRctr0AkO4WdzT1GN7ZP
284,4b9rqLPiePJzzd5hW9I6f6
285,0d2Ik5rp9Icd1oqn4178x2
285,18JosZY3HzD3lMy6iOOSAY
285,2SLwbpExuoBDZBpjfefCtV
285,7GeTsDIc5ykNB6lORO6Cee
285,3S0G33vWAUkyiHc8cPqzAw
285,1RAeuvRyRzCweAK3jUT0ZW
286,1E5Xu8dur0fAjSP1VpVhAZ
286,17jCFKFqLdUxxXIcLXSvgb
286,5sMEEjviCkH6Rp5X2ZvIIc
286,5wjmqUGN7vrAqFqDWrywlZ
286,5ugcpEprRXs0HnZ1iMFXed
286,6PlDfaiu0l777DqPolHkDQ
286,3CRDbSIZ4r5MsZ0YwxuEkn
286,6eT2V7nKXyMf47TwPbtgAD
286,4KykoaJQ5UxjCpp3lYkvTE
286,2ByBBvpR9b7IynvRmnG7kG
286,4191RXFPa7Ge9XkA4cWlna
286,1CTVk3GInRIYtWjC0BFPEv
286,4dh34dyav8M5jCN3yidn8Z
286,2DVkYfl2YuOMlRfC98srEG
286,0C80GCp0mMuBzLf3EAXqxv
286,03j354P848KtNU2FVSwkDG
286,2XIX01WCkNRqL1gQ5OBgJt
286,0Lmbke3KNVFXtoH2mMSHCw
286,4evLyY5Ue1Wesc61t2KXAU
286,4U1wiRcBOsDvxFbw0hJgq7
286,6rAGFgcGtlIdYxlhDizXNo
287,1xvuA42QBl5ssBHvCwHXwK
287,64zmp5GQVAiEBQV1mwK3Q3
287,2hloaUoRonYssMuqLCBLTX
287,717s9KFmHhyy5t3xkStS56
287,74sb4Gib0cL3TQeCjYF8vh
288,7dB1PiZseXwBZSObScI2nH
288,6gfxE8DH93iLsNDoloANDG
288,2hIQDm9O27oli6krUhdwr9
288,39LmTF9RgyakzSYX8txrow
288,04emojnbYkrRmv5qtJcgVP
288,0a4SMs889NwP8oWI7Vemle
288,7lNmcW2wW6ciV9Rhh8YOMe
288,6vc2Jq2vaGu8z326kSrw92
288,1OjiYjgPZyxS0AiXiSnuYI
288,71AVxv9fJVgGpGZIGcxud3
288,5gC8P6NwgqxcTYnwml5q5j
288,0HG5MkMccOxxaRA5GyezT0
288,39a23fzBmNlAzz7fHok1Jo
288,2J0NXdHr6MYvKDSxB7k3V2
289,1C7KSXR2GVxknex6I4ANco
289,3HCcfBsa4TdiC0so0fPnRi
289,6uaBrivDHCaV0uBTiwHTUi
289,2j1pS3652hBdC3UtR16YzP
290,3sW3oSbzsfecv9XoUdGs7h
290,5g8frSfNnBYjSpLkLtFnCd
290,5rzI6Jnlhx8DgVgsOLorfW
291,5XeMsYb1rWxQL1bUUaZajn
291,4wJ5Qq0jBN4ajy7ouZIV1c
291,1n2wszmJyVkw6FHqyLnQsY
291,0phoKTAvwe0pL1yBdKIucn
291,5fSZXFOZfPVW9gvnnG4ZVW
291,0NFCFdJxEGCGO6EGkFCGgF
291,0809RpHic1xrZzh9CT4wXo
291,12M5uqx0ZuwkpLp5rJim1a
291,1qEmFfgcLObUfQm0j1W2CK
291,5aHHf6jrqDRb1fcBmue2kn
291,33l8KODrIwwt1QthRjvR2w
291,64BbK9SFKH2jk86U3dGj2P
291,0xCA70t1ZA4fa9UOE0lIJm
291,65m7WOTu8fMBFDd1r25VPk
291,4iJyoBOLtHqaGxP12qzhQI
291,15k2nBQJ0teDmPZHrOXL2N
291,1YrY0vjHWp672gt0crtj5A
291,6PJ8FF6UR8FZXfEvpHkIVN
291,11pEKMLmavDu8fxOB5QjbQ
291,3vooOYHU0Fi3ViCG7Ozh0Y
291,0WZFN4E8HrmGUU0EMyKQ8c
292,2nPfKVwhD3ndWpLk7grx0Q
292,0FfX0nofboxZjP0diT1eFv
292,67aaFVnfvFWjxVQMd0jDb5
292,4WuOWVnAqvEQxgSRrspBgt
292,7sA2SKTo1QbTSSYn5YvJC4
292,3NxAG2ni1lLa8RKL6a0INc
292,0tQ9vBYpldCuikPsbgOVKA
292,0je57Uq5eTk1wrPzn9sWbl
292,1n4eqIG0RRUCuPT4vnsVlv
292,4VuS959DSpr82t3qBqCrWG
292,3AsOTlJkROSGG5JL7cjyCw
292,1NQCwdW8bpcq3XtJgPpmlT
292,4wH4dJgrsxONID6KS2tDQM
292,3v8e2n4bFrAeKRKgy3nha1
292,5DLTuH4A5VZB2HKpqHQR6t
292,6YUTL4dYpB9xZO5qExPf05
292,5dGVfomXd5Ncq05wQhHI47
292,56PcHo7KZjdziz0gg3PhdF
292,3nsfB1vus2qaloUdcBZvDu
292,5nayhWICkQGMTkisxVMbRw
292,20Xtv4fo9ClcgwEGVrdviG
292,0gBlPhTZaqY06DHCL9V7W5
292,4bPkBHKLKd9WHizsvM2zV3
292,4z3EmveE8ibhBVKBlZvmjp
293,1dm6z1fWB0cErMszU25dy2
293,0XOnMqLQDO89iAg7dWWwnG
293,70yhaHLp9STtzI2Kzba6Tr
293,4s76r7AbquJcTccqJiqdVu
293,6it15CsDlkqB7N4lF0C1qM
293,0lbDzTINTToToBpkrnQT2t
293,2sdXCmHMlKDx7lQdeXTELW
293,5Lfdb0KKLWKEns27p20uYt
293,2n9fC0A4ptmWqYeMXEVaok
293,3szf2z1Cy1QMrtHrbn8rz9
293,4w2GLmK2wnioVnb5CPQeex
293,4ODF49KbLTq6Ny1tqm3Dk6
293,6CWwdHPWZDshoiplMtx2Jb
293,3Qwd9wK176KgmorU7fCW6S
293,6V8oQXzymTzpEZOsiBiyJT
293,7wJkgAZNkRMQz1FOMS5z6Y
294,3yNJkriPzWjkkDAWHIAVUq
294,2FAVcsbVnddtEbJeUBnnaL
294,00aqkszH1FdUiJJWvX6iEl
294,6SYSu569pfYdkDT9A5lZqi
294,2KrQbq3aqGOFGnkTKnN2XA
294,2gZUPNdnz5Y45eiGxpHGSc
294,6QvHiOp35ylHrYGy2ohuBg
294,3e9HZxeyfWwjeyPAMmWSSQ
294,734WuFbTDxTPMU1lBP6e0M
294,5SxlUF7J8tyFIEF22EomeP
294,6pFqCPdvm6C9IHbJrEu8aG
294,0pNeVovbiZHkulpGeOx1Gj
294,3OMw6qj95yhfeqBIdL0c1g
294,0R23grfg7MaNE9TUpNNQUU
294,1EDJSktmcGoYEZxXAJXVTt
294,5eVG50IlyjSevPsWnSI76r
294,41a7dZcq30Ss5kPMayWRV0
294,34xTFwjPQ1dC6uJmleno7x
294,0IhMkvwh9SBreIrTVtXCTf
294,4Uiw0Sl9yskBaC6P4DcdVD
295,3aO5affZSi1dOB3LMmP9mO
295,76gUmNLXGQVOsGhfcshkFP
295,5CZ40GBx1sQ9agT82CLQCT
295,15ZNcgzsiiSrLQAGzl3le9
295,59654ZK5g8mq1Z6E34qBXp
295,5Zc3d993GDKljZ5d6NNk3b
295,4CkgMiMqZ5JzW9iYXSTMTL
295,6CFJSaEwbJB9m8gCM8nksX
295,7I7JbDv63ZJJsSi24DyJrz
295,0b0Dz0Gi86SVdBxYeiQcCP
295,4JJ5zGKnb1IpERyBrfmb1y
295,2fPvQfGQEZOKtJ9qXeL4x8
296,66hayvUbTotekKU3H4ta1f
296,6xcz5MXwY36hItZg5PZj78
296,5sBDrrtLGbV64QJnEqfjer
296,7F02x6EKYIQV3VcTaTm7oN
296,1xofPJhZcfJCc66P1UAh28
296,3wGn3jUPvRkBcpo52vY72l
296,0w3Mfe4PIVjuFjJbe3OlYv
296,2zIwRUw5iCpgElrEMdPHJm
296,0EZMXJMWf0tLKRWwCiA6Sx
296,4Kwe1rdF9fnnOcGO5Pft6V
296,5KLohKNLMLibqnG0FdmbvX
296,0T1pU1RJETgsv0oBsrM2kt
296,4U45aEWtQhrm8A5mxPaFZ7
296,0ETWLLoRd6Z4r97h3740C1
296,0JZ9lcwFcAscMpy1YxUtpW
296,0wshkEEcJUQU33RSRBb5dv
297,6D8y7Bck8h11byRY88Pt2z
297,042Sl6Mn83JHyLEqdK7uI0
297,1z5ebC9238uGoBgzYyvGpQ
297,58TaFP5j5i9swOf584yon2
297,6bAVI0vzQI5ERCW8X4QGhU
297,31ymlaZzsadVgBae5oMguM
297,4HwDCXsMBC7SUdp2WT4MZP
297,4xRxYWgAtL6pzRz94GlZlA
297,1HAy3OuIEMm7ArA4Ec52ym
297,32FhTAAjKZaBein150o3Px
297,1oPhkzw5Jt2izQmKj7CkVO
297,1LvU6IFqQnXOIwJyBDb2io
297,2Hh3ETdQKrmSI3QS0hme7g
298,0CSZ1DMvRZH0WLB5V0WSom
298,23luOrEVHMfoX0AhfbQuS6
298,2ssyECwAX5JxtcAUTFw7wI
298,40iJIUlhi6renaREYGeIDS
298,2c3zMPsSmGkXCLQwCQqdhz
298,7oZOCPjlLpHZtIebTXhlfZ
298,5og4Qzt92jJzVDkOtSEilb
298,7tTTe6pCTxB55H9NWLxYNM
298,69kFrD7Mi8MJq9tAvJaYqO
298,1pacwLXyRO47ka0v6LTIiY
298,4ZZJ7S4Z1pEIvTUgN1oRzS
298,0UHB9METy4VCXNgkcGqHqS
298,7v12ia1PFVN9jSgU43rJnS
298,4k1oaXf7i7KGHYniA8n4ul
298,6WUjz18yIeTGDR1E69WHtf
299,0VsEY4KImxFPv0y4v7YEq4
299,7gEUdaVffLsb2qgdj90cBk
299,5zmaypMaWb21FUGBxbw8hT
299,31L9yLXSj6LpCFupyMV6CR
299,3ZIw7nCYObqthuWCuDrCu0
299,1WvuZsXHaH2qNAtvrQY6SX
299,2n7ohqg1s68ToAHh4u9mcW
299,48DKpTEVJ2pAjxQbWTad3q
299,4Msr8L0gHGDsLSBlk7pSPU
299,3H3cOQ6LBLSvmcaV7QkZEu
299,1Hq9DR1s1DZIlpNZMEFA0v
299,2wnhst8yHA4gKuojAgZedh
299,4st6K8nGBjANh0mKNvOpnt
299,6PnmrzPJXoDBj5NKUCnC8e
299,608R6FvRtAqf2dvgKMzebP
299,6IfPyMb0Sxptpx6jBUATOS
299,0ZqWBTU1EkdVPAMwQgfKiv
299,6RZmhpvukfyeSURhf4kZ0d
299,6W9l02gRsXVxzIuQC1oc1X
299,4f3uZW3Wc1uO2cN4WJs5nu
299,6uaBrivDHCaV0uBTiwHTUi
299,0sdbFOyfgAhAhWq8DpzkaW
299,07bruo5RoHasGqnun1Z31S
299,550erGcdD9n6PnwxrvYqZT
299,7FmYn9e7KHMXcxqGSj9LjH
300,72cGBEqu7RitIOoACXYjfR
300,1hjRhYpWyqDpPahmSlUTlc
300,0yyyapBjZ9Ek1vcpp3e9bj
300,0cLZboiFzp3rgYnPz33IJX
300,26N5kAVhlqFOWAkuMQ5Kwe
300,3utq2FgD1pkmIoaWfjXWAU
300,6f8wbdo8KU5ETWJA7lapgS
300,0Nwar8rweBUyfyuoyjjUvk
300,6VzV6RI7641o57TuqfGRpj
300,18HOjcvTVV7W8YzBuOsAPS
300,2LGdO5MtFdyphi2EihANZG
300,16tn9LlieVLhbCmL2x2TRe
300,3zMvotMEQK3xvH01vA9wAP
300,5wPyd3IQAZft1vmxoIqGrU
300,4iYRa2btalAzPZoSYfROqF
300,6Qyc6fS4DsZjB2mRW9DsQs
301,5QDGKcQLqOJvoiu8eScEaM
301,3lTTI3ldcvCbvQDfz7I49R
301,4lUAlhQOVzhitQKjxrHVny
301,3jUDqkHatwtprUmZ8epP8P
301,5QLAHKawoQwVRNf1waaVW7
301,4O3EdWEn3apRHpiZxYabtl
301,5eXgqtg3T8Av0m1FUaGHex
301,5aU4KCKJRh0pYlrwplhRh4
302,2KrpmVncX2Ht0Lw8zqpVaT
302,6SCh4BKjB0il6zKgtSiasQ
302,5lAnYvAIkSDNXqfo7DyFUm
302,3a1lNhkSLSkpJE4MSHpDu9
302,60KvZItTS7PpROovaNVQcy
302,6XXKB32Om6WuXg3uEWwTob
302,2qVqxcTXGugY41u8Sr8xfp
302,0GnNHCDj2WOJl70UUcvAEP
302,4sjdZEEQvR1sXrRNSuBfbA
302,2h3MDMf8sd9s4XIzpTBIjX
302,5iTyKHHx9efbjrOXPP48gG
302,2QjOHCTQ1Jl3zawyYOpxh6
302,4nZi6XNe36Ut4Nij3IQ1yC
302,4ksuI04WMvUnJbHQjgs3L5
302,1IHWl5LamUGEuP4ozKQSXZ
303,0yQCHkrxQDVyMc5I8D65yC
303,4ZWwAR58cXnPhuLcK3AdxJ
303,4rhSYWoLaBbkQccjme9UOJ
303,1R0a2iXumgCiFb7HEZ7gUE
303,1r3uOHPoiIv89Xb6K9bDH4
303,7qEHsqek33rTcFNT9PFqLf
303,2C6WXnmZ66tHhHlnvwePiK
303,6K4Co1NQyOnoFEJMkZHkln
303,3yII7UwgLF6K5zW3xad3MP
303,0t3ZvGKlmYmVsDzBJAXK8C
303,0I6ZBVBb7DXfjVVCM0NmSQ
303,6I87amCgXe8XOFfQJZWGPP
303,7eYAHC0RbBF9eaqWzT34Aq
303,5mSRLKGJ0Uc7FW7SlJFKaP
303,7yKSPAeiLHVJFSkJacPTmJ
303,2qYIFDagoAenwAoLeS9FNr
303,680qLWCMRfR6evrNNBCE9e
303,6Gp3pYkydEOkl8EHHJxa9s
303,2fkeWbM6iqTw7oGHTYm2lw
303,0GWGZA5mxo9nHuSyrj70uo
304,5MAY7XyW322jMwLDtBQgsZ
304,2H3wWrnO758y0fPH7Ilerg
304,21LkHnuxPxVrOZ5gCaG7aM
304,75iJMOH4oBobiRiBJVdw2m
304,6MEDfjHxnVNcYmHe3mM6L2
304,17wt2Rnlnn6jR6yGY5CcAV
304,6SznMYPQJHzr3IwsAHLId2
304,3qNfOiidqKXXNcGrY47Uql
304,6RcAHyC5sAUIbPTkhOQwd8
304,6f8wbdo8KU5ETWJA7lapgS
304,1cZlBZwnwGPtYeRIeQcoFh
305,6SpVp6ttad3XJOsjKBZwaq
305,40a82F3K2UTbeoLlXXXZBd
305,2c3zMPsSmGkXCLQwCQqdhz
306,1wthp2KAndNsDPZxEGVNKK
306,5ozqshq2dtU7SYCpCBu0NE
306,2c2csx4OTYtbkzvbSTXlGY
306,4TUStFzBGQqn0GrkzVWFV4
306,2eQFYGegTZaObk2kuBz83Z
306,5yAIrkplUEpMNeojW8Q30o
306,3L0IKstjUgDFVQAbQIRZRv
306,57V4uc2b2diZ4RPHXWecb9
306,0O8RjwNco465s5o9Ix9IYj
306,4jTs7ny5eSRnKTzxdrFv5I
306,5Z8ln2LBtxFcLqFgZz8iyR
306,4KYS9GK68yeuUJ8vJfPxrq
306,4eA0BFHcxY2C6O1MORav8w
306,3famfyGuWw5QFcVO5Xk1uW
307,2Eeur20xVqfUoM3Q7EFPFt
307,2KhrPRV0V1FS2l4eQMJUWt
307,4mmkhcEm1Ljy1U9nwtsxUo
307,5WcsxoURbNjQPQvzKpHUMn
307,4Xpt2bVLKFvlL5agz7cBTj
307,5OGCd9NL8XcwpkTmSxL5YI
307,5EiLjOB57pHdNnkcrWh1m4
307,49vuwo7SLmzO207Z7djITp
307,0Nta861K14dJO3yIWdvqzJ
307,0LB0SY2DW67uRjbDWcAHMZ
307,7J0GgWPMf5OTSJK6uXxFe0
307,5cF0dROlMOK5uNZtivgu50
307,19vrzibX1lFlT2V2ToVQkv
307,4kP50JQmyFrl9pLSmnFPZr
307,7eQj6r5PIdYKEIZjucBMcq
307,5qsgK2wcodYCEbgbdCpYOG
307,2JJFJEvFSWyQ59Pwl2gqSF
307,1aVDGnB6ydtXwudYLgUB6h
307,4hTej08FutmriOs7S1hWWy
307,6eT7xZZlB2mwyzJ2sUKG6w
307,6Q9IUoBTNLHgBib1FSFGbj
307,5fHrHoJKfCgBd35zwIBmUK
307,2f0GI2ZLUtbGqFx8t2Gk6A
307,23oUaizFBFVFI5PxJrkiO5
307,0zzdXBwYgPZR88QZr86hWF
308,69uxyAqqPIsUyTO8txoP2M
308,4T652DlATVHe0jdLKaN3Bw
308,0u1sqxkxZDI9ENRhtjBEUU
308,7d94IqWX2UmSKMGUYSGFJG
308,4Gqfcg7Ve6mVepAlYZ5yP3
308,6uiQ0DqbXTBc8tl0AUKZkR
308,2zavoMfVVPJMikH57fd8yK
308,4fhJAPcYTQMK2brDmnI6kk
308,2P61EK6DMGyVyssLWS4fKy
308,6SaSFVlIQC1L6Fh1QKLeFi
308,3WQ5w7ruC3c861lHXF9Gs2
309,56jNpLhqZaI5IfJwwMdkRQ
309,7FmYn9e7KHMXcxqGSj9LjH
309,4IT6vDuKprKl6jyVndlY8V
309,4kP50JQmyFrl9pLSmnFPZr
309,35TyJIMR3xRouUuo2sjS6v
309,3r9fAceWmaDFvbNiTnFiLr
309,4UP9Dn3u8O4p8oH41EXOai
309,3S9i1ICfQjMmJYWbtnmN0f
309,21L1dVOTGhvAKvBXXnTIHj
309,6HZILIRieu8S0iqY8kIKhj
309,4nrTw6teGIWRvc929Ap2wM
309,5ozqshq2dtU7SYCpCBu0NE
309,5DFQ3iQrX9HMzvzi1ow9ES
309,3CY3zAjrxKVInh2Lq1QiRb
309,1SgdUjvppHnIp6L7DZSnwc
309,3GZD6HmiNUhxXYf8Gch723
309,0o5p5zzRN84q6qVbOVONPM
309,6O11gHhPCFNEFkEZYf3ilw
309,5RubKOuDoPn5Kj5TLVxSxY
309,077OhUjy58qkjscrXjW696
309,5gCg2qMPzKkW4jS4dBKdDs
309,277a7QeHcxctrKjvVVvrQv
309,5AQNqdpl6SEV9rAHWy7U9w
309,7DL2F2bueQycqYjqsjHYjG
310,1bcIiU5FWRa2IYBqx0bk67
310,0bek7IePM9EuMiDI6cGQJB
310,41TXadM22OIJY04xSW9iuv
310,3VzVwhsTODtBVyq1z56iVL
310,7zK4UxuBYdenyXNHJ3U6HA
310,4cV9zzKtPtW4i0FhnEwazU
310,7rdP71W8x4UbJ0KAKBACbo
310,6eT7xZZlB2mwyzJ2sUKG6w
310,3vhOv5qBOX9urPOC9VyhWl
310,3qNfOiidqKXXNcGrY47Uql
310,086myS9r57YsLbJpU0TgK9
310,2eqpaZGKGBdhcKzRKyKnyC
310,431Dwa4XSR1z1aWgmCisnP
310,6MgGapP3EPFm9kYUvYBTZR
310,35TyJIMR3xRouUuo2sjS6v
310,5OFi9CIyD6s1oENyHapK2W
311,1V8XneTrX6kKeoxYbk4x6h
311,74atKkOasLOVzvqB6mYgga
311,66YHxyGAUGjMBDdrDlWIMD
311,5R8j8CYqsZdmyWm10mccHG
311,6GmkJJMe9U1tEcrJ3Hq3A1
311,3a6PN6BRB8PP3ms48s7kU1
311,0dj1CtyRxZ4bnIT4Q20jNT
311,7sIYHDxjteT6RY29gAGzP2
311,01BDK4Skxzh5mqnTbQzWGy
311,2LlQb7Uoj1kKyGhlkBf9aC
311,7sOfmPd18RWp3FoCzpa7Kw
311,62fqMvguJbsSs9HKhhRfuS
311,2WP8G2pdddDmnh1xbfKBOI
311,6otePxalBK8AVa20xhZYVQ
311,2OMjHcniFxzijWX7EaBrXE
311,2wkej79m7pKn0iTljW929c
311,2sdarYql1R0GAdFsdb4LDM
311,3cm2v6gfWuixcHL2A6wvGl
312,0qMNPhpRzbghJy6G3SgRag
312,0ecxQl1Uij06vO9S7htIVI
312,1OG8BRnkZ12kyDHrwdsDmw
313,1QBEAcc13ipZG7OvT2z2v1
313,22Sh5dlwbERqJAq1fZk5b2
313,221qmpQeBNV87sUjQeUTVH
313,17IBDpAl3J39swaoPlfGpp
313,3Dv1eDb0MEgF93GpLXlucZ
313,2MvvoeRt8NcOXWESkxWn3g
313,1dvOwoHwZB9SwvRw2Gv3nz
313,5ZDKPFRZC6QlJpf8bCIXTs
313,0NRHj8hDwwmSPaA41o379r
313,3o0nsMGWZMpp3GOEZkVuSR
313,0DWdj2oZMBFSzRsi2Cvfzf
313,7szuecWAPwGoV1e5vGu8tl
313,3NW2NRsPJfA4moQ0UhxlZk
313,0cDTCma0cfyXGhOdjD5rnj
314,6u7gmPOz7pzzaeR9xSBpsR
315,5Lfdb0KKLWKEns27p20uYt
315,4pCbJC43j3gSqG6Fen6upD
315,0mflMxspEfB0VbI1kyLiAv
315,6y1JKzkFrCvLZ4k9qbHP4t
315,4aha3sFO6kTx0Jq4Fp5b3y
315,4iZ4pt7kvcaH6Yo8UoZ4s2
315,26AuyrZGzWWiYZPSd3XBIg
315,5COQeGCkntn6AgXTHMKpdC
315,492PZFHvGTm3RZZYeeUVWT
315,3CIyK1V4JEJkg02E4EJnDl
315,4Z8HZSApeddaRM2ovivUj4
315,72qABvaqn3TP6drO2tByA6
315,6HZILIRieu8S0iqY8kIKhj
315,6V9kwssTrwkKT72imgowj9
315,7F5oktn5YOsR9eR5YsFtqb
315,6taHwllEzlP3ckIoQ1CTmn
315,60eVCXFCuw1WYswBuNZc4H
315,3zm1llB7yVxvCsh8M0X6RP
315,6BU1RZexmvJcBjgagVVt3M
315,7MbT4I8qGntX4fMdqMQgke
315,2zavoMfVVPJMikH57fd8yK
315,0G21yYKMZoHa30cYVi1iA8
316,79x7xtoCLpf6l32Zz6mWo4
316,7iiULg8Kmbnh1vWbh9rnBA
316,6kH135t7tnbb7OfusRMrbs
316,08TlJDuwdzkp51zi0O9biO
316,0eBFgRxyVSeuT4iyrbukdn
316,1qaWM3wK6aZZALpAPVdZ6D
316,2QwObYJWyJTiozvs0RI7CF
316,64zQbQTwu4ppBEfWyhst9t
316,37RFudlfMWLtCBirJR14D4
316,0751ozQYIiLVQ9FRFhe55j
316,2mxByJWOajjiVsLWjNXvDJ
316,5g1vtHqi9uV7xtYeCcFOBx
316,3Y1EvIgEVw51XtgNEgpz5c
316,5oeKoJMi9g6GXEbtz1ta0f
316,221qmpQeBNV87sUjQeUTVH
316,7gOAl2AH3ggAsu90GLbcpH
316,4YM3IYESNKXWYHbPXvMMVD
317,7pas6O1LYbaeChEFQBhPFU
317,3Qwd9wK176KgmorU7fCW6S
317,0B1QILlvPWfc9vovFYuUuk
317,1pJQAHpD51J7GYaFrrFO9S
317,2tJulUYLDKOg9XrtVkMgcJ
317,7v9Q0dAb9t7h8gJOkcJHay
317,1ITSr1tMba4sXhQQsm7VkB
317,0REaf0xqIOxEXGZgOXfrCW
317,7nFYnsLIX8EhyFJcPgdIDX
317,1YdtGoSYDvVQKoUqSDXX41
317,3buwFfY33H32wfZ6X9poV3
317,44tGQHHdm4JhCbMugPr2Vd
317,1FlL8ycld6uVDDyhV7P5FA
317,5WEF0icHWmAZBBMglBd599
317,4AMnUGvZUVJgDuY7rOPzUZ
317,1BpKJw4RZxaFB88NE5uxXf
317,6aybzjLxocD14YySwF3aus
317,3LjZ6PqqXfwkcnLOkgLGKI
317,1ZHYJ2Wwgxes4m8Ba88PeK
317,056DYwe3xS0Feo8miYtJEO
317,2CIXO1jQbrV1hlfI7FUKld
317,1IWDzlzjmhKZQp3dqXfv6W
317,3bnVBN67NBEzedqQuWrpP4
317,5566hAPt0WmMPr9Xn749L7
317,3BW34zpQNgRUwuQ4eUyzMN
318,3HqcNJdZ2seoGxhn0wVNDK
318,2d8UxVNhJinc8uat9PoM9y
318,1p5M91qghUkzS4gwuMM22B
318,4f3uZW3Wc1uO2cN4WJs5nu
318,7cHhlnawdN87aZbjO6LMRN
318,65OIh4xcmjZFFXNvp7NAml
318,27UbJMlccoT0HuojJo91S8
318,4j6kId9QIqhoXvqHKgSKa0
318,3VdooJLOy4tLxKpnn46SMP
318,6UjfByV1lDLW0SOVQA4NAi
318,4CzhtKifG867Lu5DNQVBSA
318,4Jc7252S1P99DjQ1lNGEOc
318,40gvh6jP5qxMJuMmF9lG9A
318,2qqylaMQ54zfveakMkDULI
318,3sK8wGT43QFpWrvNQsrQya
318,6Th6ND8RQPywiyelecP5Lf
318,2cYqizR4lgvp4Qu6IQ3qGN
318,5wjmqUGN7vrAqFqDWrywlZ
318,5jAIouBES8LWMiriuNq170
318,775a936b2Vzl3fw86FaVat
318,0jcaePBlr0xfsBn3RMiF2x
318,6RSG1dKPV5gEvILwJb4QtS
318,5PXJtvL22ZCxvXilaqCwxA
319,2GBgiuXwY1KzJMA0gSAr9J
319,288e3FhmVuCqPmNEfAH0h6
319,4CkgMiMqZ5JzW9iYXSTMTL
319,34PFCxQHHROuFl2OsDCvxH
319,01bd6lyQR2ZiicAifXtlr9
319,3di5hcvxxciiqwMH1jarhY
319,1jOLTO379yIu9aMnCkpMQl
319,6mxNtI7ZsCI0DySBPUH22p
319,6fLVTVaHWaEfVKfEgbkf4D
319,0wshkEEcJUQU33RSRBb5dv
319,7y3xU9vEC1s8DSuuoSYKih
319,1ko2NuvWlQdxtNRc8QQzmT
319,1xtw1krCR6Dw2KwkXw5z63
319,5QDGKcQLqOJvoiu8eScEaM
319,3M0lSi5WW79CXQamgSBIjx
319,0725YWm6Z0TpZ6wrNk64Eb
320,2gZUPNdnz5Y45eiGxpHGSc
320,3A4cpTBPaIQdtPFb5JxtaX
320,2jrP54CkSMNnnRPu4sTJFD
320,6vSRW8utiYAdoCfJG2v86r
320,3bUpRf4GN6SV6ejgQ4IQxT
320,3sXWFs0hku4tR5cy54PnRz
320,3PxTsBlC26KCv3pbsgeZsb
320,1nFYpnm7F7iJgvKpSdyZXl
320,5YwewdqOOG0OPhALYN1gSZ
320,63JXZZRbmzooashakb0zbu
320,4KgTrzmfiWNcVneh2Dd1Ou
320,1Rt5PxKde8JdrCk4ZTnu0g
320,0tGkxA0oybkQ3iR6LLXPjZ
320,4T652DlATVHe0jdLKaN3Bw
320,6uC9fa50cFyDOc1BTOLXiM
320,2Gnsof1hvZzjE1xdLRpjtf
320,72cGBEqu7RitIOoACXYjfR
320,2OMjHcniFxzijWX7EaBrXE
320,2cvOfKHOHgwQlLiuLKP2xR
321,5CC5krEgwJXuoA0F9scOFg
321,5KJUqkXzzwEkoTuIL4EYEI
321,3OevAJaJmLNY1PKK1b18bz
321,52A8OAP8lTQKZCj4Rce92B
321,0wgOhYnqZKjOHr6bmdz0aN
321,1a3RarhRdrNSTEEERYEFJn
321,57g9uWuZI1t822eLvEVQjn
321,6LxSe8YmdPxy095Ux6znaQ
321,71F3mmSm8iCENJtgHG3qeZ
321,03yLhZ200apRpQR47lb2fg
321,0oaY19dUwZimIgzn3ZZLZO
321,0gTRROuntlrPQ64W3J2Etv
321,53zCCom4uEoIBaOAEJtjUL
321,3HQcsqRjRdruUjkbDSgmVF
321,72PVbRKkUimweUPV0nKAPs
321,1xwvjqcwflD2NEqRCNcCo2
321,4oeaIftdpT3JuZLcCkKmVE
321,003vvx7Niy0yvhvHt4a68B
321,1foMv2HQwfQ2vntFf9HFeG
321,6AtZLIzUINvExIUy4QhdjP
321,3k3NWokhRRkEPhCzPmV8TW
321,1UYj8qTWjneZJDVjUMwMub
321,6bnF93Rx87YqUBLSgjiMU8
322,0GnNHCDj2WOJl70UUcvAEP
322,2nzfgpGvMINYAzrv7YpHfv
322,2b7Si9I7PtpgGOnUE8Qogd
322,5BBbGE48S2ufVEfAJgit0A
323,0ESdtt9cjGZUkUbaubSrv2
323,2hIQDm9O27oli6krUhdwr9
323,47GAwoC7QtBMVqrixfLVUo
323,0dcMqjeDpwqB2xhzMsld0p
323,0iSWAT0EL8TwmzcgBjKMh6
323,3GdwjAsCsoE79ObhsJFyYb
323,4rO5VOxTbRSRuuwCQ5D1Bl
323,3lGs8BwNj35qaBx3uSOQdR
323,0e7ipj03S05BNilyu5bRzt
323,1Q7EgiMOuwDcB0PJC6AzON
323,31G9RaSaDOI2NWcpnIp734
323,759ndr57jb0URg4j9YSWml
323,1mEQbSq0PCNjyL6oMgHKFQ
323,1q7MLlJqyDHgnvC7dqtHN0
323,3WZqTFGMU04pDM5JaGQBZz
323,3KJ3opyV29269SXkPrc19l
323,5pIVEk6Di7n1v5khOzJaJL
323,5c9tBmJKbTdn1vhzXHeAwW
323,7kxmcMUravCNgfnj8Qq2Av
323,5gC8P6NwgqxcTYnwml5q5j
323,30raivfq7rSt5nKltiHfzG
323,1ndGB6rvxKYN9seCYO1dTF
324,0gucUyFMFRMlUiVn9US4YX
324,6ZprqcYFC6D9eIZaCoqrSn
324,6SaSFVlIQC1L6Fh1QKLeFi
325,7mDTvYD2ieE4Q28XFziMfJ
325,363cVHJDjrYIkN5HcIAGCx
325,6G7hnJoG5ZZE5bOeA18JXg
325,1TsiwVwHhLgVK8sxBchINM
325,62c1RhroaeTVV7yGKBIBne
325,2gyHr9WqZeMtzJOpWGuGo6
325,57qiTKh8bVX0VtfUNTQqhw
325,6ALtdfVnklY8xp9bUBKVEP
325,57ELn9TPDIhrpl0dasS465
326,2PeB3kosc35XamDfXy3eAc
327,1GwMQaZz6Au3QLDbjbMdme
327,6tnrFU8iLQ6orFXjCA3flL
327,4PhsKqMdgMEUSstTDAmMpg
327,6JNM6pLKbXMGG2opeExCb2
327,2uP6t2J5MEwhr9rDkAAzwh
327,0pEkK8MqbmGSX7fT8WLMbR
327,666PdikRnUzdvjT9p5wWND
327,4EuaDcxHmHKS6gZ5iuGba0
327,71AVxv9fJVgGpGZIGcxud3
327,1rxoyGj1QuPoVi8fOft1Kt
327,7d6yK8v8J484SWH5prIQiE
327,6zzdyvVWjGrQBraSvuqJPY
327,4pAl7FkDMNBsjykPXo91B3
327,61S79KIVA4I9FXbnsylEHT
327,3Dp4oOTPnfcRhy8bnXl0RP
327,1bAvtmTl0F9loyz9AwPwp7
327,0K3w6WNawZlv6Izmsrye8o
327,2C8BawsbZROHDBUnobEbTQ
327,3GCdLUSnKSMJhs4Tj6CV3s
327,0VsEY4KImxFPv0y4v7YEq4
327,1wOp7yTVyH176bW1z9WAiv
327,3NMrVbIVWT3fPXBj0rNDKG
327,2skzofTV9Ys3eN70pghEHL
327,44IXD2J5yyr7PpOZzz2cmQ
328,5PbK9N675eK6ZyvezMgbQR
328,10nyNJ6zNy2YVYLrcwLccB
328,5vUwvYW5fpHrwHfirVpkHn
328,22OqansuvEMQu9W0EfiGTI
328,63jUTfcbudnrqoPCC5Qp4i
328,7G0gBu6nLdhFDPRLc0HdDG
328,4q5YezDOIPcoLr8R81x9qy
328,2HRqTpkrJO5ggZyyK6NPWz
328,73scB4Q4fcOmnsBVZPmk32
328,0ZmkjefPVLvloVSgtmRu5M
328,1nH2PkJL1XoUq8oE6tBZoU
328,4bqIFmnVAsndYWuXxAwQet
328,28drn6tQo95MRvO0jQEo5C
329,6Vy64jL0YcpfQPDlI1Hn1p
329,0IabpxMpUV7waD7U4uDIMJ
329,2QIyfAaMgWIEQQRcULEkac
329,5ZDKPFRZC6QlJpf8bCIXTs
329,1pKEXuXVJ9PCJj2BNrG4kX
329,05od2qm2MTSKCHxy1GBp5W
329,7IX7VAXujvcZ3e1PG7sGP7
329,3IEvQ1CzszUJtTRLmmMJ2X
329,2dR5QYXJZS02o4rNJjbTS8
329,0oP0VrPXuPmfSSvQFwepJI
330,09mEdoA6zrmBPgTEN5qXmN
330,5oEJyOsT68BDRwLoQQJl6W
330,5MAY7XyW322jMwLDtBQgsZ
330,3aGv9jITId050BkCMddYOX
330,5HmxrDC6RrpkCDtMYQqkqx
330,0rt63HYAAIzUZo5O2D0uA6
330,7wAkQFShJ27V8362MqevQr
330,1msEuwSBneBKpVCZQcFTsU
330,4tMhjP02FRQ0KIUUEJ2oGK
331,4EndPA8b6FDWYp1RgsnLEB
331,3FzJDGVjRGNc7KrkabU5N0
331,1MBM7CyZbwJpVbbZJnHHRg
331,6FRKxwDHTDGr1lqQ0SEprH
331,5aHHf6jrqDRb1fcBmue2kn
331,608R6FvRtAqf2dvgKMzebP
331,77ewVGidVJETHhGtlNelrg
331,6HZILIRieu8S0iqY8kIKhj
331,7msCKNrI0vZw9H4MIgLnAh
331,5SkRLpaGtvYPhw02vZhQQ9
331,6LAicOLiCrHw0bmaLBDbC8
331,7MtVPRGtZl6rPjMfLoI3Lh
332,1CPZ5BxNNd0n0nF4Orb9JS
332,5Uhp06JvYCjTLJkkIRUAQP
332,5jZ32WOU7sqzDYbzINwMUk
332,0N5zjRnf8AreOm95iSBXF4
332,3jUDqkHatwtprUmZ8epP8P
332,2tB9OFgAHjAds3cqquLlvp
332,49QVOdWgGagzLrThkIqtK6
332,7IWu3uIUIYIeafzwv582Ho
333,2nPfKVwhD3ndWpLk7grx0Q
333,2hIQDm9O27oli6krUhdwr9
333,0zg5XJPiga7E5FxiehriG2
333,1MfPKCJuFFv78Ergc301tI
333,5wujBwqG7INdStqGd4tRMX
333,1OG8BRnkZ12kyDHrwdsDmw
333,4XmQMFVOdI7dstMgmhThyJ
333,7JVAVLkkhpKOp8g4jX5Z12
333,3NLnwwAQbbFKcEcV8hDItk
333,2fkeWbM6iqTw7oGHTYm2lw
333,7tI8dRuH2Yc6RuoTjxo4dU
333,4c2Pc0NrfkesPR0jff6q3F
333,1tTEcJKC5uAtIoPrWCkmXZ
333,5tPZxJzgR75cBrD9GyEVB4
333,2KslE17cAJNHTsI2MI0jb2
333,6nIE1oCE4udqMGv3bqVNVb
333,4T1iiabe7G0UjWQJCY6NE2
333,7l2nxyx7IkBX5orhkALg0V
333,53H3ajzHjI5M9ZeewvRO3h
334,0bCCMwWTaYOcQ4v8EeEYmd
334,5Zc3d993GDKljZ5d6NNk3b
334,4tqcoej1zPvwePZCzuAjJd
334,69QHm3pustz01CJRwdo20z
334,5xIDCYGTyLaDkiaaulVPcJ
334,1gZADNt16Oh23jWyMYRk4p
334,1zi7xx7UVEFkmKfv06H8x0
334,6DkXLzBQT7cwXmTyzAB1DJ
334,2vQwlW8H1jFveGNXwZfJCV
334,53dtP2iUMvaF28JZcHnFuU
334,2MBD2rikcUyn5ezfOTwWI4
334,7GeTsDIc5ykNB6lORO6Cee
334,6nf4oqFOsVKLwJPEliYVwT
335,2xGjfbXZnI8uQDhukoQURQ
335,0snQkGI5qnAmohLE7jTsTn
335,53IRnAWx13PYmoVYtemUBS
335,5ONOlTiqymhzwcFjqcIT6E
335,2tGvwE8GcFKwNdAXMnlbfl
335,4yj9o2kdVcZfT57IALrsZA
335,5drW6PGRxkE6MxttzVLNk5
335,1HNkqx9Ahdgi1Ixy2xkKkL
335,5ScbulRnixQ2XAdvrPMFjz
335,64GT5ReOko7xx6Nc7D8JsS
335,5b6zjsBrZCqe6RFycLz2tc
335,6WEXy56jM0Nl3bZHY9l7aH
335,2jrP54CkSMNnnRPu4sTJFD
335,20oenBXlmwIfK0F3fQIjhM
335,2G9IqD0eydBfEaQlNTjij8
336,3IP10QH1mHOCJMWuq8xjFy
336,680qLWCMRfR6evrNNBCE9e
336,05JtBVWRtSzqLoj7jj30kn
336,5SxlUF7J8tyFIEF22EomeP
336,6dODwocEuGzHAavXqTbwHv
336,6ayKgleoMF26lvU1Z7wVm7
336,11qPHlha5H2Rc1qOdKJ3p9
336,5eVG50IlyjSevPsWnSI76r
336,01Ch5LzVStxCFPKkT1xg6k
336,1m69ELEgE6k5ZWsap40ozt
336,2K7xn816oNHJZ0aVqdQsha
336,0NwGC0v03ysCYINtg6ns58
336,61S79KIVA4I9FXbnsylEHT
337,4U6qrE2SSWYGVKCnT6VbmF
337,35QZaWQRkmnAVqBF1TLCxQ
337,6QU5K23dgQ6kOca5INWOVB
337,6StwwqB84sJeLr7tZDTxEX
337,6pZHZndlo57dPCYnvlYFOE
337,3z92w2yRpuxxlR11EfJye3
337,7dHblXsJTRemgyIvFNJE7t
337,4seJa0pAQbNlbhYzxXLvm1
337,7tZlvvEpX3FEFoYsOI55FB
337,2yBz1hupoOBncorzuKcJ2z
337,6Otmq7JokHh38wKSqUimcS
338,6KfoDhO4XUWSbnyKjNp9c4
338,6kN06eEOblRAuWI0xUUS91
338,6IaieqiCVvsNvEt6Y7yOFa
338,4QzublfsJid9WfyzcHSU98
338,71g1UlX2OtS9axwBIBa5Zm
338,375YEKrb4JSu03HPzwOFfJ
338,4ZtFanR9U6ndgddUvNcjcG
338,2yazRoolWXk58jAmKgxcDd
338,5QO79kh1waicV47BqGRL3g
339,2x6hopxvQkOzZTBdEMyUO2
339,42m3eP1JJhtzffal9B136J
339,0fv2KH6hac06J86hBUTcSf
339,65u1dHQyQyE4y4aN2eDmMF
340,5QO79kh1waicV47BqGRL3g
340,3G6hD9B2ZHOsgf4WfNu7X1
340,4CzhtKifG867Lu5DNQVBSA
340,2afCBiru10AFckfOa49wIa
340,0zqy3ss4CwD6u4QPksS0nI
340,4eSGSqP2TZvvX0kadZZttM
340,1XBg3rmlUnUgXqZX7DacOq
340,2aYHxnMF2umAavtgBvmkY1
340,4k1oaXf7i7KGHYniA8n4ul
340,05jQUgTm40hzAw5uqOy0ob
341,5d0JL7ZEMxyHFpgCuX63p1
341,2d8UxVNhJinc8uat9PoM9y
341,4hNPMfFHauPIbOKvdYqFt7
341,4LmAnpjlhWTahvRkYR8xJa
341,5weiiKJieLj9jOL9u2F34z
341,2bXJMQZSJND3UYq5mjV4cB
341,0sHW1jXe6Sou3437gJQNGA
341,6eT7xZZlB2mwyzJ2sUKG6w
341,3PJgmyLaybZtALX4mrgbiD
341,69vlMrzHwATKzupwNcUPyK
341,3di5hcvxxciiqwMH1jarhY
341,6QV8q0qVAyHjlnqQ39YIe1
341,1oNcc2isuz7d3hc1fMoHqj
341,2EhE42VQTKvn6ok6wtA9U8
342,7zK4UxuBYdenyXNHJ3U6HA
342,4PA16FAl8LPmFmOhARawdV
342,4QGHin0gSqzPrPJhPU5gWn
342,0f7T8FO4ZM9XHpmncSUWND
342,7lgvU7WnwcNZ8dbGUz8yhP
342,5XsAal7ZcWg1I5T4NcRjkv
342,51YOvMn0xShoUKDdPecFbb
342,0sCvjs8IVBhxXVhg7jQemt
342,1ZY1PqizIl78geGM4xWlEA
342,7pbg3ABlAZv2NiIdKbBBFm
342,6Q3lFQgpvhA9VApFKLFZtZ
342,4HxGH28DitgAuuKpEVrLzN
342,4K1Pg0FLno1ltzX3jeqT83
342,2m3ObD945KvpE5y9A1eUWm
342,5OCJzvD7sykQEKHH7qAC3C
342,4woTEX1wYOTGDqNXuavlRC
342,4YhMaKfdp5MgcECm2YC7ve
342,6nYlU9iIBRwEnCdXudBJl4
342,4iWjsRa7DnFiqiihxnyFoI
342,0IRZwSCWFdT5D8hNCXHzZX
342,61jnrkPHpLumBf1kqGpRRt
342,3K6U7TamNyVSWcFH8pCQHX
342,5YqltLsjdqFtvqE7Nrysvs
343,4s76r7AbquJcTccqJiqdVu
343,5Y35SjAfXjjG0sFQ3KOxmm
343,3Pgtvva5mLT5VGrgWWdldt
343,263KsGZODTZouh3RFGNaLX
343,1NlK2NtpuUazpziLhnJwEV
343,1kUyOJb3fzUo8r0OCz5SQk
343,0XZHZslvxrByI84hFYWyXS
343,3L0IKstjUgDFVQAbQIRZRv
343,35wvL50xvKpCHEJPxLOLPI
343,0GDuL9TCO41PgsrKWBSGlm
343,6nIE1oCE4udqMGv3bqVNVb
343,2wn0AYkmcF0Cm7PmvA7hJ7
343,4hTej08FutmriOs7S1hWWy
343,4kP50JQmyFrl9pLSmnFPZr
343,4T1iiabe7G0UjWQJCY6NE2
343,6YvqWjhGD8mB5QXcbcUKtx
343,76yJsfb1CUy5Um8nFL7jKQ
343,1gZADNt16Oh23jWyMYRk4p
343,6yl1R2PR8aWZr8etPEqJL8
344,0fakMntOPNItV2l026ShRb
344,6AzCBeiDuUXGXjznBufswB
344,1npx6ZSuv0KOIa8Pv7qCsu
344,5wTVNpi5WDByxBgKgUE6MU
344,5yvhdo8FXbBsIllxv2Rr94
344,48X4D1FYOShPz2VF3YdfCF
344,1zejeOnykpCoyVSit6Bwp3
344,6YUTL4dYpB9xZO5qExPf05
344,1tZcw7GtIqviL32bzaKdSo
344,2Ghp894n1laIf2w98VeAOJ
344,32fSZSbxeVoiZShMQKLc6Z
344,43ee3gqWBlPKe2MeGJ2S6I
344,4ZLYmhOdNGMxTW4rMIiyAT
344,6ie0uyyvOKTTuIFBMPiNIl
344,6i2XzqnaxvpNVTUw8EjPMU
344,46tv0OqV2s15z2Jvb2E1fe
344,4LwU4Vp6od3Sb08CsP99GC
344,0t3Q46Af4syvp0k2pVFIRK
344,1Iq8oo9XkmmvCQiGOfORiz
344,2VOomzT6VavJOGBeySqaMc
344,2e2AXpIiJpet5b4qg85Gh6
344,72jbDTw1piOOj770jWNeaG
344,7BiELrM90hRxpozaIXbsLw
344,4X3CV9rXo3hQrkb0fzRAux
345,7DKS0rX27cCEPsK0R6tFWS
345,3yII7UwgLF6K5zW3xad3MP
345,7i9763l5SSfOnqZ35VOcfy
345,3drdWsJKiVCSQ2gKhd9BDT
346,0ESJlaM8CE1jRWaNtwSNj8
346,5tZgkV8FTe3rtl8OcSeQAb
346,6b5P51m8xx2XA6U7sdNZ5E
346,3xytfOwki3uHqzhvMWI6HN
346,0yuAWlxq59xT3agQ965OxE
346,53zCCom4uEoIBaOAEJtjUL
346,7rbECVPkY5UODxoOUVKZnA
346,672MSkU0EOoy8n4xfettT2
346,50ceCGZ3oD3U5caQV5bP6f
346,7yjPDFhCUFGa90GKORcUTY
346,4tqcoej1zPvwePZCzuAjJd
346,39badcyKTjOtBvv4aywpfs
346,2Pve7muUYsaynWb9hL8CMb
346,3bG0XMhDTUoMkAV2pFAbNb
346,4cRBqWBjuccCowYVHFlXK6
346,27356GVuMPFWiJSZCragoM
346,1w2VowISQD9Cg78h2Vft3K
346,79x7xtoCLpf6l32Zz6mWo4
346,11MyiSGZSYSmhhqwGUTtAq
346,4PhsKqMdgMEUSstTDAmMpg
346,60RgDM1qDQ22HpfsK9Ul4h
346,4a9fW33mYR8LhXBOLUhbfF
346,34xxPZWbEyg5iDKEBqdsBZ
347,1npx6ZSuv0KOIa8Pv7qCsu
347,1X9hG9ChkrwhViamDCZTy9
348,2qVqxcTXGugY41u8Sr8xfp
348,74fpNVAJrKGQuqHETi4WSt
349,5wQnmLuC1W7ATsArWACrgW
349,0DaZU7iKgXMelfXCkCOgBK
349,32FhTAAjKZaBein150o3Px
350,3Z25k4ZF6QENy2d9YatsM5
350,0e7ipj03S05BNilyu5bRzt
350,1jiFg1lHo4DezwMpR9ktwC
350,34tz0eDhGuFErIuW3q4mPX
350,0FolPJnYMo71Z7qasTuoJT
350,077OhUjy58qkjscrXjW696
350,1MKOPZWwR9WAzlP2B6tn5o
350,1GxLgrcumcN3TpWnrYQ9pV
350,4SZhxF0sIS8nDvwhT0Tt2V
350,4ymD0FxX1fnWszSu9rMAtD
350,6pZHZndlo57dPCYnvlYFOE
350,7zwn1eykZtZ5LODrf7c0tS
350,4H7WNRErSbONkM06blBoGc
350,2OAcH9SD8ehxuG0tWNe0cU
350,3Nl5OkkmS5DaBZvuYofpAt
350,6cWpj6c5pNZYEk5KYjNBji
350,1HEwEN64NjgTaHmo7LfkX8
350,3S7HNKPakdwNEBFIVTL6dZ
350,27xkOIER6uDLKALIelHylZ
350,0iO2iCAjtX0t5duvczNQt6
350,6i7fGIyktBDlEe4PlpiU0Q
350,6uENbhewy5FL4lQ0gRZWzD
351,2XIc1pqjXV3Cr2BQUGNBck
351,2pw9RZWZibttZzoFhwjuy6
351,5lP1kCqAj1fh9pgJWOKyJa
351,5EId1m4DNwTf3at31w8bPJ
351,3NhstUmrlhaN1M6hP8zMbb
351,0xun1Olh7EtEef4wIg9l3l
351,5KfJvZ0PZzRdwFRaTUDAA7
351,6i2XzqnaxvpNVTUw8EjPMU
351,4uoADk7q83CHvXHW3k1etM
351,0dyWQoMOU9oERL6c9vxtRp
351,7rdP71W8x4UbJ0KAKBACbo
351,6cBoE74D5BsIfHVIm2e7vj
351,0ZNU020wNYvgW84iljPkPP
351,7d6yK8v8J484SWH5prIQiE
351,1msEuwSBneBKpVCZQcFTsU
351,1Fn2pTZSBYlmQEjphUZSRi
352,40gvh6jP5qxMJuMmF9lG9A
352,4uzUuDjoufcBXYZ27CsLIF
352,08TlJDuwdzkp51zi0O9biO
352,0Pp2I1kM3JnnyAX2S5jtHG
352,0EgkVzDidmq4MP57jZFeik
352,28qA8y1sz0FTuSapsCxNOG
352,3UmaczJpikHgJFyBTAJVoz
352,5Eax0qFko2dh7Rl2lYs3bx
352,7m6xr2HY0BYmBDTh2UIx02
352,22EFPvJx2ZWMIi6npEkehZ
352,3buwFfY33H32wfZ6X9poV3
352,5bQ9rtAfOUbPmuxjPK8zDp
352,0bHer4P44xn8jcyMH0EMs8
352,2qGvxAKXbajPFRb9ybIMOD
352,12k3pLHg78j1NfwKf9B1jf
352,6ON9UuIq49xXY9GPmHIYRp
352,71wFwRo8xGc4lrcyKwsvba
353,70uktTEq3AiRQAtqdl20qG
353,2fuYa3Lx06QQJAm0MjztKr
353,1HAy3OuIEMm7ArA4Ec52ym
353,7KDKBWgusjNgJXX2494v8u
353,2oe6dDthgthqUkfL3czpEd
353,39q69v4D15oSshBmlJrkmW
353,7DIMKlmJ0CL6eROkbptoqi
353,5JUu0unA8VwhTZ9LkMWUVI
353,5CC5krEgwJXuoA0F9scOFg
353,3nNmRE0DxHC6ZaKkrpUumS
353,2CSRrnOEELmhpq8iaAi9cd
353,65m7WOTu8fMBFDd1r25VPk
353,53dtP2iUMvaF28JZcHnFuU
353,4CeXqDnd36kBb2j88h67it
354,1Jn2a7TmOBhCpBO1WL8xEw
355,0zqULZO63Ty1Md9Qo3RNDh
355,1Jn2a7TmOBhCpBO1WL8xEw
355,0t2Y8BKBhtHQTOW7nzyIc0
355,1V8XneTrX6kKeoxYbk4x6h
355,5O2WP1NItY8oqe6UsXrJ0X
355,0hKtu53OlIFXVuYkZwcn3o
355,77v9kYcrCZV615E0P9WMrD
355,6bOkaEXc5CopinGazSLokx
355,7tZlvvEpX3FEFoYsOI55FB
355,3lTTI3ldcvCbvQDfz7I49R
355,1QoyuMHNBe7lg3YW4Qtll4
355,6JNM6pLKbXMGG2opeExCb2
355,13e6f8t7RKXuxZ0JdaaJRG
355,42VsgItocQwOQC3XWZ8JNA
355,5pXui9rkf5W90DgZobuDiK
355,28HadeGsalBfbVfMEkCcF7
355,1zejeOnykpCoyVSit6Bwp3
355,7sOfmPd18RWp3FoCzpa7Kw
355,6Sv0CzVqzydd7NYQgAG70c
355,3NW2NRsPJfA4moQ0UhxlZk
356,6uiQ0DqbXTBc8tl0AUKZkR
356,6TA5aymvVrtiPVbuAwmPIc
356,3p866VcBbuggDPXJLuc9hr
356,4AMnUGvZUVJgDuY7rOPzUZ
356,5gy5oMthJa807ihJik4U3O
357,4TUStFzBGQqn0GrkzVWFV4
357,1Ci4wASMY4xtKVMeHA6Sd5
357,5OdI6v2L7Aez4cclpbojiZ
357,2MCUmp0I98gsJBmey7DfZS
357,0S0pOwYmfbzGgQBYnL9U1j
358,0M7oki70AV10Ztt3HyUd8Z
358,1MTXYvJ9TSqg9x6WPCDx2n
358,0RZuCBV900eNA2FXCQ3uUM
358,5F3JDJu7V3EXinMhEVcZKa
358,1SmiQ65iSAbPto6gPFlBYm
358,39HsFsNfFYZdpnQfq8lbS3
358,1rNop31kdDmSj3Ds6xhIeS
358,5BmKRyAjCnvkko7Ms00YtA
358,1dQQ2QlnvXUehsRUrukKmf
358,4MyiAZ0G0LhwfTfEJxrN8C
358,4F7A0DXBrmUAkp32uenhZt
358,6lrDckuosGpwEHtm1hHBcf
358,0NwGC0v03ysCYINtg6ns58
358,0IabpxMpUV7waD7U4uDIMJ
358,6T7MAQCekVb3UnCykjX3BP
358,2c2csx4OTYtbkzvbSTXlGY
358,2hiuiI3ac0I5kJWtkeGHEL
358,4CjuGBDMwSDpjzWtWINN5g
358,3NuLxTXowTRcguTh9RsPmM
359,6rAy2MsMUabbqu2VygrblP
359,2K7xn816oNHJZ0aVqdQsha
359,5XuU9htN358NTMCcqRvfDV
359,35QZaWQRkmnAVqBF1TLCxQ
359,2vQwlW8H1jFveGNXwZfJCV
359,1Pbxsj2tFPWFah3MRvlIx9
359,1ObS8I1dTlxdYM59TsZAmi
359,4kP50JQmyFrl9pLSmnFPZr
359,4ppTAJUbNXELZcoUaL90wo
359,7gMfVc4zfNIxuMyMGglOHa
359,4xv5AneqR0bTokomIPfGyT
359,6La6oWlGposkrgvLjjRJju
359,6x2knRcsrzp9O9bmJjtY7V
359,6pQadiopoIsS4x78tjSkJt
359,46WOptLnXUtH3LOyYvmMO1
359,5WNYg3usc6H8N3MBEp4zVk
359,4Tn2llBm1g0UlWctmgPL8Z
360,3H0a65Ckefe6FA4kSMZ3D7
360,4TpHtOGNKgCSGR3iZI3gUe
360,5lKFO0PrOC9jmOlPEdjHsL
360,5cz1jba7M09O8WNPXCYddx
360,1kUyOJb3fzUo8r0OCz5SQk
360,4p2newrzzjPdXIENDqlCCW
360,08dz3ygXyFur6bL7Au8u8J
360,1EKZmfqveHKe78Isfk07w4
360,12yrm2FnFI9uaGrIaiAtvV
360,5eyzRvcnNMLbF54jdVCM7Z
360,4Apb0ut2uTYIFxavAczqKd
360,4jaNeCjRjTCekyaErvjnRX
361,1Tnw0ItH1Macok8gblnPPd
361,3BssiKHkHy0zXZCj1T8TcJ
361,5kqNIqFjijuzvVLhuY9B8j
361,2xLMifQCjDGFmkHkpNLD9h
361,2lLG56qpLP3UbcLuzMvkWX
361,1PdUyYYw9sGU0yhLrpeHKt
362,7IX7VAXujvcZ3e1PG7sGP7
362,0mL82sxCRjrs3br407IdJh
362,6ObpR8ek44tvWefQRcSo8K
362,7fQcHMvGAfvNXFq80n7X23
362,6bnF93Rx87YqUBLSgjiMU8
362,7eTv2OTr3aY5iKtFdBusoA
362,1CPZ5BxNNd0n0nF4Orb9JS
363,0Jlcvv8IykzHaSmj49uNW8
363,0TdacYZkgRxz8ZvHUtpimP
363,0y9uTzK9cNKSAEHnpeRG8C
363,74NI58MQexwZjNu1Gu6GjT
363,5xoYormSTltk6F9SlQV6mm
363,7D0RhFcb3CrfPuTJ0obrod
363,2LU2CYKUZUc1iAErxJb1dK
364,2qnNUfbNRInP0CqsXYMYfF
364,5jROdl6MhcmP3O7h2sVgtw
364,0gucUyFMFRMlUiVn9US4YX
364,2uTrdatngtB000duMrfbiV
364,3SsJ17EnPIu1B4GZshqjIS
364,1kga1HtTWs6Jv6kTKieN6m
364,37Nqx7iavZpotJSDXZWbJ3
364,2LBqFFGI9G5hn136dS4giv
364,4MyiAZ0G0LhwfTfEJxrN8C
364,7u6DMPznGbpziuEgCE0JGQ
364,3lG6OtGDsYAOALxEmubQQm
364,1cMU20gleQO9xYjCeni3DJ
364,39q69v4D15oSshBmlJrkmW
364,0hhzNPE68LWLfgZwdpxVdR
364,17phhZDn6oGtzMe56NuWvj
364,6WUjz18yIeTGDR1E69WHtf
365,4zI04ezdmrN0lT2pHykYrd
365,3pSWJ0GVYVRH1dTWSs9gma
365,4ltS9OKF5v3bvwCqrB5Fg1
366,0fB77VOZ2FkQeKLv1DuEwp
366,4ROYC4vHfPZ28mqz0eLrzL
366,2DBxhQbwnuXDioUVdL33S2
366,6ybxYbfq1BVsVk5F3R1kes
366,0YmcHurKqkzDQeHB8zuzk0
366,5omYVLodGmaxnhua99xIE8
366,4kfSXPK13aXkLzuz02hCSC
366,1hbbMyfgxjcFrW2v4ll8uQ
366,2J0TjDpiUlwgFRvVxtaLud
366,6BnY0YochAURSXSR3d5N7O
366,1kcwpPDQnqEqmezzXdJTCP
366,22OqansuvEMQu9W0EfiGTI
367,5mFMb5OHI3cN0UjITVztCj
367,4rO5VOxTbRSRuuwCQ5D1Bl
367,09WAnxdBuebQopKhJT3oZS
367,4TlZtoFcV9fKSxs3RVy9Td
367,1UuaWKypSkIHxFZD03zw4m
368,07nH4ifBxUB4lZcsf44Brn
368,26QLJMK8G0M06sk7h7Fkse
368,0rt63HYAAIzUZo5O2D0uA6
368,6c8hSyRiwHXNjerMJnAIFk
368,0NwGC0v03ysCYINtg6ns58
368,3WSOUb3U7tqURbBSgZTrZX
368,55yzNlKoTi4uRWmXBIc98n
368,1RC9slv335IfLce5vt9KTW
368,3A23InNJYFYmWTnT6SH0Oh
368,2nPfKVwhD3ndWpLk7grx0Q
368,6Vn1vje8yMw2OY6IOk9dkH
368,2CVV8PtUYYsux8XOzWkCP0
368,1CkPfZMwCeNid9kFTyVbXw
369,3hpm0fTeSqlhJbnqAgaLZs
370,5E02BgqYNN9VzafXrYP6Np
370,3TeNkdbYRK8mGfvTMZtXBM
370,1nW0lHGLpE1iQDP5Nvt3x1
370,5fHrHoJKfCgBd35zwIBmUK
370,1lguQJjlNrIOoOylYVZN3M
370,6RcAHyC5sAUIbPTkhOQwd8
370,4WLQVGtxD8eqDPMX2CiZlE
370,4ZT0wGKwlJRjpMUuwZVy3p
370,3ddJ8Vbc5tYPxq5zKRVke6
370,26QApq0cuO9brJigr0C0W4
370,3sW3oSbzsfecv9XoUdGs7h
370,0flSGzqHO12p9fU9kqaHGE
370,7bDnRNTv04GJwjPaDU4K23
370,68qeaZhtMZ6abrJCYt6nQn
370,5bjB0xPlN7fR1roEedzQvg
370,4BhGTc3Cgay2U1QcTS7vQe
370,0h1DSQbLoW58G3DDxmhxKx
371,4oXg7xT4ksBxHTx8PcmSXw
371,5iyE2d4U3Vc5cqY9mPTlpy
371,1bv9wrUiUgjWfahxVwtGSr
371,03bTIHJElXZ0O0jqOQvAbY
371,7uGYWMwRy24dm7RUDDhUlD
371,5xMw6qCcpd2gBXPGTegC4W
371,6sGIMrtIzQjdzNndVxe397
371,0DWdj2oZMBFSzRsi2Cvfzf
371,3BQbwXb8lMLLRBeLl6HTu8
371,3dj4wgM3cPeuLwMNHDuBon
371,5BZsQlgw21vDOAjoqkNgKb
371,76TjANw8kPHPJDv8X8chQp
371,4YM3IYESNKXWYHbPXvMMVD
371,4fnNBPN9W6AoOYSQS3FJxT
371,0R23grfg7MaNE9TUpNNQUU
371,2Uts1QFB4u2YNIMiqcb4de
371,6mxNtI7ZsCI0DySBPUH22p
372,1xWH8zYtDeS9mW1JJG23VZ
372,5Zc3d993GDKljZ5d6NNk3b
372,7rzzByujLJIBXpyOCnJhfx
372,2G9IqD0eydBfEaQlNTjij8
372,5XTHW5MQBvM3Ij010hzUeI
372,0NrtwAmRAdLxua31SzHvXr
372,3JVVBG4lyaUX2Mvxaw9viu
372,3aGv9jITId050BkCMddYOX
372,4cgjA7B4fJBHyB9Ya2bu0t
372,43iIQbw5hx986dUEZbr3eN
372,7kNlRLC9PEH8nXMVawssMx
372,2arETTjDUyUqXR0x5g6E8U
372,2X485T9Z5Ly0xyaghN73ed
372,39u2PsqrAZpZ0KPx6CjasV
372,003vvx7Niy0yvhvHt4a68B
372,00NmK2seXpRFNAEsRBe7lc
372,3utq2FgD1pkmIoaWfjXWAU
372,73URX96PE74KPnE9ogX2ib
372,0yyyapBjZ9Ek1vcpp3e9bj
372,3Qwd9wK176KgmorU7fCW6S
372,2uflssWlCaJ6CbTMOsUpNI
372,5rgrBsAFYMun6yhtnLKRPz
372,7qiZfU4dY1lWllzX7mPBI3
372,40gvh6jP5qxMJuMmF9lG9A
373,0KtV18BLmyIOYHCSISmVl9
373,1ZyudLFv35SRvY5SvTZqJx
373,1UMXtudajhlocMzXVSngDU
373,4MjDJD8cW7iVeWInc2Bdyj
373,0H8XeaJunhvpBdBFIYi6Sh
374,7M5Hi8WuBSsCP5ioxG0pUf
374,7kxmcMUravCNgfnj8Qq2Av
374,5yvhdo8FXbBsIllxv2Rr94
374,25KybV9BOUlvcnv7nN3Pyo
374,0YNtAadZvKBBEFARtfoCV8
374,20BFo9REyGdCxrlPmD3xph
374,0FolPJnYMo71Z7qasTuoJT
374,2rRQYSgTCkLWFvMXYhEpfE
374,26AuyrZGzWWiYZPSd3XBIg
374,19RybK6XDbAVpcdxSbZL1o
374,0IDKI9KI71q4YPrW58hNtA
374,1pzN8bCzy017iK3vWzkk6Z
374,2Zy7XVdxyZQB8xp5xbpJdl
374,5tZgkV8FTe3rtl8OcSeQAb
374,0cgD36xPIJBdKUNJRHYDgP
374,5cn4RhNZPPjt0onhqUMEfa
374,2qLcJOLrh6Djda4uLbldSA
374,1V15l05snHYHYVxerjMFGo
374,1ObS8I1dTlxdYM59TsZAmi
374,2h3MDMf8sd9s4XIzpTBIjX
374,31L9yLXSj6LpCFupyMV6CR
374,0H8XeaJunhvpBdBFIYi6Sh
375,2gGyGhrur9okI0UBIDXJEG
375,72PVbRKkUimweUPV0nKAPs
375,4ueTr01dkL360w1knfh21C
375,1QWmKmqhv5zcsS3v45FNl0
376,0NDOVMOT6ah2k6HuXLrq5x
376,6lzc0Al0zfZOIFsFvBS1ki
376,0gE6AxQsDnsbSEY0aFTm5C
376,3JNEXPTnSxqlxNqhTW61D2
376,0SCO8PWjkv8ppR2QVAOphv
376,3jUDqkHatwtprUmZ8epP8P
376,0jkzxxDG8z3Y5OmfNl1VM0
376,6otePxalBK8AVa20xhZYVQ
376,0O3U5iwTbiXCREMkvotJuN
376,20dP2DaMHIAmwWAbp7peSr
376,1kbEbBdEgQdQeLXCJh28pJ
376,51BaWtK7IDX3CaxlmQQ3Lo
376,2cBtsB7Pi89q9yWk59a2sX
376,4Cdb1dE3pfiWlqnAIcImyQ
376,5kI4eCXXzyuIUXjQra0Cxi
376,16dUQ4quIHDe4ZZ0wF1EMN
376,2O223PoYCkIPSsE4cmnr9v
376,74atKkOasLOVzvqB6mYgga
376,6bmg5bRyVsYEDwpvrdAk3A
377,6jDGDtQPC46pFqxph3qdbD
377,7E1jVNoWuemqUryI4FxsVD
377,7Cz3jTJOZkwU0WCKBTDWLP
377,3rCNmRonlHN1TXQLcG3dSk
377,4356Typ82hUiFAynbLYbPn
377,0k0vFacOHNuArLWMiH60p7
377,3DGcOWYWHODmgeY5nGnEJ0
377,42VsgItocQwOQC3XWZ8JNA
377,6iYMfxznTBlcVOgRHab2W0
377,3HOKxuTDmNVmIlCIpBiD8m
377,19m3E0nMZobyA93AxMXC32
377,5VP1yXviUwA0KA0ewit5pe
377,7JVAVLkkhpKOp8g4jX5Z12
377,5wPyd3IQAZft1vmxoIqGrU
377,3GEGJVMKsI9OcVGMQsZ46R
377,2C8BawsbZROHDBUnobEbTQ
377,4ZNKaE8fcrtDPsRK8RkQIs
377,7KDKBWgusjNgJXX2494v8u
377,7Km1xUI1qByxTCNMf05BZ1
377,6uaBrivDHCaV0uBTiwHTUi
377,7E4EhLK8mG4ORi3QR52r2A
377,5VQpJ2AY2iMzrRZKgcvNjh
377,3zJakbnIw0ufiVnIFkLfA1
377,1BDLD4c07q0bmq2VCRsXoE
378,0DougW6R5ZoPKhOMGFBmRq
378,4EIFwndJvGpgFjsEbNuYif
378,1n2wszmJyVkw6FHqyLnQsY
378,5P3yUXUC9rZPJPNmYGKEAz
378,0725YWm6Z0TpZ6wrNk64Eb
378,7alOsNr36sJ8CyOEP4aILq
378,0otmDG441slQ7QYZUPgBcM
378,3r9fAceWmaDFvbNiTnFiLr
379,6UelLqGlWMcVH1E5c4H7lY
379,6mxNtI7ZsCI0DySBPUH22p
379,7kjEqI6eZ7YlFrGhxixnlN
379,4bEcoz1OcfMgUbp2ft8ieQ
379,7F5oktn5YOsR9eR5YsFtqb
379,2aYHxnMF2umAavtgBvmkY1
379,05od2qm2MTSKCHxy1GBp5W
379,7GALElZRLEkzaxZJ7TA0I3
379,69QHm3pustz01CJRwdo20z
379,4KULAymBBJcPRpk1yO4dOG
379,5jTIePmUbBUVjJnpZeGiM3
379,6rAy2MsMUabbqu2VygrblP
379,1IdZvb2XK8NmsovQlV6CPn
379,1I55Ea0zVoSKs6MqW7DQ3i
379,3lG6OtGDsYAOALxEmubQQm
379,66YHxyGAUGjMBDdrDlWIMD
379,4MzXwWMhyBbmu6hOcLVD49
379,5qRt4howTYyg3XzSNySKO8
379,62xU1NllqWBCbkZFTXEqzF
380,22bPsP2jCgbLUvh82U0Z3M
380,1nH2PkJL1XoUq8oE6tBZoU
380,3yWuTOYDztXjZxdE2cIRUa
380,3pY2M4k9BSk7ulLBSV0tcX
380,5Y9fnynLlIvqtM710MHzfz
380,6LBpGdlukUARutol7VgWIS
380,4ltS9OKF5v3bvwCqrB5Fg1
380,1appZ3c336FkPvCuywfmrs
380,0GDuL9TCO41PgsrKWBSGlm
380,3G6hD9B2ZHOsgf4WfNu7X1
380,3zEN0ii6s4DHHBpnTp3RP7
380,5g30WoqK1Dv5Bnwpusp2vk
380,3S8jK1mGzQi24ilFb45DAZ
380,2qnNUfbNRInP0CqsXYMYfF
380,1f2V8U1BiWaC9aJWmpOARe
380,3c5VB77JWXirY1jP2do3oS
380,50GxvQA2KEWNt31EdwIlzY
380,6cm4pRaaxCbI004zWr0Gvj
380,7996f9NZeypc4jqfc6hJUa
381,7ByxizhA4GgEf7Sxomxhze
381,1f2V8U1BiWaC9aJWmpOARe
381,5USsRaiqL1RNKRm1fTJ3JM
381,113xf7t4qNM7038YJvauik
381,3CEk3KwDixeCKOVPacup7L
382,5D34wRmbFS29AjtTOP2QJe
382,0Pp2I1kM3JnnyAX2S5jtHG
383,5SM5amC17V4itA5jxIICjS
383,4tgKstWpyU8mtWVQp7ojbM
383,3RwWW7KeVhHGayYJgUL5eZ
383,2JiHR4gCDjXwYVRDmwdk95
383,4o82J5zr4DFEs9yj5szCVX
383,3h6lMYfnBwx2rpeAsi6eO9
383,4gXdMZkBN1neE9nX6yRALa
383,7hGCCQkdyF1MX6uk339uBS
383,6MgGapP3EPFm9kYUvYBTZR
383,433P7tDcIAi6NLnf4Sh6tI
383,4e8HMW0GzmlDWPoRA9romo
383,6UtWwuheJr5LLDeVypPNx7
383,2m3ObD945KvpE5y9A1eUWm
383,6wmAHw1szh5RCKSRjiXhPe
383,0D3HhtkWfHXuyU3sVm89hF
383,7AbqgE05nFl9qY4FRUiq2p
383,35wvL50xvKpCHEJPxLOLPI
383,42XcFis8b2Yesn6J06RyXP
383,1kga1HtTWs6Jv6kTKieN6m
383,3BovdzfaX4jb5KFQwoPfAw
384,3l8zyeHnG8u2q7H4FQyVtS
384,7nFYnsLIX8EhyFJcPgdIDX
384,1rKQjUhF9zFJmuUotr3VkV
385,0mNzElhEofvgMWAJoOA4q9
385,2EFZ9emtKWEglWUQGEQ3P9
385,3WDC9FGrNT9TbFJp9gBIbm
385,1NlK2NtpuUazpziLhnJwEV
385,6CfrYuD3YRDYdYvH9jNtXY
385,12KUFSHFgT0XCoiSlvdQi4
385,2kZoOj1n5vk9BuF0sih58M
385,0Lt04pLGDo0EnmguFgpv5C
385,5cfsQZEFf1IpQr8F9vI9le
385,0725YWm6Z0TpZ6wrNk64Eb
385,2yBz1hupoOBncorzuKcJ2z
385,0VjIjW4GlUZAMYd2vXMi3b
385,1Se0r96r0gnqg67kJPmESc
385,7iiULg8Kmbnh1vWbh9rnBA
385,1zhvxTuSha22nsUT5Nw8gE
385,7awwmuGslmuyhnlpFipDqk
386,4tMhjP02FRQ0KIUUEJ2oGK
386,34gCuhDGsG4bRPIf9bb02f
386,4qvsNsA4gQKC9HLrmPC2Vx
386,4iZ4pt7kvcaH6Yo8UoZ4s2
386,0jQxmtJ0XrQAB5irVtdxTK
386,3WYW9JpdalkQyvDJLFSpUp
386,21yRtB6B8EMounImAfHRCP
386,1jgTiNob5cVyXeJ3WgX5bL
386,5QD28FqaM3jTfsqWwvRZwv
386,7J67Boe7skkGlM5HCy3JHR
386,7Dx9Z6Aon1qPS2N0rHSWTe
386,3NLnwwAQbbFKcEcV8hDItk
386,1P17dC1amhFzptugyAO7Il
386,3BprrMTQ3IlFvHW8oFTTQ1
386,2pFEbA6GdNxBOMn9Egvowm
386,5qII2n90lVdPDcgXEEVHNy
386,6Qtngx8oTu8BEfasSIhpEY
386,5ePiRipYivQM29vGNr3S1a
386,1KnJwhZU3DIBe54Q4HPpIl
387,30LBoQSk8gjcN0hWCWtdbF
387,5iyE2d4U3Vc5cqY9mPTlpy
387,6bAVI0vzQI5ERCW8X4QGhU
387,3T06rGO2dVEntMvym0vpQu
387,1bdNW5chWyLIenlLVHY64Z
387,4191RXFPa7Ge9XkA4cWlna
387,0PvkxArXWRKoQTT0ttLmHI
387,0pNeVovbiZHkulpGeOx1Gj
387,2ctvdKmETyOzPb2GiJJT53
387,0FJqXBo7ZHrskhH4owaL9S
387,6NfrH0ANGmgBXyxgV2PeXt
387,3NuLxTXowTRcguTh9RsPmM
387,1hR8BSuEqPCCZfv93zzzz9
387,2dcPutROdT0VLw2ajhBwTc
387,4T1iiabe7G0UjWQJCY6NE2
387,34gCuhDGsG4bRPIf9bb02f
388,1mw0RgNXIpYRyyCdBQbLgA
388,0VhgEqMTNZwYL1ARDLLNCX
388,7hnW9af7GuGH5lyUUTa8UH
388,32lItqlMi4LBhb4k0BaSaC
388,466s1BacUmiRdR3ISvNjyx
388,1qKCO2Tocwg8CbepJ9uDtd
388,5ieqvcZfycFIMJnF84D1Du
388,6cWhEExHUKZR3boz4yC2Mf
388,2lAUq68F2bt7Kc218n9FPp
388,46tv0OqV2s15z2Jvb2E1fe
388,2K7xn816oNHJZ0aVqdQsha
388,0zzdXBwYgPZR88QZr86hWF
388,5Nz7hI3cCOHmMR4vSLJ1An
388,0sSRLXxknVTQDStgU1NqpY
388,29YW2xXlo6Pc6M0SBTCXYN
388,1tV1G9juUCSNEDdVhCaWKh
389,2aYHxnMF2umAavtgBvmkY1
389,2pQoErkcTbLdQLnUtMYvuZ
389,6DkXLzBQT7cwXmTyzAB1DJ
389,1YM6c2sxbf2Jacl9IFgn4I
389,5euYMGygjq2IAfpzOD08Qb
389,06Qo2fYR2KS1F7bL338iVT
389,0E3e4EZKheJbBbisNcSR1c
389,4a9fW33mYR8LhXBOLUhbfF
389,1PuQTv1Kr1gzLgVeATSuh6
389,7gBoKtmVpD4QQ0AJHjpo5L
389,00NmK2seXpRFNAEsRBe7lc
390,58lcznIKSNlOVdmklrPA99
390,6eT7xZZlB2mwyzJ2sUKG6w
390,3pSWJ0GVYVRH1dTWSs9gma
390,2xDHUsWEsH33sKbFqDZPFj
390,53dtP2iUMvaF28JZcHnFuU
390,7awwmuGslmuyhnlpFipDqk
390,0jX97Hk6L8ImeVdTTWXZ2D
390,4wTvw1dBiPXNiHTh0zzpcI
390,2iqHcRoOfLl1fXCf1bGO0J
390,35D1RA5uVFVhMc1qX80TaQ
390,7KA4W4McWYRpgf0fWsJZWB
390,6EBNDe7okfEut5WMf9tTIq
390,1JcIXOir94YUYBt2cXTzn2
390,2Ao8XIYegiChCOII2kk7CS
390,0L5gFNrzHyh4OhMwEz6DGS
391,2mdEsXPu8ZmkHRRtAdC09e
391,2JoJrsEV15OzbijS47lids
391,4BSR9I4ExlCJdXJo2GpBD5
391,0KQ4DeYVWAoIDDGGxHEKQo
391,6i2XzqnaxvpNVTUw8EjPMU
391,0mO6oS60RST2sWmN2FKknP
391,0iQPnK3bi7O27c5T2HBTdr
391,5sVrb7EJxs2LriI1m3KuX2
391,6272S5nkbOvQDazRYq6muV
391,4evMMKc2HD6fV9slMfgkMx
391,0zLA16D7GXoT8K7XFaiCv3
391,5rzI6Jnlhx8DgVgsOLorfW
391,13e6f8t7RKXuxZ0JdaaJRG
391,41oY4WCTj5kccfesTVFnvN
391,1lcBt7LoEikqYmhUoa2cez
391,1gHF0I223J5pv06SuBcmkz
391,4tgKstWpyU8mtWVQp7ojbM
391,7bpYjSF1pw7Klp38Y9rJK2
391,1MKOPZWwR9WAzlP2B6tn5o
391,24jE1QNIeA9HH3WOaGjE9s
391,1JcIXOir94YUYBt2cXTzn2
392,60KvZItTS7PpROovaNVQcy
392,17wMOhLqVB3DRCmTaLjwVM
392,5i6V88QD3nt9at4915JISY
392,32iNr3J93tqFkxaMYwdRYi
392,6NMtzpDQBTOfJwMzgMX0zl
392,4ppTAJUbNXELZcoUaL90wo
392,6EUfOXUQtIAHKkBBOqMS2w
392,5xbrhx2tMMcN68IT3cJbhS
392,49iNhnDmNnHYxPvEIVtPiN
392,30Y4CV7A6YqtQtTTo7Ue4j
392,1Tnw0ItH1Macok8gblnPPd
392,2Ryzn1QqRKIKbAMNEXbLSB
392,2tUL6dZf1mywCj5WvCPZw6
392,4Nf5EZ40JenjMUKXOiyRU5
392,3RXUgPNIbUgFxsDWuBQEt6
392,2nnRa7sSls2t9zf7x4zCNq
393,5aRZk9oWIYUB5alrTs8TTV
393,6PS9AdyOKTPwlDPfLzJ7Ow
393,39fD0qvjgk8RarJnoBiDTx
393,4hf0hL4kWyjWztZzVsM39V
393,7Gvf6Li9MYft4fUijkFjKq
393,1WopKLOG4Kud0H1r3xrCfT
393,09WAnxdBuebQopKhJT3oZS
394,4V37tyDu9CtqYshvrgLke4
394,0lc2neV7ZzjZExwCIVG2B3
394,3IS0tPKRymmP8GwXeuLNn2
394,2pFEbA6GdNxBOMn9Egvowm
394,4bvqIVboftRLtgT8WBOXCI
394,0e7ipj03S05BNilyu5bRzt
394,2Ch7LmS7r2Gy2kc64wv3Bz
394,2wOvYLilnDJfuPXGHGFAWZ
394,3jA5KKyAh3RS07CHzyi0A2
394,35kahykNu00FPysz3C2euR
394,1dosSsKwYF7hoQA2kuu6wI
395,2Z8WuEywRWYTKe1NybPQEW
395,5XTHW5MQBvM3Ij010hzUeI
395,6r7ULK6c5CLVvImjTIztl1
395,5TFD2bmFKGhoCRbX61nXY5
395,0HPD5WQqrq7wPWR7P7Dw1i
395,0UvZcEfpzVyx47QsRbjyBz
396,2bTRpIxPniQmrSgwmtF1b2
396,010d0LZvE7DRojYxuZHzax
396,3nNmRE0DxHC6ZaKkrpUumS
396,34xTFwjPQ1dC6uJmleno7x
396,0T1pU1RJETgsv0oBsrM2kt
396,6rEJ6ncZKq9EM3TwyMhTDo
396,1p5M91qghUkzS4gwuMM22B
396,6dOtVTDdiauQNBQEDOtlAB
396,4Apb0ut2uTYIFxavAczqKd
396,4ABYxlb92WBIjHu7TIKmml
397,2ZL7WZcjuYKi1KUDtp4kCC
397,39HsFsNfFYZdpnQfq8lbS3
397,6mmPe3Y3SEtYb9HZsHTyrj
397,52ojopYMUzeNcudsoz7O9D
397,5F94xbz85nE6wfZGHqOMCG
397,0t2Y8BKBhtHQTOW7nzyIc0
397,4gtjUlg2vc9eY58zW7qDWK
397,1nXZnTALNXiPlvXotqHm66
397,4a1fh9vJMMoRjNrBmEWoM0
397,2aJnyNu4PQxQ2lyj5boiMG
397,1Yk0cQdMLx5RzzFTYwmuld
397,6xGr4tVzpTX99p9Cf0hRRL
397,1Rt5PxKde8JdrCk4ZTnu0g
397,5fDDQmf4HaV848CIyrP2vl
397,7dB1PiZseXwBZSObScI2nH
397,2dyyOwe0KxTZTJjjXDeLmU
397,75n7mraeMycQOl2sDGYaTe
397,50aQbgfdydBXABx2gATQHn
398,1jiFg1lHo4DezwMpR9ktwC
398,6KfoDhO4XUWSbnyKjNp9c4
398,7zK4UxuBYdenyXNHJ3U6HA
398,71F3mmSm8iCENJtgHG3qeZ
398,2srBfmUCKOGFoTI7kZiiMB
398,6UjfByV1lDLW0SOVQA4NAi
398,6QdwUxKYnMsTGaHP0kuq7T
398,2Dh9TqU8nHVXKrpep1fWoj
398,25A1RmT5eh7C99KXfESRj5
398,6jPFaBQGvDFrcyf5kQAJ6G
398,1vMuSYlp2Im8Gpj6JxRJfj
398,0SqqAgdovOE24BzxIClpjw
398,48X4D1FYOShPz2VF3YdfCF
398,45mVT3DCE7AATXgESSdfee
398,5omYVLodGmaxnhua99xIE8
398,1V14rt4SEpMU1wCdmGz6eB
398,76gUmNLXGQVOsGhfcshkFP
398,5dGVfomXd5Ncq05wQhHI47
398,5Fohh8kl8403DSoq4KH7Ll
398,5Bedn0svl0ZD7RGmJkmKKw
398,6PdWPdgPoVCT9WLFMVnhxx
399,5Qya13gFXqupr4sSmZMKDg
399,4JpazKcfOhbwqZrsYhzHee
399,2Eb7QQ5soJQBEYTfSb5BS6
399,4jBfUB4kQJCWOrjGLQqhO0
399,3aZptNYC6Z1YoumeqZcDcQ
400,31xPPj5N9M2FxAf7raygym
400,3S6m6J4ExpHdzoV9Pfxa0U
400,0yyyapBjZ9Ek1vcpp3e9bj
400,5JBVrYNpJEa7eyG0E8UMvX
400,06Qo2fYR2KS1F7bL338iVT
400,5KLohKNLMLibqnG0FdmbvX
400,3yWuTOYDztXjZxdE2cIRUa
400,3fO566xJgwxIa3qGCGBvIC
400,6dIIwvSCxyixY2y9vJmyVg
400,0fLeL6TVmrMgDMW1iC1puo
400,3ElI5xtTBJlYf5sFSiNbJD
401,1vEK7QlISGLcYm7SLZFaQR
401,6ghDayhHeBXAP4OOnnrFW9
401,3IvMYBE7A3c7to1aEcfFJk
401,2XILlcy7137nRpVHDGEttO
401,6TIU9Ehmi6dMzZK73Ym4yj
401,7quUr3mlWKcQuBRfl6g5Sn
401,5RePVWy39tLpHH0WwXgBsK
401,0Uvf2v96tJ5CuyK0LtyAgd
401,7rUnZkS1JeOUYt62TOELeh
401,2gNfxysfBRfl9Lvi9T3v6R
401,1tGGJ4SRZnd2H0E2dV05iM
401,3HqcNJdZ2seoGxhn0wVNDK
401,6VfL3MEuYeJbDlD8m011HR
401,2bo1tTjK87OHKKUDFthqHx
401,2gIRXLzCOpyQScaXylxzmk
401,6Alp15t6urC4opjJiyOqZu
401,5og4Qzt92jJzVDkOtSEilb
401,64JIAZ0bS7WoARYfWQGCoz
401,6JNM6pLKbXMGG2opeExCb2
402,6ZprqcYFC6D9eIZaCoqrSn
402,0HyCm2IYlKEhImmdP9lgG7
402,4HWDNZ1i6gyzu9tUbNhC2C
402,5bjB0xPlN7fR1roEedzQvg
402,2yg9UN4eo5eMVJ7OB4RWj3
402,33QGu6xtTr8QYXfzxZi4ib
403,2Jfsw01CDT5XetSFROs9v5
403,0Uvf2v96tJ5CuyK0LtyAgd
403,3AJwUDP919kvQ9QcozQPxg
403,5k7JSycp97vL45zSOoUsTE
403,2tUL6dZf1mywCj5WvCPZw6
403,6QeYSvYqYUsfBzsApbjDHO
403,1YYfyJ2yCvGFCxwjsIqEK9
403,2JUqYobT8NvARdPmc4ES2x
403,6jy9yJfgCsMHdu2Oz4BGKX
403,0fonaf88IEDQM309zmU80L
404,0EaLRxrtnq7Mqhdf8q9txr
404,6K8qKeWo5MsFED7wCR6Kop
404,0GgN4MhR5GKn5IcKN0e0rG
404,63hHlajVLQnlFMAqSyePxO
404,2O99aywAVBhaPrsiJ6zbSS
405,4TDPlp7OSOjuDU3l7PCM04
405,6mmPpaltUZK7xjNlBPQQ0p
405,2wnhst8yHA4gKuojAgZedh
405,4D7BCuvgdJlYvlX5WlN54t
405,3pXF1nA74528Edde4of9CC
405,3s2f6XU5sJ6aqEe7GgDBta
405,4q8bfTmtDfgLGmDc5IuoIQ
405,7gMfVc4zfNIxuMyMGglOHa
405,3QT55sRs0R7AVFhBxSxrZN
405,0DwFOBIvJ5Q569M4tsTOI8
405,0w1qp04v2zehJXctW0JPjy
405,4wH4dJgrsxONID6KS2tDQM
405,1v54pVfqtSC7KbTu2C2pnM
405,3xqWiKFFYF9Pv7H1nNoZFd
405,1a0PcmEJAOEp4ZT3YtSLkM
405,0l0vcZMU7AOeQmUIREoI2U
405,4NoOpkVBJsRB2YTiP9vRJD
405,4GDpPRKZA5GiCMWzwnm0ms
405,2EqlS6tkEnglzr7tkKAAYD
406,7IZn95vTYrhHRbFmZsdD2A
406,75GHF6q3DHtjNDVISy62rk
406,1hOHz9pmlqNVxHE1fyzbkr
406,0Zh3tKIphLOvQux4dA6PFZ
406,7DL2F2bueQycqYjqsjHYjG
406,2RfYofkWwN77WJjR1rpena
406,4evLyY5Ue1Wesc61t2KXAU
406,42Uw9frN5ZVX40mRU3hHFL
406,4dh34dyav8M5jCN3yidn8Z
406,3S8jK1mGzQi24ilFb45DAZ
406,1pacwLXyRO47ka0v6LTIiY
406,0IuE6FnXPCdZ8NLuuvJRhb
406,60KvZItTS7PpROovaNVQcy
406,2Zy7XVdxyZQB8xp5xbpJdl
406,6jPFaBQGvDFrcyf5kQAJ6G
406,6tnrFU8iLQ6orFXjCA3flL
406,0E0DRHf5PfMeor0ZCwB3oT
406,6tHVEMyRfxGgQuXRzl2yOF
406,5BHd0eLqg3c58QwyohoYga
406,07L1pzoVerhRSSaDGZHrKy
406,3y4q6bBdbXsTIaPiwiiUfy
406,4st6K8nGBjANh0mKNvOpnt
406,6pQadiopoIsS4x78tjSkJt
407,792FHkvZbBQuWWM1a4TfL8
407,0KKkJNfGyhkQ5aFogxQAPU
407,21B4gaTWnTkuSh77iWEXdS
407,0KQ4DeYVWAoIDDGGxHEKQo
407,5VlCTpGdjw80KMurUUhT4Y
407,4hZCC64Rv4MRrY4gJSfoWi
408,6J5kc12BW5HuP3d7C3vvx8
408,5FVd6KXrgO9B3JPmC8OPst
408,3h6lMYfnBwx2rpeAsi6eO9
408,7J0GgWPMf5OTSJK6uXxFe0
408,0d2Ik5rp9Icd1oqn4178x2
408,7KXjTSCq5nL1LoYtL7XAwS
409,2VEZx7NWsZ1D0eJ4uv5Fym
409,75W3SngKzTuoQ94uLf3y82
409,4xRxYWgAtL6pzRz94GlZlA
409,2P61EK6DMGyVyssLWS4fKy
409,6KJqZcs9XDgVck7Lg9QOTC
409,5MMLS3xm12D7N26xlfFApr
410,2NcQic8JxdjAlAHuNbOIRE
410,5yMyLZu4wPvWcbLFiRhYVM
410,7I7JbDv63ZJJsSi24DyJrz
410,4kV4N9D1iKVxx1KLvtTpjS
410,5kI4eCXXzyuIUXjQra0Cxi
410,2dcPutROdT0VLw2ajhBwTc
410,6jy9yJfgCsMHdu2Oz4BGKX
410,0pMUgJwp0a7Wxypy8xfmMO
410,6PdWPdgPoVCT9WLFMVnhxx
410,2qYIFDagoAenwAoLeS9FNr
410,0wshkEEcJUQU33RSRBb5dv
410,725fdnXEqS0Xs1sTvdNuHq
410,4z28MCGdR3K7ltAscZHacM
411,7uGYWMwRy24dm7RUDDhUlD
411,5whbaLJtfCN3YNe9Rp5qj2
411,3oDkdAySo1VQQG0ptV7uwa
411,5WNYg3usc6H8N3MBEp4zVk
411,4VuS959DSpr82t3qBqCrWG
411,1YrY0vjHWp672gt0crtj5A
411,4nwKdZID1ht0lDBJ5h2p87
411,3GZSVedXaTqScGsewGuAyi
411,2bPOr33Dh8usjH01h1wa3N
411,2nqio0SfWg6gh2eCtfuMa5
411,4MyiAZ0G0LhwfTfEJxrN8C
411,6y1JKzkFrCvLZ4k9qbHP4t
411,6WqKdBOuiFSWtjUoy7q8Bi
411,0IuE6FnXPCdZ8NLuuvJRhb
412,6jbYpRPTEFl1HFKHk1IC0m
412,4ksuI04WMvUnJbHQjgs3L5
412,1MDQ1IsavnHoUFnxxKB2qf
412,0iSWAT0EL8TwmzcgBjKMh6
412,67aaFVnfvFWjxVQMd0jDb5
412,40a82F3K2UTbeoLlXXXZBd
412,7MjSipTto9QljYzZnloXOn
412,5hplO2Sk1SaZgSaR05m6Nn
412,1uY1X8YeBixs1FdQ3fQ7d4
412,7KGwRAF99Ryell3B2T4DKy
412,21IVPfi81m6ywNgOvqTj1i
413,2ZiMlGDHNEIuK0M0DL4Xel
414,2QwObYJWyJTiozvs0RI7CF
414,4atMrAadB7dS8xn9vfk9PQ
414,7x3Qs6ypdqt0GknNKoSLPq
414,433P7tDcIAi6NLnf4Sh6tI
414,2J0TjDpiUlwgFRvVxtaLud
414,5X3dOilXRTEVqyRbZhM49U
414,6IUiqtI8tE49sqGbmtrNd8
414,4YZbVct8l9MnAVIROnLQdx
414,0MrRAUcB8AZiB9ue2VOBYe
414,77sMIMlNaSURUAXq5coCxE
414,4XmQMFVOdI7dstMgmhThyJ
414,0J8oWLQ8wp3xparv98OJsa
414,7eQ0SV1eQXSZHBA1x4mcYu
414,3ddJ8Vbc5tYPxq5zKRVke6
414,4Yw8TyBm9J8cpy2guHUYog
414,0nJW01T7XtvILxQgC5J7Wh
414,2bo1tTjK87OHKKUDFthqHx
414,2PFqkLmTU9k5CNLN6jMMmr
414,1MfPKCJuFFv78Ergc301tI
414,2SJf7W18D1AEpr8L9ATu0c
414,2oKoID9gumVTvPKuropmyS
415,1s9DTymg5UQrdorZf43JQm
415,5wWAwzGp2OaaoIkwcz6wZs
415,0LB0SY2DW67uRjbDWcAHMZ
415,2Ao8XIYegiChCOII2kk7CS
415,0a4SMs889NwP8oWI7Vemle
415,4356Typ82hUiFAynbLYbPn
415,4UBKe75v9DYcehHirq4ot4
415,1wOp7yTVyH176bW1z9WAiv
415,5c9vvmRxose2Qk8JOxpxrE
415,35kahykNu00FPysz3C2euR
415,1rO0uD1DwejqeZLNXTroJK
415,47D1TIULCsrnqi4qs98Eur
415,7m6xr2HY0BYmBDTh2UIx02
415,6CZpEC9kyyCJWWZKPnviXY
415,7CCuorx4vpWM7zdoDlvtdu
415,2Gz6CxFe1GGiRRb8zFJHRv
415,3xxjOdeAwsrzwUY0njaiNS
415,6UelLqGlWMcVH1E5c4H7lY
415,3m9ffnQYlWhsIClqADZ5SO
415,1ZycJRpLOazlLcoFGxGROO
415,56PcHo7KZjdziz0gg3PhdF
415,7ucEkWU0SVy0XFdfXESgfY
416,1k2pQc5i348DCHwbn5KTdc
416,3cm2v6gfWuixcHL2A6wvGl
416,4wVOKKEHUJxHCFFNUWDn0B
416,4e3ZNTAV6PCrdYMUrUlMpQ
416,6bybm83zbdf3mo4aWN7mKJ
416,1GEOSS415bZVHNuXWlCT6b
416,4a9fW33mYR8LhXBOLUhbfF
417,0msrDPXxZpts4FRnoX0bFr
417,30C1FoJzEhNUILsxghioGz
417,3qoftcUZaUOncvIYjFSPdE
417,7Moee27EB8Qc4pNTzB870r
417,1UJNbgfTzG1gZZTWFJdMf1
418,2x3mwb96B6TquRqMtbxUE1
418,503OTo2dSqe7qk76rgsbep
418,7d94IqWX2UmSKMGUYSGFJG
418,5uCax9HTNlzGybIStD3vDh
418,6tHVEMyRfxGgQuXRzl2yOF
418,2yg9UN4eo5eMVJ7OB4RWj3
418,0WsC4ETIXyiHDMXRaPMvKe
418,0sHW1jXe6Sou3437gJQNGA
418,5YPMEOJ58kfl56VHxTgwx3
418,6rjtB7KSIiJ6v9vrACMlqF
418,7sA2SKTo1QbTSSYn5YvJC4
418,4Af3RDyqbpNFHzEtQwt57r
418,57yL3161hUMuw06zzzUCHi
418,4b7mLZQWsy0rLnrMtPA9fQ
418,1HbcclMpw0q2WDWpdGCKdS
418,759ndr57jb0URg4j9YSWml
418,6gRGMnzrsAY5Fl2byZf2jd
418,4bEcoz1OcfMgUbp2ft8ieQ
418,1ZY1PqizIl78geGM4xWlEA
418,5g8frSfNnBYjSpLkLtFnCd
418,3IvMYBE7A3c7to1aEcfFJk
418,6iycYUk3oB0NPMdaDUrN1w
418,5Y87Aek2DGI5s4WNAh8zKR
418,21IVPfi81m6ywNgOvqTj1i
418,4wVOKKEHUJxHCFFNUWDn0B
419,0u1sqxkxZDI9ENRhtjBEUU
419,3nNmRE0DxHC6ZaKkrpUumS
419,3vooOYHU0Fi3ViCG7Ozh0Y
419,7BiELrM90hRxpozaIXbsLw
419,6Mqys7TMJgMSdO14dGoik0
419,0ZmkjefPVLvloVSgtmRu5M
419,2YSzYUF3jWqb9YP9VXmpjE
419,7vRfxLcDDwgYW2WTrtEgUV
420,0o4HD0mOtTiHSbycbg4IpT
420,1XJQ7xI6jzcZybuHemxsPP
420,0LHpEIKaXBtXrqSUEdfWKm
420,5b4r2u2cTLeVNvbi2jCley
420,3zTnSPti5JjNsowJH4SS3u
420,7LSpFCvRZZot2AlmkUzy9k
420,7DpUoxGSdlDHfqCYj0otzU
420,4PPLJAEYBSOcnzr9TZoqf9
420,2Yt4SXIgmoaPZHGdRafp4P
420,4Tn2llBm1g0UlWctmgPL8Z
420,0o5p5zzRN84q6qVbOVONPM
420,5Vt2oXZbkQgFWH1Tih1okV
420,35D1RA5uVFVhMc1qX80TaQ
421,5oeKoJMi9g6GXEbtz1ta0f
422,1JcIXOir94YUYBt2cXTzn2
422,2vgUijXOTRMnWXDtvgMp2b
422,4gbVRS8gloEluzf0GzDOFc
422,6W5TI43zMynVPc1P1Fgzwr
422,7d35DaGPriDyYAfiHr9ynk
422,4O2rRsoSPb5aN7N3tG6Y3v
422,7AeM1BGYM7emrqmQn1PuWv
422,0FolPJnYMo71Z7qasTuoJT
422,3i058E8uxTsYqJ5NWZzqSj
422,7BRD7x5pt8Lqa1eGYC4dzj
422,4lgsjS8hYdpP8lOyyKdNEf
422,0V3wPSX9ygBnCm8psDIegu
422,2bif1HTYdTVgp2x29YKXmU
422,0GnNHCDj2WOJl70UUcvAEP
422,7k7JKDjCd9zuL0iF7iWaNs
422,4u43I0LP2Xf85OAS85eG0R
422,5u5MvmVtitax9R1Mxh3reC
423,3DK6m7It6Pw857FcQftMds
423,33THfvKc6inTp3HW93k5jr
423,64JIAZ0bS7WoARYfWQGCoz
423,4H7WNRErSbONkM06blBoGc
423,5ilpRHgszXJDARe4oojtat
423,0YsIYFRoxkmEvbKCwTp0Tg
423,0ruhQupkyGoUxmsExWXEoa
423,1KuVEZR4xuQVNr1KkanAV4
423,60Chx5sZxkUrADNOKaRU7h
424,76gUmNLXGQVOsGhfcshkFP
424,0sLIvKgLBMCg7Ncj7y5IfS
424,35TyJIMR3xRouUuo2sjS6v
424,0XOnMqLQDO89iAg7dWWwnG
424,42z5BOO8cJda4qWBnHFLQV
424,2SLwbpExuoBDZBpjfefCtV
424,4mHM5d2fK3n8xgymjf92w2
424,1FTCA6wQwulQFokDddKE68
424,0D3HhtkWfHXuyU3sVm89hF
424,07bruo5RoHasGqnun1Z31S
424,5eyzRvcnNMLbF54jdVCM7Z
424,6LUfuyLgvgqrykiTE6sJHY
424,4nVBt6MZDDP6tRVdQTgxJg
424,1G391cbiT3v3Cywg8T7DM1
424,3iPIDAFybaoyqX7hvAfWkl
424,6PdWPdgPoVCT9WLFMVnhxx
424,2OAcH9SD8ehxuG0tWNe0cU
424,70ToiXlzl8N1EgfC07ZcZE
424,3IHt4j5uAEl7iBu8Utn985
424,2rMFawCg4BW65jzbwztXAV
424,3C5yxZTCcDOi4pnFEnKJdC
424,7GALElZRLEkzaxZJ7TA0I3
424,72PVbRKkUimweUPV0nKAPs
424,3RA55zrRkyPK8Fd86hrMy8
425,2qLcJOLrh6Djda4uLbldSA
425,7k51pIqTGEHHZOnpI11Qq2
425,410TZrK18uRjtsTunG14cl
425,1Xk4qOVBo2N4lA8RWJabjM
425,6cm4pRaaxCbI004zWr0Gvj
425,21yRtB6B8EMounImAfHRCP
425,2CSRrnOEELmhpq8iaAi9cd
425,4lgsjS8hYdpP8lOyyKdNEf
425,2BHSRlGgJwzTPfYvAax28m
425,1gTOPRy9HeAOG9MiZmJzZd
425,5gy5oMthJa807ihJik4U3O
425,39L3LdlHS3gqB62HPWaJRg
425,76kelNDs1ojicx1s6Urvck
425,69vlMrzHwATKzupwNcUPyK
425,5oEJyOsT68BDRwLoQQJl6W
425,4Hq3ZYml7RLPYKcm8AA3Bn
425,7DfFc7a6Rwfi3YQMRbDMau
425,3GKSfF6c3Rv3a1knSjxnXa
425,5566hAPt0WmMPr9Xn749L7
426,6Q3lFQgpvhA9VApFKLFZtZ
427,0ESJlaM8CE1jRWaNtwSNj8
427,2mrZYZGmPFV3QOyYPZ1zsn
427,2qBmtZnPSQouvADmqaHKxk
427,2SUxn2O9NHL6GHGQFgwCY0
427,4zI04ezdmrN0lT2pHykYrd
427,70yhaHLp9STtzI2Kzba6Tr
427,7qEUFOVcxRI19tbT68JcYK
427,1FTCA6wQwulQFokDddKE68
427,5JUu0unA8VwhTZ9LkMWUVI
427,6iGT4CugvKIPPee1BfNRTp
427,7J2gyNghNTzl4EsLhXp01Q
427,20dP2DaMHIAmwWAbp7peSr
427,36t9gWH3NGsrjP9jlaK1Dw
427,1fCeXjoRExPP2qwSBh2aST
427,0L5gFNrzHyh4OhMwEz6DGS
427,285pBltuF7vW8TeWk8hdRR
428,4bpvghnZgwRbYSCaVUR3xB
428,0KtV18BLmyIOYHCSISmVl9
428,4AcIVgQDyBdLtfJyho29Mj
428,5imsnhkfPCm3wajS9ksb21
428,1E5Xu8dur0fAjSP1VpVhAZ
428,2OWVCFTolecLiGZPquvWvT
428,7pbg3ABlAZv2NiIdKbBBFm
428,1sRCCA27Ogwy3MUGeJsYa2
429,1HbcclMpw0q2WDWpdGCKdS
429,55Am8neGJkdj2ADaM3aw5H
429,753iehfOnYSmjVfjx20znR
429,2dLLR6qlu5UJ5gk0dKz0h3
429,7IteHlPcwD5mzvkXZmimLI
429,0dewAkzf1rdEYkZ1Mze2mz
429,7Fw0jmqsgMyD7MezLrFTE8
429,2GAhgAjOhEmItWLfgisyOn
429,5L9WFUodzACitS1TiGm7Mi
429,76Ug1q4l6rGwJ2ubV5wh3X
429,4MZSqgwlE71CWZ6qQ3gkKm
429,0LutvoC2HqCfnaRSjrhtzo
429,6it15CsDlkqB7N4lF0C1qM
429,0B1QILlvPWfc9vovFYuUuk
429,1QoyuMHNBe7lg3YW4Qtll4
429,7sK3nu6yk8urQ44ouEB7Au
429,3swc6WTsr7rl9DqQKQA55C
429,4qvsNsA4gQKC9HLrmPC2Vx
429,7c378mlmubSu7NGkLFa4sN
430,3ko9jEHNt4O5fjKN65ULJp
430,1RoXxREDs6Ql3eSCW95fnE
430,7oolFzHipTMg2nL7shhdz2
430,51RN0kzWd7xeR4th5HsEtW
430,1MKOPZWwR9WAzlP2B6tn5o
430,3dMPLD8cuzTtFLv8E7homA
430,3CIyK1V4JEJkg02E4EJnDl
430,0Xek5rqai2jcOWCYWJfVCF
430,0rNgWFQJtfttOYIHfDOHCg
430,1SgdUjvppHnIp6L7DZSnwc
430,6dOoNq2InmdP57QnF6HdBU
430,42XcFis8b2Yesn6J06RyXP
430,0bqC0AqaBZKBZsjhI3y2OW
431,7aWiJeMyxxPEyjwvZyauAF
431,6UO72VSXEONxdfLyABihs9
431,3OaFGqHUyxGVkOcSILw8Kx
431,6LwrEZNkvFTOypNwSLjuaJ
431,5JhgHKSGGxsAaDJAiLP8OW
431,4jBfUB4kQJCWOrjGLQqhO0
431,2CFafx1QnpbK4CQVOhzxkT
431,7mDTvYD2ieE4Q28XFziMfJ
431,3kx21xR6IboC9HVdajgBoc
431,3vd0wM0US4JSCKJi5Q8Bd6
431,1K39ty6o1sHwwlZwO6a7wK
431,747LeNCUC3bF2h43E73rFh
431,6UelLqGlWMcVH1E5c4H7lY
431,5ExWCOYjZbMEZCIdlfH2dO
431,6I9MNXKYoZMhY26iDBn5Bu
431,23hieFLBMATmL2HseI2nBL
431,5wNIHa6wvCCKP6fWgo3UAh
431,7t1lBIr3WIEtqQEOdZFMUf
432,6KjbNLbRjuoa8rEq5yNA6H
432,1UsQe17Ef7tV1ahFqHEFR3
432,1s9xuJxhYM0LdVqksjegcg
432,76gcXhY3Zv6wW0BTe9nHJo
432,7hnW9af7GuGH5lyUUTa8UH
432,5h68SoVFGleijCtjEja3xG
432,2fkeWbM6iqTw7oGHTYm2lw
432,0eaVIYo2zeOaGJeqZ5TwYz
432,2vjFTjmvpFjFM01cNdG2ik
432,2DRMuw0U0QbkVQxWxdJV3M
432,4gAhDQjQT9rReQk5NoaiED
432,0inMKhbKWOTDA9UBUAKoU6
432,6lddee20NqgRXF6g4xrm2Q
432,1YxQxV5sKZN1TgVpXl5MLA
432,3NLnwwAQbbFKcEcV8hDItk
432,39badcyKTjOtBvv4aywpfs
432,5zXTskPR6ybGjMoZfJnJ6O
432,0suLngfo7rJoetk7Ub6N8l
432,15pyFQHCTVp6T7vaWctSgO
432,6EUfOXUQtIAHKkBBOqMS2w
432,3xqWiKFFYF9Pv7H1nNoZFd
433,71g1UlX2OtS9axwBIBa5Zm
433,4snRyiaLyvTMui0hzp8MF7
434,53dtP2iUMvaF28JZcHnFuU
434,6i2XzqnaxvpNVTUw8EjPMU
434,3TeNkdbYRK8mGfvTMZtXBM
434,6ERZ30cRjVWGtVLhczX9aL
434,3pv7Q5v2dpdefwdWIvE7yH
434,5qHcOrOMSznBWzR8Xy1WYZ
434,1TZgdopOZCUxpS5bp1i0Zz
434,2RfYofkWwN77WJjR1rpena
434,64JIAZ0bS7WoARYfWQGCoz
434,0t2Y8BKBhtHQTOW7nzyIc0
434,2BwO5K8Q7EPAJSGze3AAh9
434,4tyjNEHKos3lZPYAfTiMKH
434,35wvL50xvKpCHEJPxLOLPI
434,0o4HD0mOtTiHSbycbg4IpT
434,60jI0JgMLLj1VggHJVhtRs
434,4xR3MAscflQ262kMeiKshQ
434,7FCiDC7ojdm19CJePq6QAe
434,5ffntNJnJOeFv7b7DCd0Bw
434,1j9rezdE3YeC7yktZXC1em
435,1m6FkAtWVloxIRHKl7pBDP
435,0E0DRHf5PfMeor0ZCwB3oT
435,7y2mezWO3hkfyugI2s9WQp
435,4Msr8L0gHGDsLSBlk7pSPU
436,1lqSiPVISxVO0MC3b4l9ce
436,3MswKmq4eSEJToBPfeJjop
436,53iuhJlwXhSER5J2IYYv1W
436,3LjZ6PqqXfwkcnLOkgLGKI
436,1ijJHUtNSzqQrWOgh9fkVu
436,08TlJDuwdzkp51zi0O9biO
436,5dp2DNJtGuNjwgEtAN6BZd
436,4RtlhOoWNO5ReUwdmTdTcG
436,4KYS9GK68yeuUJ8vJfPxrq
436,5CscrLqFBgPfZR8fGtikov
436,3rzgN5U6Q8EviM03LijE31
436,3j3SfV4hAcR4XjCvW393Gr
436,6eM1ju6kLvgzdnT5mJgSJb
436,7E4EhLK8mG4ORi3QR52r2A
436,35QZaWQRkmnAVqBF1TLCxQ
436,1ayV64ur8VWgc6OPtPRl1q
436,6SCh4BKjB0il6zKgtSiasQ
436,6J17MkMmuzBiIOjRH6MOBZ
436,50mFx2cuJhmhqsrd90sKKZ
436,64JIAZ0bS7WoARYfWQGCoz
436,0xCA70t1ZA4fa9UOE0lIJm
437,3xxjOdeAwsrzwUY0njaiNS
437,4HG1YiGBseVKzjyKcmAJen
437,71g1UlX2OtS9axwBIBa5Zm
437,11qa6plS660rrrkf6VJ3cX
437,2FAVcsbVnddtEbJeUBnnaL
437,5OCJzvD7sykQEKHH7qAC3C
437,6FBPOJLxUZEair6x4kLDhf
437,0gTRROuntlrPQ64W3J2Etv
437,1kga1HtTWs6Jv6kTKieN6m
437,4D7BCuvgdJlYvlX5WlN54t
437,3cWmqvMwVQKDigWLSZ3w9h
437,5Psnhdkyanjpgc2P8A5TSM
437,5cF0dROlMOK5uNZtivgu50
437,71pEiUWwfDFiRO6RmFpnBf
437,5g7Qylrck8rh2lUgEWPQVS
437,2ve0kuaWUCt4Zx8x4bf1MR
437,4MzXwWMhyBbmu6hOcLVD49
438,7zsF9ErcJjpvU5oJE7qadO
438,3aL7uOGU9S77L4pfFr43Es
438,25uMKq5kygC2woAfeetEfE
438,49colNVoLFcMszng9O8w4h
439,4rAg5bbrdZX00mXXhLvYXj
439,2MvvoeRt8NcOXWESkxWn3g
439,6V9kwssTrwkKT72imgowj9
439,4ewRM5SP4YhmlfKhi5uSjS
439,6W2yL4Zfe2WoaSLj7xPJiM
439,71wFwRo8xGc4lrcyKwsvba
439,4xkOaSrkexMciUUogZKVTS
439,07VBqWH6NG8L2ad3l84UKk
439,0CySZwyRJ0vyUqtSjM9i2k
440,7F9cT6hIRhnFCYP6GKS0tf
440,7Jaey6t7JjD3R1lmJABBa4
440,55mQhobuwtY7lfLAXylg1k
440,4XDpeWqPADoWRKcUY3dC84
440,4TFjpINnVhINpTdrtNQIvx
440,09UBWllfFyJthRw8c5Y13Q
440,6GeD5g9vZTz25Egf8kxoIY
440,2JlGo3jir6d0JLeYDvyPgh
440,7J0GgWPMf5OTSJK6uXxFe0
440,5KZ0qobWEFl892YjIC02SE
440,5CscrLqFBgPfZR8fGtikov
440,0QepvU0N2fC2B5uIPafO1q
440,34xxPZWbEyg5iDKEBqdsBZ
440,6HLZaECJKDjNE0jiGBeqxz
440,6J5kc12BW5HuP3d7C3vvx8
440,2LWGrxEKOgcOjtkiuX0OPL
440,0udeaEoaB60lDj0JK6EsA2
440,2HrPGP17J2MaB3iqBdhAkB
441,7BMFfYoeXMXMX2mVCy2NVz
441,6IUiqtI8tE49sqGbmtrNd8
441,0reBZSEtwbvqkXoWGtmV0k
441,5jGUJXnELDaDTgiRjD9lsg
441,5IZXB5IKAD2qlvTPJYDCFB
441,3T06rGO2dVEntMvym0vpQu
441,3h6lMYfnBwx2rpeAsi6eO9
441,0VCaMojESxrxingY2tNS4Q
441,7fLzbEOBOae9lUnOwr7Tse
441,7rQNTHKdi50NLDzFoIDhaG
441,4OSBTYWVwsQhGLF9NHvIbR
441,3utq2FgD1pkmIoaWfjXWAU
441,39fD0qvjgk8RarJnoBiDTx
441,3UN6cIn3VIyg0z1LCuFSum
441,6YU556RBcA4js0poLlP8Cu
441,26MqDvGIe4A4UZpF5J2Ame
441,6I9MNXKYoZMhY26iDBn5Bu
441,5YwBaDW36fztKNnoiHQar3
441,1iugFsBigGHtRwvFVDG9oo
441,0FolPJnYMo71Z7qasTuoJT
441,2EqlS6tkEnglzr7tkKAAYD
441,2Im64pIz6m0EJKdUe6eZ8r
442,4VpTPw4gPDdhSITd3okIaZ
442,1BosA2iQr78Frmq8tvJPLU
442,1nFYpnm7F7iJgvKpSdyZXl
442,3hUxzQpSfdDqwM3ZTFQY0K
442,64BbK9SFKH2jk86U3dGj2P
442,08OPqLv99g8avzmxQepmiw
442,55uX7uGvi9LNkIcY087lYy
442,11qa6plS660rrrkf6VJ3cX
442,77ewVGidVJETHhGtlNelrg
442,1IyV9GwfMVEVMymw8N4nsI
442,3t6vhRYuIpX4zlHCTC2h1d
442,4XcZp2xqbiD8YsnPboNUDo
442,2GAhgAjOhEmItWLfgisyOn
442,2qBmtZnPSQouvADmqaHKxk
442,0V6JZbCVSePUhqNdg7i68m
442,4evMMKc2HD6fV9slMfgkMx
442,3rZpsB07jU84a0LvMTGJ8L
442,3IV4swNduIRunHREK80owz
442,2H3wWrnO758y0fPH7Ilerg
442,7F5oktn5YOsR9eR5YsFtqb
442,7MTIDmToGs0I5Oue9V0CHl
442,1v54pVfqtSC7KbTu2C2pnM
442,4k1oaXf7i7KGHYniA8n4ul
443,0l0vcZMU7AOeQmUIREoI2U
443,6bmg5bRyVsYEDwpvrdAk3A
443,6BYL7xCy4FSbqVu29akzPO
443,5S8VwnB4sLi6W0lYTWYylu
443,25A1RmT5eh7C99KXfESRj5
443,53mChDyESfwn9Dz8poHRf6
443,0hhzNPE68LWLfgZwdpxVdR
443,17yrCsl1Ai6CZLBmGj6d6p
443,5dONhl6aXFuN86UBdayF6W
443,1iQ5E4z6CJ38dIzvMI9Wdo
443,4bycD60yZgR6anIBtmU8UH
443,2DEZmgHKAvm41k4J3R2E9Y
443,4JpazKcfOhbwqZrsYhzHee
443,4c0Arzex2NVpiCePeB5rf5
443,5Qv2Nby1xTr9pQyjkrc94J
443,69ZaPBHhRMRDjRpW1ivnOU
443,3mRF0YNsDdFKFnxwg16hSz
443,4c2Pc0NrfkesPR0jff6q3F
443,6gCVA6ja6g0foIsWv0RuSZ
443,1i1n7hUzCDkXGFqIJSSzom
443,07BCFbk1oCwf80lemfyzK6
443,7wFNZdZ0PaUTjmWv6cU5jx
443,67ACYA3UI6QMNtHX6b34wX
444,0D89q3d3eclowHBcDQZ4qn
444,1NlK2NtpuUazpziLhnJwEV
444,42Uw9frN5ZVX40mRU3hHFL
444,0ruhQupkyGoUxmsExWXEoa
444,2Pve7muUYsaynWb9hL8CMb
444,2Hh3ETdQKrmSI3QS0hme7g
444,5820PtzfB116EIALe50F6t
444,1bAvtmTl0F9loyz9AwPwp7
444,4Hq3ZYml7RLPYKcm8AA3Bn
444,42QGdFKDbWMDvmgsYq35HP
444,77v9kYcrCZV615E0P9WMrD
444,4f8Mh5wuWHOsfXtzjrJB3t
444,70yhaHLp9STtzI2Kzba6Tr
444,6PS9AdyOKTPwlDPfLzJ7Ow
444,2a8yglXvNw07OWu4lO2ByG
444,7MtVPRGtZl6rPjMfLoI3Lh
444,4pNApnaUWAL2J4KO2eqokq
444,5GTBdEjZe7zEDp1N0eCZE4
444,1iFIZUVDBCCkWe705FLXto
444,2t4SQDOXu89qm0WW4TwGgD
444,1QBEAcc13ipZG7OvT2z2v1
444,3Tc57t9l2O8FwQZtQOvPXK
444,5VuxWXbt7XENQCtE9TzpTv
444,5nayhWICkQGMTkisxVMbRw
445,7iOhWWYjhhQiXzF4o4HhXN
445,1SmiQ65iSAbPto6gPFlBYm
445,2xql0pid3EUwW38AsywxhV
445,7MXVkk9YMctZqd1Srtv4MB
445,1qjuoKVHOMpGfHMzLpdGL7
445,1Se0r96r0gnqg67kJPmESc
445,0mflMxspEfB0VbI1kyLiAv
445,3T03rPwlL8NVk1yIaxeD8U
445,24BNgrtp6Fag4M5BQPEgsV
445,6CN3e26iQSj1N5lomh0mfO
445,2GxCTEXhba060skpicYxTk
445,0eEgMbSzOHmkOeVuNC3E0k
445,4FzMYYcuQg10kBzXgauodD
445,1xYpVRspgaLxdJLOTQkTjg
445,3Dp4oOTPnfcRhy8bnXl0RP
445,1IgePMOW0qEe1AViWgkal9
445,5e574bhjycX1eH2l4Auage
446,4F0UiUzU1sEwIRdMY0akMe
447,1j6NZFHrpc09YmEZuSlmwf
447,2nPfKVwhD3ndWpLk7grx0Q
447,1SGvjfc85yzqKXsfKcCxn2
447,6O5TrlFWTYvznd9fMC0VvU
447,3w3y8KPTfNeOKPiqUTakBh
447,5T7ZFtCcOgkpjxcuaeZbw0
447,1E5Xu8dur0fAjSP1VpVhAZ
447,2YSzYUF3jWqb9YP9VXmpjE
447,09WAnxdBuebQopKhJT3oZS
447,0fLeL6TVmrMgDMW1iC1puo
447,3L0JDlycMhSA7R0M0OfNIY
447,6mxNtI7ZsCI0DySBPUH22p
447,1wHZx0LgzFHyeIZkUydNXq
447,7xoUc6faLbCqZO6fQEYprd
447,6f49kbOuQSOsStBpyGvQfA
447,1dFnMC9NlHVUE4rlT5vr83
447,4A2v4EPGruJLposELy736h
447,1lcBt7LoEikqYmhUoa2cez
447,42XcFis8b2Yesn6J06RyXP
447,5aeQMQDWe64gVnVYSOqW6A
447,3JVVBG4lyaUX2Mvxaw9viu
447,7k2nR2eTRVuzAMCXUj3HMv
447,0HMjXBAZmSYOTTi33WpMso
447,2qGvxAKXbajPFRb9ybIMOD
448,3B1lK5gNppO22gQLozrxeA
448,2vKnaui4TdTWlYzCYGy7Gz
448,0PvkxArXWRKoQTT0ttLmHI
448,7w3G5VXJLLbuaWylG7hvVi
448,5QLAHKawoQwVRNf1waaVW7
448,7J1uxwnxfQLu4APicE5Rnj
448,45J4avUb9Ni0bnETYaYFVJ
448,26QLJMK8G0M06sk7h7Fkse
448,4OafepJy2teCjYJbvFE60J
448,0WCiI0ddWiu5F2kSHgfw5S
448,24FUBxaAYSBlWsbSnEzDcn
448,01p5urrGw5fuFCcfT7PBgc
448,6jbYpRPTEFl1HFKHk1IC0m
448,7GaLluiRWvNfhayWKIZ9Xt
448,6lzc0Al0zfZOIFsFvBS1ki
448,5O9zs6G6RcB6yP1OKwnwiM
448,7d35DaGPriDyYAfiHr9ynk
448,3eXD0T03uagqzxzzX1vQbh
449,7d94IqWX2UmSKMGUYSGFJG
449,3NMrVbIVWT3fPXBj0rNDKG
449,7ghKr0pCYyPPyp7t1FH8k4
449,6ZprqcYFC6D9eIZaCoqrSn
449,26N5kAVhlqFOWAkuMQ5Kwe
449,7J2gyNghNTzl4EsLhXp01Q
449,5qHcOrOMSznBWzR8Xy1WYZ
449,3eXD0T03uagqzxzzX1vQbh
449,0sTBOp1hdayTjw6UOyPyi6
449,7MXVkk9YMctZqd1Srtv4MB
449,4qvsNsA4gQKC9HLrmPC2Vx
449,3adVVrcE2KS26OL4rYd27O
449,2d6m2F4I7wCuAKtSsdhh83
449,5DV3lkwyIYRgAlunraSpOW
449,6k7vV1OGewIoqEmUg3L7Am
449,7rbalRuIx7sIXFHYTphE0n
449,66mmit6e95JKU5nEbr5HwX
449,0jcaePBlr0xfsBn3RMiF2x
449,2Gz6CxFe1GGiRRb8zFJHRv
449,79mFFAOYcG8ZF6AN1JecAL
449,6f49kbOuQSOsStBpyGvQfA
449,1CkPfZMwCeNid9kFTyVbXw
449,0GROiXm03OrMC5ltXLhGIu
449,1eLU27PPFxBhbp1CBjPh9J
450,0To1HWIDce0JUJbJMZno0W
450,1ZY1PqizIl78geGM4xWlEA
450,5566hAPt0WmMPr9Xn749L7
450,5O2P9iiztwhomNh8xkR9lJ
450,4eumFsTnduH3zRfaASoAPs
450,7fesNTgTEMEH0ye8MOgEDY
450,4vqwVaEqLNWo3UXhQi5IFH
450,1dvOwoHwZB9SwvRw2Gv3nz
450,5YZgFW1hURKX02zTayrpGI
450,20dP2DaMHIAmwWAbp7peSr
450,0E0DRHf5PfMeor0ZCwB3oT
450,2Bs4jQEGMycglOfWPBqrVG
450,1ne7JVHEPnoncXzQunQVKW
450,6Oo02L8Ua0ijs2yypDwaM0
450,7yRlmQTjZ5pdtlq7ska9mj
450,7f5trao56t7sB7f14QDTmp
450,3bp0Zuc7LMxgjqsQ6q3E8y
450,6qtOaQrYTqyAZdNMCmGQwr
450,4B0JvthVoAAuygILe3n4Bs
450,593W4qZOwwdqF6YnimJjL6
450,66h8hB4In6t725WtAPL23J
450,6HFywc5eQYRRYHYTatCb5Y
450,24FUBxaAYSBlWsbSnEzDcn
450,6uiQ0DqbXTBc8tl0AUKZkR
450,22PMfvdz35fFKYnJyMn077
451,5ExWCOYjZbMEZCIdlfH2dO
451,0Thqjtu54vKMP06pwZkAWp
451,3Umj02ZNl4d356pS1D38mn
451,4xbN7giFhdGbSQTPyG178F
451,1SWVDBtw6h3tm9OehOkDhv
451,3EvZ03hGAFwGZ2Ebcu86YH
451,3K6U7TamNyVSWcFH8pCQHX
451,4RpwQDPnn1GhWpZooUcCzd
451,4s8BIKx4Zh6ryAEz8RTlaU
451,3AsOTlJkROSGG5JL7cjyCw
451,5WNYg3usc6H8N3MBEp4zVk
451,492PZFHvGTm3RZZYeeUVWT
451,2Kt1XplPBQBsDKQDa6TssB
451,1wOp7yTVyH176bW1z9WAiv
451,1bDbXMyjaUIooNwFE9wn0N
451,43PuMrRfbyyuz4QpZ3oAwN
451,1SmiQ65iSAbPto6gPFlBYm
451,0vtgMfyOVM2Y97DcVVJw3m
451,47GAwoC7QtBMVqrixfLVUo
451,57V4uc2b2diZ4RPHXWecb9
451,4rmK0BSBLMiwNJ6iwWXJm1
451,05oC2UvKDcx0cY2wg9gzKC
451,07Grx6opd6FcevHB0MG3r8
452,25uMKq5kygC2woAfeetEfE
452,59654ZK5g8mq1Z6E34qBXp
452,6Vn1vje8yMw2OY6IOk9dkH
452,7H6hs7WkNG48fS3agm63MR
452,1FTCA6wQwulQFokDddKE68
452,1eLU27PPFxBhbp1CBjPh9J
452,7ejepEh5DJ79YI6owGRfkk
452,7d94IqWX2UmSKMGUYSGFJG
452,0fakMntOPNItV2l026ShRb
452,3KANrKOFYyAxfjQJHkgBdb
452,2gzLHBLh9IWhswffneqHbl
452,22thNommTAqjV4qHVENVd8
452,73D5hBkiVZkopZrmBZTBWf
452,2dfqS3MRtbLZSZA1IL8xY5
452,7AeM1BGYM7emrqmQn1PuWv
452,4saHEjXw7O1NXJOzBkUKKG
453,78YTl0P96kBCBXUSzKoqAm
453,4KULAymBBJcPRpk1yO4dOG
453,5YqltLsjdqFtvqE7Nrysvs
453,0fv2KH6hac06J86hBUTcSf
454,0EaLRxrtnq7Mqhdf8q9txr
454,6uC9fa50cFyDOc1BTOLXiM
454,43zdsphuZLzwA9k4DJhU0I
454,0VhgEqMTNZwYL1ARDLLNCX
454,0x0Egm8IgaRNCfNKqkJrPt
454,1LdiNJ9Q5730K4LgcAoDAo
454,61S79KIVA4I9FXbnsylEHT
455,2UikqkwBv7aIvlixeVXHWt
455,5enxwA8aAbwZbf5qCHORXi
455,76yJsfb1CUy5Um8nFL7jKQ
455,7KA4W4McWYRpgf0fWsJZWB
455,4eLDmhsJW3JoZTXCAozHor
455,7BMO7O7ImjV8HNTH74Tshv
455,7tI8dRuH2Yc6RuoTjxo4dU
455,5KE9b4x7Zj2A8XtbkqhqTe
455,1jIirpaACmgb4nTYfywys4
455,71g1UlX2OtS9axwBIBa5Zm
455,1m69ELEgE6k5ZWsap40ozt
455,1Vot6YSxInL52SGTN0XN9n
455,2xLMifQCjDGFmkHkpNLD9h
455,3wGn3jUPvRkBcpo52vY72l
455,7ijyGfG4NxMBobHgvu4lIM
455,1iatZzgryaJh79PNFq2bi8
455,4AhZSJyGTfYqUnFjn5eGQa
455,0oV45hcZ8tA1YD4Cp7Fthl
456,05jQUgTm40hzAw5uqOy0ob
456,4VpTPw4gPDdhSITd3okIaZ
456,1KixkQVDUHggZMU9dUobgm
456,6VzcQuzTNTMFnJ6rBSaLH9
456,26AuyrZGzWWiYZPSd3XBIg
456,6Alp15t6urC4opjJiyOqZu
456,6Re0Nk3A9no6sG9KF3Qomq
456,45mVT3DCE7AATXgESSdfee
456,18JosZY3HzD3lMy6iOOSAY
456,0PFZCt7UNmpas24HejQGu8
456,2prqm9sPLj10B4Wg0wE5x9
456,4BDnfINTlfJPmLp1UV6CXt
456,3lG6OtGDsYAOALxEmubQQm
456,1HAy3OuIEMm7ArA4Ec52ym
456,2UoZmL5FPxGh9PIOukJwnG
456,0mBKv9DkYfQHjdMcw2jdyI
457,2dHHgzDwk4BJdRwy9uXhTO
457,5TTGoX70AFrTvuEtqHK37S
457,6cWv9xpzoAaBjqRg3mCZi3
457,5yIuA6g8P4nwWGMzXfhX4a
457,4RtlhOoWNO5ReUwdmTdTcG
457,6ekvzkGg31TOQhHIFEd55x
457,2HrPGP17J2MaB3iqBdhAkB
457,1eLU27PPFxBhbp1CBjPh9J
457,5enxwA8aAbwZbf5qCHORXi
457,0syXbGoFZbTMXm8hGCEvW0
457,0sHW1jXe6Sou3437gJQNGA
457,5RubKOuDoPn5Kj5TLVxSxY
457,5TXDeTFVRVY7Cvt0Dw4vWW
457,3rZpsB07jU84a0LvMTGJ8L
457,2rzBvHM9h36Tpdj7Jdajka
457,0DuWDLjriRPjDRoPgaCslY
457,65m7WOTu8fMBFDd1r25VPk
457,4snRyiaLyvTMui0hzp8MF7
457,3KJ3opyV29269SXkPrc19l
457,0k1WUmIRnG3xU6fvvDVfRG
457,1hu2s7qkm5bo03eODpRQO3
457,1PH2MDbcBAU094DlgTIND1
457,66YHxyGAUGjMBDdrDlWIMD
457,6RUKPb4LETWmmr3iAEQktW
458,5JAYDuLRkODlVt6dgoalKk
458,56jNpLhqZaI5IfJwwMdkRQ
458,4WRRCuJYRq7gUKiupxVH9W
458,3RIgHHpnFKj5Rni1shokDj
458,1UdSIG6D6hFyd7HpIskSOf
458,3GVkPk8mqxz0itaAriG1L7
458,4AcIVgQDyBdLtfJyho29Mj
458,2Gz6CxFe1GGiRRb8zFJHRv
458,1qrpoAMXodY6895hGKoUpA
458,5MMLS3xm12D7N26xlfFApr
459,2S2x5N5VJNn7vqYukvoFFC
459,7BqBn9nzAq8spo5e7cZ0dJ
459,0bek7IePM9EuMiDI6cGQJB
459,2gam98EZKrF9XuOkU13ApN
459,2wn0AYkmcF0Cm7PmvA7hJ7
459,51ZQ1vr10ffzbwIjDCwqm4
459,12dBXUbgyQdYv8TOVQubLw
459,5ylJtmaWPJ33cW3En7WOu0
459,27UbJMlccoT0HuojJo91S8
459,6N5xh0tYYLTQRiCCaNbAUt
459,7lq4b3sYM9cYSnCMxCafKe
459,7mDTvYD2ieE4Q28XFziMfJ
459,7iOhWWYjhhQiXzF4o4HhXN
459,0hhzNPE68LWLfgZwdpxVdR
459,2hIQDm9O27oli6krUhdwr9
459,4NoOpkVBJsRB2YTiP9vRJD
459,3WQ5w7ruC3c861lHXF9Gs2
459,2SLwbpExuoBDZBpjfefCtV
460,4Kwe1rdF9fnnOcGO5Pft6V
460,0cDTCma0cfyXGhOdjD5rnj
460,30raivfq7rSt5nKltiHfzG
460,1Rt5PxKde8JdrCk4ZTnu0g
460,6HZILIRieu8S0iqY8kIKhj
460,1Q9Efnm5csdCMFynISxL2x
461,55XOUxXsBBbC07PD3Zml3F
461,3MptiayBkOJblyC8geSXPE
461,0fakMntOPNItV2l026ShRb
461,09WAnxdBuebQopKhJT3oZS
461,3oGVx9RBmiYGv5ZCecWLkx
461,1rNSCrsOoWyhKH4g47mehU
461,32FhTAAjKZaBein150o3Px
461,4hJfmMjy3wFIOknfYwhouY
461,7yKSPAeiLHVJFSkJacPTmJ
461,68Dni7IE4VyPkTOH9mRWHr
461,5Ma3BlNVDtn3JiwMEafSaq
461,3XOHxCoPkXW0pvR6xl4f0M
461,3ddJ8Vbc5tYPxq5zKRVke6
461,6WEXy56jM0Nl3bZHY9l7aH
461,6K07Ahf6V7CAQn0ikrOztl
461,4Pqli6waH1jw7y5DluZnBh
461,1BosA2iQr78Frmq8tvJPLU
461,1gZADNt16Oh23jWyMYRk4p
461,5BoOzegGrg5XFRR8UBDtkF
461,4UKCKdYiLN6IMA5ZESUTL7
462,5WEF0icHWmAZBBMglBd599
462,7E1jVNoWuemqUryI4FxsVD
462,6i2XzqnaxvpNVTUw8EjPMU
462,73URX96PE74KPnE9ogX2ib
462,0eO2zq5fjPt41BreFmiIKw
462,2xGjfbXZnI8uQDhukoQURQ
462,4Fm1GxOXJEiJQ3z6LCQbSP
462,3TO7bbrUKrOSPGRTB5MeCz
462,6Gp3pYkydEOkl8EHHJxa9s
462,4XmQMFVOdI7dstMgmhThyJ
462,3T03rPwlL8NVk1yIaxeD8U
462,5CRVwXGikmqzoRO6q7FeAg
462,4YZbVct8l9MnAVIROnLQdx
462,3OaFGqHUyxGVkOcSILw8Kx
462,2OWVCFTolecLiGZPquvWvT
462,3BprrMTQ3IlFvHW8oFTTQ1
462,4rXxjHSAglOynjIF8Z34dx
462,3U1mFf6W429eMYDwmgkbaZ
462,5QEAqQ7NzbTP8Px5N3Ggmi
462,1th3G3okofWlvGWAAR7Y4V
462,3kj14iUwv0rvTweOr9P2ut
462,5QO79kh1waicV47BqGRL3g
462,7sIYHDxjteT6RY29gAGzP2
463,4E63weMCaNZuGPEFMnuEi8
463,1OjiYjgPZyxS0AiXiSnuYI
463,6LCGD2bl7itBHHayQ4ltPc
463,1NZs6n6hl8UuMaX0UC0YTz
463,12OLyHDxt6dqlAybSPFBK3
463,0E3e4EZKheJbBbisNcSR1c
463,15k2nBQJ0teDmPZHrOXL2N
463,5XbA7TAqsD0fj0dGBrbb0D
463,5XkeTGKcCkGF8l6fA9YpsS
463,5z0LSDpPpGwc2ZyJHpsE3J
463,5RubKOuDoPn5Kj5TLVxSxY
463,4Cdb1dE3pfiWlqnAIcImyQ
463,1EDJSktmcGoYEZxXAJXVTt
463,4saHEjXw7O1NXJOzBkUKKG
463,5DxDLsW6PsLz5gkwC7Mk5S
463,6BnY0YochAURSXSR3d5N7O
464,2Q3jFbyE61mCjS3SkW4toJ
465,7AtBtwrKhz94hYXgGYyG58
465,4Kwe1rdF9fnnOcGO5Pft6V
465,7tTTe6pCTxB55H9NWLxYNM
465,4UQMOPSUVJVicIQzjAcRRZ
465,5yzKUcC2oclY3CwC8Hvjk3
465,6XYbMGvtl6tlPoGWaiH7EY
465,0nnwn7LWHCAu09jfuH1xTA
465,5bQLsyTrUaMQRfr6whwGe5
465,0AkiAfilrTUXV49dleC5SB
465,3eXD0T03uagqzxzzX1vQbh
465,36vmaZyO0iAE6FZ7287fg2
465,2Na0z2gfN67Rzf0vp74Wi3
465,0cDTCma0cfyXGhOdjD5rnj
465,1UdSIG6D6hFyd7HpIskSOf
465,3SsJ17EnPIu1B4GZshqjIS
465,6CLVh9sekZ1p2G8Tfhhj8h
466,4w2GLmK2wnioVnb5CPQeex
466,08PdFBcXzpkn1cWNgmKqhn
466,5yrrh7VYFMCNjUOIMzGNp5
466,5E30LdtzQTGqRvNd7l6kG5
466,2gzLHBLh9IWhswffneqHbl
466,1m7j6RWUxeBzTOY4hcWsoj
466,2Rv2EIpEmEi5fGVtr5KVgI
466,20R4HfKloPKgXDqU7UKk3x
466,3t6vhRYuIpX4zlHCTC2h1d
466,2uQ4px5SPONsgcUpulywIQ
466,7Mts0OfPorF4iwOomvfqn1
466,5E02BgqYNN9VzafXrYP6Np
466,2J0NXdHr6MYvKDSxB7k3V2
466,1NQCwdW8bpcq3XtJgPpmlT
466,01ppKlDRCmPpusO3yNrSRY
466,6ERZ30cRjVWGtVLhczX9aL
466,7tCuCjhxzjX2XCz4JiiAsp
466,5XeFesFbtLpXzIVDNQP22n
466,1w2VowISQD9Cg78h2Vft3K
466,0yfDVYKVKYrHknz9gVOlQr
466,5T0mnzMsyHtmWB7Kou51Ph
466,1pKEXuXVJ9PCJj2BNrG4kX
466,1CgmY8fVN7kstVDZmsdM5k
467,6xGr4tVzpTX99p9Cf0hRRL
467,6g1B0hd6rlT3xP3mERUnz8
467,0AS63m1wHv9n4VVRizK6Hc
467,0WZFN4E8HrmGUU0EMyKQ8c
467,5yMyLZu4wPvWcbLFiRhYVM
467,6CZpEC9kyyCJWWZKPnviXY
467,0hhzNPE68LWLfgZwdpxVdR
467,5PAKAADzrSpMDxcaRpSDCm
467,5qfZRNjt2TkHEL12r3sDEU
467,76TjANw8kPHPJDv8X8chQp
467,3fO566xJgwxIa3qGCGBvIC
467,1qyw5wSUkEvH8DtaCdx7Lg
467,7JEzAlwHhCD2M1cYE6BeqJ
467,7ghKr0pCYyPPyp7t1FH8k4
467,2PPN1HFpVotjq7oJIqQbnx
467,1q7MLlJqyDHgnvC7dqtHN0
467,3dMPLD8cuzTtFLv8E7homA
467,00NmK2seXpRFNAEsRBe7lc
467,3Wu1laMLkRxvDSB6zchkwf
467,5DV3lkwyIYRgAlunraSpOW
467,28jCwARf1gYfHtTHmJJNHQ
467,4GaCIqowUlS5y7dnZ1ZaXj
467,31L9yLXSj6LpCFupyMV6CR
467,6BGRxoR5ry5hXaBq5hny0Q
468,08PdFBcXzpkn1cWNgmKqhn
468,3j3SfV4hAcR4XjCvW393Gr
468,03L2AoiRbWhvt7BDMx1jUB
469,3U5HfQM00maTYSthHtV59L
469,5JhgHKSGGxsAaDJAiLP8OW
469,6CmETJCP8NSW6Z6siJixAf
469,1hBHA40Ou5cmb8nBArrxbb
469,6VNXmo59yDYgcwLS17UNAW
469,4p2newrzzjPdXIENDqlCCW
469,3b5LW3nS3WFQyS1e8ajGJN
469,0YJ9FWWHn9EfnN0lHwbzvV
469,2iuZJX9X9P0GKaE93xcPjk
469,1gvOEwQbIEjkpLdcZwtBoB
469,57EMMRviFnUVwYgsHgAlA2
469,46tv0OqV2s15z2Jvb2E1fe
469,0SCO8PWjkv8ppR2QVAOphv
470,38kjFXYgPvtuXCPbHPMGte
470,4GqhG9rDuRUoNyDSMJ0Brq
470,7iPabscOgrBuDkjZAvOVRD
470,17jCFKFqLdUxxXIcLXSvgb
470,6CFJSaEwbJB9m8gCM8nksX
470,3G7agPwWfcORnWCAGMDOpm
470,4Kd9tBUgpXv26OfR6ugBv1
470,1n4eqIG0RRUCuPT4vnsVlv
470,1kbEbBdEgQdQeLXCJh28pJ
470,4HIKcEKSijQLW5YNLsdLzt
470,5YZgFW1hURKX02zTayrpGI
470,6cPyTS0Kk2sc4xQwC93kOg
470,4Cl3M8C8goTBaoysf9jb7e
470,7awwmuGslmuyhnlpFipDqk
470,03L2AoiRbWhvt7BDMx1jUB
470,2PPN1HFpVotjq7oJIqQbnx
470,4jAIqgrPjKLTY9Gbez25Qb
470,5DRS7YEe1bwGJLDGviT3CD
470,6jy9yJfgCsMHdu2Oz4BGKX
470,0W0iAC1VGlB82PI6elxFYf
470,1a3X8Y882vwSnlnHqf9ztF
471,3KJ3opyV29269SXkPrc19l
471,6iiAfo4wTA2CVC3Uwx9uh8
471,4MXhiYIRDMGAuvZc5IFTwC
471,01QdEx6kFr78ZejhQtWR5m
471,7kt9e9LFSpN1zQtYEl19o1
471,14xj58ZexBaEaHARb11Cqs
471,6VfL3MEuYeJbDlD8m011HR
471,1mw0RgNXIpYRyyCdBQbLgA
471,1Yk0cQdMLx5RzzFTYwmuld
472,3BssiKHkHy0zXZCj1T8TcJ
472,54MsbPnTWsEC66lVUyFodF
472,3mHO1J6kfiArjBo1zhLFGP
472,4JeD0FGslDsMeeahEGZa2L
472,10nyNJ6zNy2YVYLrcwLccB
472,2XILlcy7137nRpVHDGEttO
472,1REVvAphiSTJyKQ1fDpHa4
472,1eMNW1HQjF1dbb4GtnmpaX
472,5aHHf6jrqDRb1fcBmue2kn
472,5dOxHHMOFAbG3VH23t0xNm
472,47GAwoC7QtBMVqrixfLVUo
472,21LkHnuxPxVrOZ5gCaG7aM
473,4ROYC4vHfPZ28mqz0eLrzL
473,1dt2lHi5RCMPuxz4VxKYgi
473,1YnChEM51BVZ5dRhbVFEMl
473,2QP041AcWg8PwPIWP95RKN
473,10W0dUXcEP92xxSx5f4lSQ
473,74atKkOasLOVzvqB6mYgga
474,37tH9V9YK8P9Q2oGfZjJXy
474,6qNALlmZa1ESnCxJmXE1K9
474,0ZvmYnvf4OvqXcs8pOZn2e
474,39q69v4D15oSshBmlJrkmW
474,1tDWVeCR9oWGX8d5J9rswk
474,08dz3ygXyFur6bL7Au8u8J
474,4EIFwndJvGpgFjsEbNuYif
474,6lrDckuosGpwEHtm1hHBcf
474,4Apb0ut2uTYIFxavAczqKd
474,5T7ZFtCcOgkpjxcuaeZbw0
474,0wavGRldH0AWyu2zvTz8zb
474,0TaLETmF6CvzLKukgBXERn
474,3AwLxSqo1jOOMpNsgxqRNE
474,09lmraDvzBT3pUQ2rUtJzK
474,6X29iaaazwho3ab7GNue5r
474,24nhOvYX2gk3txBbMzXeUB
474,2Ch7LmS7r2Gy2kc64wv3Bz
474,5aHHf6jrqDRb1fcBmue2kn
474,3z87a8YWdfBTWwrspCN4g8
474,3rZpsB07jU84a0LvMTGJ8L
474,5JiH89mHrv9oWHlD0T326z
474,4saHEjXw7O1NXJOzBkUKKG
475,6Swnjm3L1eUmojj01qemc1
475,3I1704ruk1pl7aa1iaiGBE
475,2CVV8PtUYYsux8XOzWkCP0
475,7IWu3uIUIYIeafzwv582Ho
475,4Gqfcg7Ve6mVepAlYZ5yP3
475,6wmAHw1szh5RCKSRjiXhPe
475,6tnrFU8iLQ6orFXjCA3flL
475,6272S5nkbOvQDazRYq6muV
475,20hTkA9oKKuxghkRptRczS
475,7iOhWWYjhhQiXzF4o4HhXN
475,6it15CsDlkqB7N4lF0C1qM
475,629DixmZGHc7ILtEntuiWE
475,2uP6t2J5MEwhr9rDkAAzwh
475,2CEf2gU5ZJamLXa3NrgAvA
475,3Wu1laMLkRxvDSB6zchkwf
475,36t9gWH3NGsrjP9jlaK1Dw
476,2P61EK6DMGyVyssLWS4fKy
476,5MnPcgXz4RXqx09nIqvHKX
476,6k07Z7rd9og1FvRJD2n9E8
476,3jg8bevUzKYONDLBBQquif
476,3qoftcUZaUOncvIYjFSPdE
476,6StwwqB84sJeLr7tZDTxEX
476,51rfRCiUSvxXlCSCfIztBy
476,49iNhnDmNnHYxPvEIVtPiN
476,4bvqIVboftRLtgT8WBOXCI
477,3f7rVNaBNocDLtPmnds9eE
477,1cZlBZwnwGPtYeRIeQcoFh
477,2qLcJOLrh6Djda4uLbldSA
477,0KtV18BLmyIOYHCSISmVl9
477,27UcQ6dAvQrgH9C880rCM3
477,1fOkmYW3ZFkkjIdOZSf596
477,0eZvCQAK6hsPSlcfqzREvB
477,4ABYxlb92WBIjHu7TIKmml
477,3HWDWyIqWuLsTHECx9DvXF
477,5X3ahLXhOw16BR09GjYPUT
477,3M0lSi5WW79CXQamgSBIjx
478,6Vy64jL0YcpfQPDlI1Hn1p
478,5mFMb5OHI3cN0UjITVztCj
478,1DAibqbopEYULPEtE8WHTE
478,3G7agPwWfcORnWCAGMDOpm
478,1qKCO2Tocwg8CbepJ9uDtd
478,6Qn5zhYkTa37e91HC1D7lb
478,70LcF31zb1H0PyJoS1Sx1r
478,57pOLYHz6mt5aMkOXa2Gis
478,53IRnAWx13PYmoVYtemUBS
478,4lqJsJd7kqWVvamQ4aFHA8
478,3g7ngtg7xK3N9nKwAjDfH3
478,2ye9iWj5V4g6k6HFeTTAKa
478,680qLWCMRfR6evrNNBCE9e
478,4llK75pXNWZz6KAho2Gp16
478,76iVOVsliCHlWqKuDnCfhE
478,2hloaUoRonYssMuqLCBLTX
478,4yjeRuoVickg1G87LWeRes
478,3WRUvGqySBZC6RkB5c2w1S
478,5UHK1rtK4MpBGb0KppIYh4
478,6UCFZ9ZOFRxK8oak7MdPZu
478,1zU8j1x3yi9xalMF96pzKp
478,0J8oWLQ8wp3xparv98OJsa
478,5DRS7YEe1bwGJLDGviT3CD
479,5gy5oMthJa807ihJik4U3O
479,08PdFBcXzpkn1cWNgmKqhn
479,4xRxYWgAtL6pzRz94GlZlA
479,22L7bfCiAkJo5xGSQgmiIO
479,2fkeWbM6iqTw7oGHTYm2lw
479,5A0M6B0RBSXSNWv0wcppZ9
479,0NFCFdJxEGCGO6EGkFCGgF
479,4SYUUlkScpNR1QvPscXf8t
479,149r4BNMXwFRWjPYcKNNgc
479,0YDeLNmFiwc6U5lHHdSXdq
479,3o0nsMGWZMpp3GOEZkVuSR
479,5Pkn31exSVgFbfDAH961QC
479,6AId2aKm8d23lG0TNMYxwm
479,4Hq3ZYml7RLPYKcm8AA3Bn
480,6J7PIkhtHwmFjPLq0SyuPj
480,3AMxTv6sNAE4gDfqs1eTI4
480,4E63weMCaNZuGPEFMnuEi8
480,4gtIYSYu8u2ItBqrhCaChL
480,34j4OxJxKznBs88cjSL2j9
480,3A4cpTBPaIQdtPFb5JxtaX
480,2QjOHCTQ1Jl3zawyYOpxh6
480,2c3zMPsSmGkXCLQwCQqdhz
480,6Xgq7MvZiet0hVi3KaDSgJ
480,0b0Dz0Gi86SVdBxYeiQcCP
480,2J0TjDpiUlwgFRvVxtaLud
480,2Xcvt8NRLw0xbB3ClfW8MI
480,4O2rRsoSPb5aN7N3tG6Y3v
480,5VhvD0AKRprEaFtPNKGBQR
480,0wfbD5rAksdXUzRvMfM3x5
480,31ymlaZzsadVgBae5oMguM
480,6rjtB7KSIiJ6v9vrACMlqF
480,5ZCsCQrtEUJUJAylu9TDjY
480,0blbSxZHy1pPxAB2ZZLx9E
480,5b4r2u2cTLeVNvbi2jCley
480,55TvHlxObIKvxD1vSn8Q4s
480,1V8XneTrX6kKeoxYbk4x6h
480,6V7bxWg4mmuU4ILbYPQJvd
481,1r3ONnWffOCrG983nwGrVz
481,7JJmb5XwzOO8jgpou264Ml
481,15zJeVUmKFnbrxm9dxcxYD
482,6cWv9xpzoAaBjqRg3mCZi3
482,3xGJuHvSxFJxxYlHj5BIoT
482,0REaf0xqIOxEXGZgOXfrCW
482,2h3MDMf8sd9s4XIzpTBIjX
482,2zavoMfVVPJMikH57fd8yK
482,1LU62m7g2VTJwp0OOUMjPl
482,03L2AoiRbWhvt7BDMx1jUB
482,5EWMmyErW4NEeb7EUGfume
482,363cVHJDjrYIkN5HcIAGCx
482,6xCKXznjcHv2hZWDA0pRIe
482,2tB9OFgAHjAds3cqquLlvp
482,2vjFTjmvpFjFM01cNdG2ik
482,1X0PGm7eJoC6LmXpczYeaN
482,2bif1HTYdTVgp2x29YKXmU
482,2L47m9erkB5KBZcaqWtYen
482,5mHdCZtVyb4DcJw8799hZp
483,4hTej08FutmriOs7S1hWWy
483,6NFyWDv5CjfwuzoCkw47Xf
483,1IdZvb2XK8NmsovQlV6CPn
483,28GCbKgjlVD9eDmasGbe0T
483,3Y1EvIgEVw51XtgNEgpz5c
483,1jgTiNob5cVyXeJ3WgX5bL
483,7l1qvxWjxcKpB9PCtBuTbU
483,5cfsQZEFf1IpQr8F9vI9le
483,0dDr2LgiACQVkZYJeStWh6
483,5QJQzE25BlcBVs7TNtF3qi
483,5Oc0vVCEHfBvQ26H4a8qcY
483,2wn0AYkmcF0Cm7PmvA7hJ7
483,3BssiKHkHy0zXZCj1T8TcJ
483,7bUcBztfGqO7cSI2gMZeCI
483,4tqcoej1zPvwePZCzuAjJd
483,0h1DSQbLoW58G3DDxmhxKx
483,14QaXYIK3K3QPtezqxRRPN
483,5QO79kh1waicV47BqGRL3g
483,3KANrKOFYyAxfjQJHkgBdb
483,4SUwJA3eUVNHExxMPEUhQe
483,4hZCC64Rv4MRrY4gJSfoWi
483,0kN8xEmgMW9mh7UmDYHlJP
483,6krYS8KtmNAYyb5uTZiYW4
483,1iatZzgryaJh79PNFq2bi8
483,6jDT7DB6k0psPX0nWNDI1K
484,2rMFawCg4BW65jzbwztXAV
484,5WEF0icHWmAZBBMglBd599
484,0xl1w2q4VLojeXp4JfazPL
485,0An16OW2kcW8h9ij5cyM9a
485,1f1v2sHXpFFtjxB8KVKypW
485,6LgJvl0Xdtc73RJ1mmpotq
485,0xGZjxYqcNQ8WqxyeZ4eSN
485,6qNALlmZa1ESnCxJmXE1K9
485,5jTIePmUbBUVjJnpZeGiM3
485,65X7IUg2rPy57wK7mnVNqS
485,1CRtJS94Hq3PbBZT9LuF90
485,6n05BgVkxxz2k5ICZYa2PH
485,2OzhQlSqBEmt7hmkYxfT6m
485,6CLVh9sekZ1p2G8Tfhhj8h
485,1wthp2KAndNsDPZxEGVNKK
485,7gMfVc4zfNIxuMyMGglOHa
485,7lAK3oHbfEnvUQWosrMMpR
485,0sdbFOyfgAhAhWq8DpzkaW
485,0qksx8mV28lztYIZ1om8ml
485,51LeDAMy6nWqKdjVo7jK4j
485,2kBamITd69LMvfYhkaSkaD
485,0qtK3XwbuG153dmwB8iepL
485,62E2nR0od0M5HYxuYLaDz7
485,53iuhJlwXhSER5J2IYYv1W
485,277a7QeHcxctrKjvVVvrQv
486,24nhOvYX2gk3txBbMzXeUB
486,4Kz4RdRCceaA9VgTqBhBfa
486,05mDaV9Vb3wrzjF6OPZnhq
486,2SnNaoNhMjC1WRMTWD8qTX
486,63JXZZRbmzooashakb0zbu
486,4d9PtIEVij9jW5OaLinH66
486,1unBUyjeQUDiJ8N89XiDrr
486,2KrpmVncX2Ht0Lw8zqpVaT
486,5bXnD0NJZ1AV0SlrDOUWeh
486,36DHxTW2xdr9GG15T9oK9L
486,2JJFJEvFSWyQ59Pwl2gqSF
486,5TXDeTFVRVY7Cvt0Dw4vWW
486,7rQNTHKdi50NLDzFoIDhaG
486,4GL9GMX9t7Qkprvf1YighZ
486,17IBDpAl3J39swaoPlfGpp
486,0zg5XJPiga7E5FxiehriG2
486,3DK6m7It6Pw857FcQftMds
486,41sTEjHxztd0AwF7Dn0HJe
486,7BiELrM90hRxpozaIXbsLw
486,4oeaIftdpT3JuZLcCkKmVE
486,1m69ELEgE6k5ZWsap40ozt
486,1jiFg1lHo4DezwMpR9ktwC
486,1rNSLiEFpAF4amVhkzfTUG
486,1158ckiB5S4cpsdYHDB9IF
486,5F94xbz85nE6wfZGHqOMCG
487,3JZjcKImHcmOI9ylL4zrSc
487,0yS8oUlppSbADwFVGYjbMQ
487,651EWgRMSL0JI23zphNwKY
487,5MMLS3xm12D7N26xlfFApr
487,056DYwe3xS0Feo8miYtJEO
487,5lByoyTJti3jYo22bLQKOH
488,2hiuiI3ac0I5kJWtkeGHEL
488,6QT6j7rKt7Vk3IuV2AUO9W
488,1UMXtudajhlocMzXVSngDU
488,113xf7t4qNM7038YJvauik
488,6W9ANRwvNdorYlMIuNIClv
488,0ufk0A6oErK7oAgeMZWJFg
488,1Fn2pTZSBYlmQEjphUZSRi
489,7trGQmK2IAYxLb3wgqfawy
489,2nzfgpGvMINYAzrv7YpHfv
489,4PA16FAl8LPmFmOhARawdV
490,7cMFjxhbXBpOlais7KMF3j
490,1ExfPZEiahqhLyajhybFeS
490,1VMdwVq0yaTc4DeqSCi7DO
490,3Fj47GNK2kUF0uaEDgXLaD
490,2DBxhQbwnuXDioUVdL33S2
490,2TOzTqQXNmR2zDJXihjZ2e
490,1bcIiU5FWRa2IYBqx0bk67
490,747LeNCUC3bF2h43E73rFh
490,0ArVfVP8B5svkfj8clHNzB
490,2nibvvDdAQkVraYP00z2RS
490,2YWtcWi3a83pdEg3Gif4Pd
490,0VjIjW4GlUZAMYd2vXMi3b
490,6C6fHTuFUxVtJpBOOaMvJr
490,4uuEGH5SVuzkkSFjo2DEiY
490,4gtjUlg2vc9eY58zW7qDWK
490,1cROHCdUPenxfzElY6dC48
490,5pIVEk6Di7n1v5khOzJaJL
491,2cZrrQMjB63c0iIugYH9zS
491,3QJnjJH53Ocg22MaLutrgJ
491,3LbZIhU0smEU5SUnxod4j4
491,60iSKGrGazRzICtMjADNSM
492,7a53HqqArd4b9NF4XAmlbI
492,3aO5affZSi1dOB3LMmP9mO
492,4CeXqDnd36kBb2j88h67it
492,4kV4N9D1iKVxx1KLvtTpjS
492,2ISzmtY9Exy1IwmJj3Hc7P
492,5WcsxoURbNjQPQvzKpHUMn
492,29TPjc8wxfz4XMn21O7VsZ
492,7M5Hi8WuBSsCP5ioxG0pUf
493,4D7BCuvgdJlYvlX5WlN54t
493,0WZFN4E8HrmGUU0EMyKQ8c
494,22EFPvJx2ZWMIi6npEkehZ
494,18JosZY3HzD3lMy6iOOSAY
494,5X3ahLXhOw16BR09GjYPUT
494,5owGoNZqnlFc4BVQzyHz2x
494,4wH4dJgrsxONID6KS2tDQM
494,6Sv0CzVqzydd7NYQgAG70c
494,2ZWlPOoWh0626oTaHrnl2a
494,6HbWoyinLdXPZmk6xONuKw
494,5VcZAOKJCIys1mTgkpd6FV
494,6IvKEu4YwRYba9ZG6H7MIL
494,39L3LdlHS3gqB62HPWaJRg
494,0YJ9FWWHn9EfnN0lHwbzvV
494,3orEOtd8CPL8GFlpRpKuoE
494,0Jlcvv8IykzHaSmj49uNW8
494,2c06k72cZ1oUwh3xv1hxG4
494,3rzgN5U6Q8EviM03LijE31
494,0eZvCQAK6hsPSlcfqzREvB
494,4BGZF4oLbTL0pWm7C18pbv
494,6b8LUVmacXlMUl4wRtCD2S
494,07UFnnK3uPIuKv5Rs9TmXl
494,5BmKRyAjCnvkko7Ms00YtA
495,0PCRR19Pf4iiuvSrPxtQ0x
496,2hw47GMKL6LXwp5BJgPxXf
496,0N3FDtwGX1v13SU0Eu9302
497,4mLkiFppf8Xvem6BSY34qw
497,6oVxXO5oQ4pTpO8RSnkzvv
497,4fnNBPN9W6AoOYSQS3FJxT
497,0v4z1tuZvn6LGknom9Qx7d
497,1j8TmNa6vaFAEAws43kP0Q
497,7kt9e9LFSpN1zQtYEl19o1
497,6KCvMsAiL6WseKEFsWoPgc
497,6X29iaaazwho3ab7GNue5r
497,5yvhdo8FXbBsIllxv2Rr94
497,52ojopYMUzeNcudsoz7O9D
497,1a3RarhRdrNSTEEERYEFJn
497,7iPabscOgrBuDkjZAvOVRD
497,0aGQHMr7bc23Y9Ts84ffop
497,3SsJ17EnPIu1B4GZshqjIS
497,2CEf2gU5ZJamLXa3NrgAvA
497,3itgPtXSu4I9mr2QD6yrzP
497,0rNgWFQJtfttOYIHfDOHCg
497,3kj14iUwv0rvTweOr9P2ut
498,2byJqu4cw657Y7G6nFogkG
498,2TjdnqlpwOjhijHCwHCP2d
498,7Cz3jTJOZkwU0WCKBTDWLP
498,6VzV6RI7641o57TuqfGRpj
498,2a4iE4k1IkIswThuJ3ROsw
499,7rVmzyFA7f4rNGl9onF21E
499,69kFrD7Mi8MJq9tAvJaYqO
499,66N0XT7yr2VuFxrMc8piUy
499,7KZ5MMVgBVox9ycroB2UrI
499,2hIQDm9O27oli6krUhdwr9
499,16bHRxM89ue0TiCKARYbRp
499,6gU9OKjOE7ghfEd55oRO57
499,5g9lS8deSIxItFBmZRC4vN
499,44XjoNvtwevktFKjvVe1vH
499,62wtttQzoIA9HnNmGVd9Yq
499,60Chx5sZxkUrADNOKaRU7h
499,2yg9UN4eo5eMVJ7OB4RWj3
499,4MjDJD8cW7iVeWInc2Bdyj
499,3Tc57t9l2O8FwQZtQOvPXK
499,2BcnxwxBuar5wjCaLqm5N3
499,50nfwKoDiSYg8zOCREWAm5
499,3aJkV6DUTSCqOwVwaBDG9B
499,5Uc07fEUpjjFcLEIleEHkJ
499,4xRxYWgAtL6pzRz94GlZlA
499,5lP1kCqAj1fh9pgJWOKyJa
499,5QEAqQ7NzbTP8Px5N3Ggmi
499,4waPZF96vX1Oz5pzH6dB0h
500,3HBJNBuAHKhQXcQ8nnVvXX
500,0O45fw2L5vsWpdsOdXwNAR
500,44Du2IM1bGY7dicmLfXbUs
500,7c378mlmubSu7NGkLFa4sN
500,2xO7KzOYMUmBOM1GvbgRBO
500,1d5dIwX0QGabBASb3gI3VA
500,5j4hSQH0KaAc8f6cimnXIT
500,6dBUzqjtbnIa1TwYbyw5CM
500,7itUbJA4IGNGOrvOOGywD7
500,15JRvf02KKGHKgC31jrpuh
500,2avmc6AW7RbsYOC77jJhmi
500,25uMKq5kygC2woAfeetEfE
500,7trGQmK2IAYxLb3wgqfawy
500,6f8wbdo8KU5ETWJA7lapgS
500,2BcMwX1MPV6ZHP4tUT9uq6
500,2RwOqicYzwMSuzKzHx78jm
501,1bPbiotvwSAYHG3ycVC2CV
501,3GZD6HmiNUhxXYf8Gch723
501,4ymD0FxX1fnWszSu9rMAtD
501,4J7CKHCF3mdL4diUsmW8lq
501,5LYMamLv12UPbemOaTPyeV
501,2tCPIp83mRXvVTytTAf1W4
501,4Pu3JCVM0YptKrGNjRfz6a
502,7zwn1eykZtZ5LODrf7c0tS
502,2cN7qiHMJflO91pkG9HoO1
502,0O3U5iwTbiXCREMkvotJuN
502,2aYHxnMF2umAavtgBvmkY1
502,1IyV9GwfMVEVMymw8N4nsI
502,1UHS8Rf6h5Ar3CDWRd3wjF
502,73D5hBkiVZkopZrmBZTBWf
502,1sOW4PuG5X3Ie3EXUhAopJ
502,5sp71CUt0jXRNqHblPGp7b
502,1gTOPRy9HeAOG9MiZmJzZd
502,4y5bvROuBDPr5fuwXbIBZR
502,15JINEqzVMv3SvJTAXAKED
502,1r3uOHPoiIv89Xb6K9bDH4
503,09CtPGIpYB4BrO8qb1RGsF
503,4ZLYmhOdNGMxTW4rMIiyAT
503,6T0sEnqjmHISIKwFETeeiP
503,65u1dHQyQyE4y4aN2eDmMF
503,1NV5EyFDHFGseqvpdI2dcx
503,030OCtLMrljNhp8OWHBWW3
503,5XMkENs3GfeRza8MfVAhjK
503,2JUqYobT8NvARdPmc4ES2x
504,4gbVRS8gloEluzf0GzDOFc
504,6mbI7YKsBQbwwhHr82s1Uz
504,651EWgRMSL0JI23zphNwKY
504,3G5iN5QBqMeXx3uZPy8tgB
504,7gEUdaVffLsb2qgdj90cBk
504,05bnEv2dpFzmGVLGdjD9UP
504,6QdnKD1zwEgyOWtkrdzlOF
504,1I55Ea0zVoSKs6MqW7DQ3i
505,5ScbulRnixQ2XAdvrPMFjz
505,7yNK27ZTpHew0c55VvIJgm
505,46WOptLnXUtH3LOyYvmMO1
505,0q85C1JiECyYIQthz1posA
505,60RgDM1qDQ22HpfsK9Ul4h
505,5CC5krEgwJXuoA0F9scOFg
506,0t1fdMrn7JOg9DDsT95bxt
506,1CS7Sd1u5tWkstBhpssyjP
506,2qYIFDagoAenwAoLeS9FNr
506,02lWbJ8NQ7IZGuNGfG34tE
506,2a1iMaoWQ5MnvLFBDv4qkf
506,18JosZY3HzD3lMy6iOOSAY
506,5WxQEQJtrOYzobMBTsdPBb
506,3WgFhZfyk5nb6v7hkwPmD4
506,2Y0wPrPQBrGhoLn14xRYCG
506,1JSTJqkT5qHq8MDJnJbRE1
506,2wn0AYkmcF0Cm7PmvA7hJ7
506,31G9RaSaDOI2NWcpnIp734
506,4Lojbtk7XNMdSKRHSFbdkm
506,0iSWAT0EL8TwmzcgBjKMh6
506,5WQrDB34o6M8V0jxNiX6RU
506,6x2knRcsrzp9O9bmJjtY7V
506,2qLyo5FeWquE7HBUbcVnEy
507,4MUrUT38U98olfnyzMBCzm
507,64BbK9SFKH2jk86U3dGj2P
507,2Eb7QQ5soJQBEYTfSb5BS6
507,1Vp4St7JcXaUoJcIahtf3L
507,6EUfOXUQtIAHKkBBOqMS2w
507,5D34wRmbFS29AjtTOP2QJe
507,5673WA8EEUSPx1ir26lhGW
507,6HLZaECJKDjNE0jiGBeqxz
507,5NwBOCI0trPlbtfocWrt2q
508,6ON9UuIq49xXY9GPmHIYRp
508,6aybzjLxocD14YySwF3aus
508,2pw9RZWZibttZzoFhwjuy6
508,1KV8bRBYAjBRKMedCdRFMm
509,4KHnHCB3KVJeQRHt9PM8uz
509,2kYevr8cbIAH2ha8210Bnz
509,73URX96PE74KPnE9ogX2ib
509,6xjW0WgfQLNunLGTSwZ5hA
509,4adKhxS40S3YGVt31EQfqe
509,3HqcNJdZ2seoGxhn0wVNDK
509,5euYMGygjq2IAfpzOD08Qb
509,2HPmy1uA2SSJVVTduU9g2q
509,717s9KFmHhyy5t3xkStS56
509,3bhyo2ED5Yd4RLydQBDtD6
509,4S4DVFQkLbfhZbGQxoRtPR
509,2rMFawCg4BW65jzbwztXAV
509,3CpoeW0cZSDzIRv5z34F87
509,6nf4oqFOsVKLwJPEliYVwT
509,2J0TjDpiUlwgFRvVxtaLud
509,1eLU27PPFxBhbp1CBjPh9J
509,1th3G3okofWlvGWAAR7Y4V
510,55XOUxXsBBbC07PD3Zml3F
510,2cYqizR4lgvp4Qu6IQ3qGN
510,1U6lXyWjfpeKHkiPnpy7Qu
510,7iPabscOgrBuDkjZAvOVRD
510,6ekvzkGg31TOQhHIFEd55x
510,4cV9zzKtPtW4i0FhnEwazU
510,4gtIYSYu8u2ItBqrhCaChL
510,4tiWlKXUB47UpAXqpfoJn4
510,0q2zGICTMJ3ZAZX0r2RLNH
510,1n4jwRVXdkK2U34nBDUKKT
511,3zMDGj4D8ogaYgAIZPeU7S
511,0Oqc0kKFsQ6MhFOLBNZIGX
511,4bqIFmnVAsndYWuXxAwQet
511,7p3sQHgW2zz4DWt3zNavQ2
511,6DCZcSspjsKoFjzjrWoCdn
511,5VQpJ2AY2iMzrRZKgcvNjh
511,7iiULg8Kmbnh1vWbh9rnBA
511,5oEJyOsT68BDRwLoQQJl6W
511,2q806mixyBFn36DmCHdVwW
511,3AsOTlJkROSGG5JL7cjyCw
511,5UHK1rtK4MpBGb0KppIYh4
511,13djc4bqGG8n26PmsAuByA
511,3ee8Jmje8o58CHK66QrVC2
511,4EndPA8b6FDWYp1RgsnLEB
511,7d94IqWX2UmSKMGUYSGFJG
511,0DwFOBIvJ5Q569M4tsTOI8
512,710dGcMZzo15JzqhJmDjOR
512,7zwn1eykZtZ5LODrf7c0tS
512,7j2Bmzpnf6RwEWEQ2sv8Ho
512,4U45aEWtQhrm8A5mxPaFZ7
512,4PMqSO5qyjpvzhlLI5GnID
512,61yr9YbDKfyZn7zh1ZgUOW
512,1K4iYHWQDC277dYkMbYoqU
512,1PdUyYYw9sGU0yhLrpeHKt
512,31ymlaZzsadVgBae5oMguM
512,0z2bufPrU83RRPRaboj3B7
512,1hu2s7qkm5bo03eODpRQO3
512,3oZZfVvLJuDYc4Vn3A63Fw
512,5F94xbz85nE6wfZGHqOMCG
512,4XF9fk0STp9hx8xn5Suwpz
512,0Nd3baD6mxMc4PNW59WXWP
512,64zQbQTwu4ppBEfWyhst9t
512,505v13epFXodT9fVAJ6h8k
512,75pQqzwgCjUOSSy5CpmAjy
512,7sKt5Y2zJpYw78iAxndB8y
512,4b9rqLPiePJzzd5hW9I6f6
512,4GDpPRKZA5GiCMWzwnm0ms
512,5PFjKfGf75I3LkKGiReWp5
513,0suLngfo7rJoetk7Ub6N8l
513,2KrpmVncX2Ht0Lw8zqpVaT
513,3bnVBN67NBEzedqQuWrpP4
513,4T1iiabe7G0UjWQJCY6NE2
513,7ijyGfG4NxMBobHgvu4lIM
513,1EaKU4dMbesXXd3BrLCtYG
513,1mjMXiWYKSJ5XmJCC0O9HJ
513,0aB0v4027ukVziUGwVGYpG
513,7rdP71W8x4UbJ0KAKBACbo
513,5oO3drDxtziYU2H1X23ZIp
513,4tSrGUb119Qx4sAZBzfFgd
513,4yj9o2kdVcZfT57IALrsZA
513,3gQwRTXQIbxKJbojcq8wf9
513,6dODwocEuGzHAavXqTbwHv
514,3Qeh4z08FfDBRfQMfDv83f
514,3zupOUPEG7UHTXATfkZJKF
514,7hynhxDoDpgMIV12JuVtNa
514,7dHblXsJTRemgyIvFNJE7t
514,6zRVWT0bZaBfe9H5z4naf4
514,0M7oki70AV10Ztt3HyUd8Z
514,3LeculfKPn460tPKpW3iRy
514,4O2rRsoSPb5aN7N3tG6Y3v
514,7oZOCPjlLpHZtIebTXhlfZ
514,1EKZmfqveHKe78Isfk07w4
514,5dxgZCSp8CDx4WS9CQWYQG
514,3S0G33vWAUkyiHc8cPqzAw
514,3lAEHk0eZzMKtCUFLXz8Ln
514,4E0Qaiv0Fqm2DnIdigQTod
514,2qT1uLXPVPzGgFOx4jtEuo
514,5bQ9rtAfOUbPmuxjPK8zDp
514,78QcVmzxS0wIwuC2rpAauI
514,6bAVI0vzQI5ERCW8X4QGhU
515,0lodMO0qK83vfPiiD7FMEt
515,5dOxHHMOFAbG3VH23t0xNm
515,0YbI9lWxUBsCJLb6EBydkr
515,6b8LUVmacXlMUl4wRtCD2S
515,2PXNL9x1lMXQkR7YM4USrC
515,0IhMkvwh9SBreIrTVtXCTf
515,3KixNgUEaDtrKJVzdqjU5q
515,0AkiAfilrTUXV49dleC5SB
515,0Nwar8rweBUyfyuoyjjUvk
515,2Hh3ETdQKrmSI3QS0hme7g
515,7Fw0jmqsgMyD7MezLrFTE8
515,5Vt2oXZbkQgFWH1Tih1okV
515,25JwlfH1QtTlOLgNq72IBO
515,1RoXxREDs6Ql3eSCW95fnE
515,0XOnMqLQDO89iAg7dWWwnG
515,7pas6O1LYbaeChEFQBhPFU
515,2KLwPaRDOB87XOYAT2fgxh
515,3S8jK1mGzQi24ilFb45DAZ
515,0G6SfvXZcPxKe931dS0LwB
516,50QWBrZFAhD6N4B0tbfET9
517,3i7mKjZKmslCFMxS1WM7DO
517,1FTCA6wQwulQFokDddKE68
517,3Tj1luJyKPQt7WbrqpJ2Az
517,5TCBWmEBrin7etRa4Lswr1
517,0HasfWMrNxTjycDy9TkRtA
517,1cMU20gleQO9xYjCeni3DJ
517,5k9RjjuYyOMCLL81U8FaHT
517,0IDKI9KI71q4YPrW58hNtA
517,1GEOSS415bZVHNuXWlCT6b
517,2XILlcy7137nRpVHDGEttO
517,4YlczVbgGVBpnAIWKVtElQ
517,5ePiRipYivQM29vGNr3S1a
517,2KslE17cAJNHTsI2MI0jb2
517,4gbVRS8gloEluzf0GzDOFc
517,6BJbOXDlgVAXSaq6wYFYT2
517,2HolBGR6tpiWI80MXoV1dJ
517,0MHStU0muAIEMbwdnebYu2
517,5Y35SjAfXjjG0sFQ3KOxmm
517,2LBqFFGI9G5hn136dS4giv
517,6r6nVev0MaoHIPrBGU9x4V
518,0VCaMojESxrxingY2tNS4Q
518,11OPriDpmUrTMTji52ta17
518,7y3xU9vEC1s8DSuuoSYKih
518,0q2zGICTMJ3ZAZX0r2RLNH
518,4e9eGQYsOiBcftrWXwsVco
518,64BbK9SFKH2jk86U3dGj2P
518,0bek7IePM9EuMiDI6cGQJB
518,0sSRLXxknVTQDStgU1NqpY
518,7qjZnBKE73H4Oxkopwulqe
518,1PH2MDbcBAU094DlgTIND1
518,7JzmCjvB6bk48JghLyrg8N
518,1dvOwoHwZB9SwvRw2Gv3nz
518,4adKhxS40S3YGVt31EQfqe
518,6b5P51m8xx2XA6U7sdNZ5E
519,0rx7xu0RmZLpJjKNVZjSVv
519,1UTLq40xh63wMrHELGnKWW
519,1CgmY8fVN7kstVDZmsdM5k
519,1fOkmYW3ZFkkjIdOZSf596
519,4w6Wpq1KWk485krowaqUIV
519,34FfJ0pI5XYD4zHZLm0wsi
519,6tnrFU8iLQ6orFXjCA3flL
519,6BJbOXDlgVAXSaq6wYFYT2
519,1YxQxV5sKZN1TgVpXl5MLA
519,5a3tLTGA0HIDtrvnszXXBN
519,05jQUgTm40hzAw5uqOy0ob
519,4JWJ5BFdXnyV7BzTLj7dfJ
519,1eIXYZWEfJO3Na2LCCnIJE
519,7zLMYtNJcabv4h4wBnjNQI
519,1y3bE5i57eUm3hfLAc7h08
519,22L7bfCiAkJo5xGSQgmiIO
519,6tmWKd8kKXaYGfhihe5zmp
519,4356Typ82hUiFAynbLYbPn
519,22bPsP2jCgbLUvh82U0Z3M
519,4d9PtIEVij9jW5OaLinH66
519,2DHgvPQD1jApRnT1DBZdrS
519,5IP7Tk0LBy5AnBOgROSFUw
519,1jOLTO379yIu9aMnCkpMQl
519,6PlDfaiu0l777DqPolHkDQ
520,1GxLgrcumcN3TpWnrYQ9pV
520,28heol5hhOGj6KYbJrRteJ
520,4nfBoZILdIwgBZTMyVHPCF
520,2339UOI2SU3L1nJtUnx0GF
520,0mQLFm42be28X8yKBTiHP3
520,0lTDxglypMd8e8Q5hnmDnI
520,7AeM1BGYM7emrqmQn1PuWv
520,0rQ4jfSsfazmTHWsTVvQek
520,1HNkqx9Ahdgi1Ixy2xkKkL
520,6PCUP3dWmTjcTtXY02oFdT
520,2AuU35arXZdYoscOIxHWSc
520,2tB9OFgAHjAds3cqquLlvp
520,59KOoHFcw5XfICnO57holu
520,4191RXFPa7Ge9XkA4cWlna
520,3CRDbSIZ4r5MsZ0YwxuEkn
520,5aeQMQDWe64gVnVYSOqW6A
521,4d9PtIEVij9jW5OaLinH66
521,0lTDxglypMd8e8Q5hnmDnI
521,2wXfd4Vz6pzJrrPvGhpYz0
521,1Fn2pTZSBYlmQEjphUZSRi
521,0S0pOwYmfbzGgQBYnL9U1j
521,43iIQbw5hx986dUEZbr3eN
521,1oNcc2isuz7d3hc1fMoHqj
521,46s57QULU02Voy0Kup6UEb
521,0o5p5zzRN84q6qVbOVONPM
521,7BMO7O7ImjV8HNTH74Tshv
521,3KyKxJ4P3pVCgaZwaq2rUC
521,2wotylLBtyH2phGNhVhmUv
521,76qpEmu2bVlYCCz5IUcZw1
521,31xPPj5N9M2FxAf7raygym
521,29YW2xXlo6Pc6M0SBTCXYN
521,6TapyDFlRUlZ4cmIaqJx4k
521,26QLJMK8G0M06sk7h7Fkse
521,430qNtapCS3Ue1yoSql1oV
521,4j4w4CXm6BSr0s25wAWrrX
521,4qmFC3Jz5aQ0erlk2OSi2X
522,6dGnYIeXmHdcikdzNNDMm2
522,5ScbulRnixQ2XAdvrPMFjz
522,1UlhrRvYzbHEyugEDspXUB
522,7dHblXsJTRemgyIvFNJE7t
522,1xWH8zYtDeS9mW1JJG23VZ
522,7lWUJpax919G4JdaFEVmCy
522,3B4rsHMPbvYV7nNxs4FSWE
522,7DpUoxGSdlDHfqCYj0otzU
522,5iyE2d4U3Vc5cqY9mPTlpy
522,3DarAbFujv6eYNliUTyqtz
522,00NAQYOP4AmWR549nnYJZu
522,4f8Mh5wuWHOsfXtzjrJB3t
522,4HG1YiGBseVKzjyKcmAJen
522,1cMU20gleQO9xYjCeni3DJ
522,0c0YHn3DIQLl1opsQDd9kO
522,1Vp4St7JcXaUoJcIahtf3L
522,3drdWsJKiVCSQ2gKhd9BDT
522,4a1fh9vJMMoRjNrBmEWoM0
522,0G6SfvXZcPxKe931dS0LwB
522,6BYL7xCy4FSbqVu29akzPO
522,2UFOh8iMQ2DON7sl3lqGJH
523,0gBlPhTZaqY06DHCL9V7W5
523,6xcz5MXwY36hItZg5PZj78
523,3nNmRE0DxHC6ZaKkrpUumS
523,1pzN8bCzy017iK3vWzkk6Z
523,2dHnJmZMNJlKLmCNV0Ahnt
523,6ObpR8ek44tvWefQRcSo8K
523,18ws4dUbhpoGB7Uv7U89yp
523,4frLb7nWtsz2ymBE6k2GRP
523,0J2u6TAolef5gZEVy1HErU
523,4svZDCRz4cJoneBpjpx8DJ
523,02XcRGWPkvomFvzTamEKHg
523,6O11gHhPCFNEFkEZYf3ilw
523,0PCRR19Pf4iiuvSrPxtQ0x
523,2zavoMfVVPJMikH57fd8yK
523,15ZNcgzsiiSrLQAGzl3le9
523,4U1wiRcBOsDvxFbw0hJgq7
523,6SwRhMLwNqEi6alNPVG00n
523,2LvCnYNqj2nzP6VQAB1uZV
523,7KolrFGhfDi1JTSgQBT5sI
523,46WOptLnXUtH3LOyYvmMO1
523,3Fj47GNK2kUF0uaEDgXLaD
524,6sGIMrtIzQjdzNndVxe397
524,0GROiXm03OrMC5ltXLhGIu
524,4oXg7xT4ksBxHTx8PcmSXw
524,0GgN4MhR5GKn5IcKN0e0rG
524,7fzN9lz890zav0HERLvVKZ
524,5cfsQZEFf1IpQr8F9vI9le
524,1z5ebC9238uGoBgzYyvGpQ
524,5cXg9IQS34FzLVdHhp7hu7
524,1rmEsOezwf2lmIZTMAO5Ag
524,3ZVFcD8Wlw9T9klGqmJf9F
524,17Cs25j5Ui6X6W4Hk1kAyC
524,1yNTNTIZT0C1ok9w6GJCWg
524,2wSTnntOPRi7aQneobFtU4
524,4Flfb4fGscN9kXPOduQLrv
524,0flSGzqHO12p9fU9kqaHGE
524,7xqCJCrlpRSIHDDJsLeT0U
524,6XYbMGvtl6tlPoGWaiH7EY
524,5TCBWmEBrin7etRa4Lswr1
525,71jWljGDgSEpsa1LA5LHSg
525,0tgVpDi06FyKpA1z0VMD4v
525,734WuFbTDxTPMU1lBP6e0M
525,1sOW4PuG5X3Ie3EXUhAopJ
525,4191RXFPa7Ge9XkA4cWlna
525,71BqAINEnezjQfxE4VuJfq
525,45jWNNpTqJ4gSty54msOLx
525,2qVqxcTXGugY41u8Sr8xfp
525,2sdXCmHMlKDx7lQdeXTELW
525,6Xom58OOXk2SoU711L2IXO
525,2D8i2yY8z3kB5gRaUJ5weK
525,7zLMYtNJcabv4h4wBnjNQI
525,4Cv8KLIBrN25GRIJ3aeWq2
525,4e5ayHsOLJNLTGfjau2mEw
525,2ipIPsgrgd0j2beDf4Ki70
525,5KD6AEm19QnMbfWpfoOHMl
525,4mU5iXHeLgbR94siF7p1sY
525,5lKFO0PrOC9jmOlPEdjHsL
526,0NrtwAmRAdLxua31SzHvXr
526,3yhVmOZSpZqnhRrEiYI0EJ
526,0xun1Olh7EtEef4wIg9l3l
526,4NoOME4Dhf4xgxbHDT7VGe
526,0T1pU1RJETgsv0oBsrM2kt
526,4gPUnZW8IT1mmF9aj9NLF7
526,1muR6CRm9uQ76HaJ7YBQaa
526,5yrrh7VYFMCNjUOIMzGNp5
527,578CwfxpfH2HxlENOCHc2n
527,2avKuMN2QXkaG9vvHa2JLt
527,0TdacYZkgRxz8ZvHUtpimP
527,0a4SMs889NwP8oWI7Vemle
527,0VE4kBnHJUgtMf0dy6DRmW
527,1OjNUHE1W7Cxeph9DJzKbe
527,5VP1yXviUwA0KA0ewit5pe
527,3j3SfV4hAcR4XjCvW393Gr
527,4JaLkM90MJutDAl5jD9BZX
527,4fLTtg48X0QtKrj0Jv8I3v
527,3SsJ17EnPIu1B4GZshqjIS
527,23UV8pJEvRnAZd6ZAXBC0H
527,7E5qtyFBvbyfNbHOTR42rs
527,18ws4dUbhpoGB7Uv7U89yp
527,3swc6WTsr7rl9DqQKQA55C
527,34j4OxJxKznBs88cjSL2j9
527,4Uiw0Sl9yskBaC6P4DcdVD
527,31YexNcOMVSFTEDGmQusSI
527,1N9VY22tQUnD84bNWUsyKe
527,2SdSb9Pj6hRmSbHolclgg6
527,22thNommTAqjV4qHVENVd8
527,5YoITs1m0q8UOQ4AW7N5ga
527,0zg5XJPiga7E5FxiehriG2
527,2eF2x1BkgilhaZ2AipRY8j
527,6qpXXoysarNXgyJ5oWPWN1
528,1n2wszmJyVkw6FHqyLnQsY
528,3z87a8YWdfBTWwrspCN4g8
528,07EHYORZMFGlBdI5zIB7lp
528,50vVMueaWOYOfyQUQKdaFq
528,0iKo4pNNjHHdKUcFARlfCa
528,7fzN9lz890zav0HERLvVKZ
528,21aDVa64pWR8SYQ7wBRMkd
528,0PvkxArXWRKoQTT0ttLmHI
528,4tqcoej1zPvwePZCzuAjJd
528,3YIQgQd87ky85C6iLvEvaN
528,5enxwA8aAbwZbf5qCHORXi
528,6wnmRxEbwUK7WLyUtiRuT7
528,4ZPdLEztrlZqbJkgHNw54L
528,7MtVPRGtZl6rPjMfLoI3Lh
529,6CFJSaEwbJB9m8gCM8nksX
529,0WsC4ETIXyiHDMXRaPMvKe
529,5fDDQmf4HaV848CIyrP2vl
529,3siwsiaEoU4Kuuc9WKMUy5
529,1cZlBZwnwGPtYeRIeQcoFh
529,3hpm0fTeSqlhJbnqAgaLZs
529,1ODFVLQszq0hCOdZtqV5wq
529,5ScbulRnixQ2XAdvrPMFjz
529,2N9LEu6Pf8nDcp3GjWJT1Z
529,0J2u6TAolef5gZEVy1HErU
529,505v13epFXodT9fVAJ6h8k
529,2Na0z2gfN67Rzf0vp74Wi3
529,5QJQzE25BlcBVs7TNtF3qi
529,3pSWJ0GVYVRH1dTWSs9gma
529,6kuEBz6FG4JRZrdAi7kHQ8
529,1Iq8oo9XkmmvCQiGOfORiz
529,1I37Zz2g3hk9eWxaNkj031
530,6YJYhPKP7MRzJSHqe3QI9K
530,50pJXx2ImZomgdmFUtIczx
530,4iJyoBOLtHqaGxP12qzhQI
530,7a53HqqArd4b9NF4XAmlbI
530,3H3qBumaYj67PT3aMEBvAP
530,045ZeOHPIzhxxsm8bq5kyE
530,7uY8cyuuGiAMaYBZ9mOYxy
530,1VMdwVq0yaTc4DeqSCi7DO
530,4gfrYDtaRmp6HPvN80V2ob
530,5KfJvZ0PZzRdwFRaTUDAA7
530,67ACYA3UI6QMNtHX6b34wX
530,6ehJSlppdOEGiY0B5mMv5m
530,4st6K8nGBjANh0mKNvOpnt
530,4RtlhOoWNO5ReUwdmTdTcG
530,0Nwar8rweBUyfyuoyjjUvk
530,6Th6ND8RQPywiyelecP5Lf
530,0pEkK8MqbmGSX7fT8WLMbR
530,4NoOpkVBJsRB2YTiP9vRJD
530,5yMyLZu4wPvWcbLFiRhYVM
530,5YL553x8sHderRBDlm3NM3
530,2x6hopxvQkOzZTBdEMyUO2
530,1I55Ea0zVoSKs6MqW7DQ3i
530,2avKuMN2QXkaG9vvHa2JLt
531,6twW4ma6w0mOeejejPK0nY
531,7HuBDWi18s4aJM8UFnNheH
531,16dUQ4quIHDe4ZZ0wF1EMN
531,1DTRUYVd8rYpla9hhVVwjo
531,2gZUPNdnz5Y45eiGxpHGSc
531,34xxPZWbEyg5iDKEBqdsBZ
532,1goNZsIE8w3NQOzlP40veh
532,1eLSF6HfrRA0AsNmTkUlKx
532,3H3cOQ6LBLSvmcaV7QkZEu
532,243KxZULAjWO3KREpVHgOH
532,0LlObwsSjhvPFKPPpSWOeh
532,26QLJMK8G0M06sk7h7Fkse
532,2UFOh8iMQ2DON7sl3lqGJH
532,2TX04DO2zwrmoZKos95IA5
532,1gTOPRy9HeAOG9MiZmJzZd
532,1MKOPZWwR9WAzlP2B6tn5o
532,1MPulKrmSK9EW5IrawhdRs
532,0iO2iCAjtX0t5duvczNQt6
532,7sIYHDxjteT6RY29gAGzP2
532,4h5x3XHLVYFJaItKuO2rhy
532,4jgF1sLf3TkQbZkLHsc6SI
532,6ghDayhHeBXAP4OOnnrFW9
532,6DkXLzBQT7cwXmTyzAB1DJ
532,22thNommTAqjV4qHVENVd8
532,3L0IKstjUgDFVQAbQIRZRv
532,73ktcMfFRcoXlednsDvH3X
533,3WYW9JpdalkQyvDJLFSpUp
533,6NfrH0ANGmgBXyxgV2PeXt
533,07EHYORZMFGlBdI5zIB7lp
533,6Qyc6fS4DsZjB2mRW9DsQs
533,49QVOdWgGagzLrThkIqtK6
533,7d35DaGPriDyYAfiHr9ynk
533,5jQI2r1RdgtuT8S3iG8zFC
533,0g2d9az1nHhDQ4fecenUB0
533,6BnY0YochAURSXSR3d5N7O
534,4dh34dyav8M5jCN3yidn8Z
534,2LGdO5MtFdyphi2EihANZG
534,6pamafD9p0K7FHfJPz6TYF
534,5Pkn31exSVgFbfDAH961QC
534,5KXp9E22MHunsS4W4PNBUf
534,3LcoHjgdNl4xtWVaJGSA1p
534,1ZvbLYAXwvMfaPtN65QF2D
534,1GEOSS415bZVHNuXWlCT6b
534,2wnhst8yHA4gKuojAgZedh
535,0Ji9UonfwC90rbZ4IaQhOb
536,5oO3drDxtziYU2H1X23ZIp
537,7v9Q0dAb9t7h8gJOkcJHay
537,2gGyGhrur9okI0UBIDXJEG
537,5COQeGCkntn6AgXTHMKpdC
537,3mRF0YNsDdFKFnxwg16hSz
537,34xTFwjPQ1dC6uJmleno7x
537,63OQupATfueTdZMWTxW03A
537,6K8qKeWo5MsFED7wCR6Kop
537,11QNo3ld81pncy71q6VIic
537,5jTIePmUbBUVjJnpZeGiM3
537,3Wu1laMLkRxvDSB6zchkwf
537,2LMkwUfqC6S6s6qDVlEuzV
537,4iZ4pt7kvcaH6Yo8UoZ4s2
537,7DKS0rX27cCEPsK0R6tFWS
537,7oZOCPjlLpHZtIebTXhlfZ
537,5BR3N53buXtSwzBdr80DGs
537,7wJkgAZNkRMQz1FOMS5z6Y
537,5E02BgqYNN9VzafXrYP6Np
537,2YWtcWi3a83pdEg3Gif4Pd
538,2tB9OFgAHjAds3cqquLlvp
538,1HCdems7PQZRj42QDWLA0A
538,3Vi5XqYrmQgOYBajMWSvCi
538,6b6qi0ObycTK8hdrkgU21Y
538,22BA9h34P0Q2PGZudsEBco
538,0GDuL9TCO41PgsrKWBSGlm
538,7A2cNLRT0YJc1yjxHlKihs
538,0jQxmtJ0XrQAB5irVtdxTK
539,2GAhgAjOhEmItWLfgisyOn
539,4S4DVFQkLbfhZbGQxoRtPR
540,7iOhWWYjhhQiXzF4o4HhXN
541,0k0vFacOHNuArLWMiH60p7
541,1CPZ5BxNNd0n0nF4Orb9JS
541,4ZPdLEztrlZqbJkgHNw54L
541,1gTOPRy9HeAOG9MiZmJzZd
541,1Hg0e997pObvZ91w1FCPFk
541,6X6m4xmdFcz31p1h7Qg68c
541,1GEOSS415bZVHNuXWlCT6b
541,3T03rPwlL8NVk1yIaxeD8U
541,1rO0uD1DwejqeZLNXTroJK
541,2uSNmomB97wZrIO7rGXteO
541,1cCXT1cErAY6tmIqHbodrt
541,2zIwRUw5iCpgElrEMdPHJm
541,482PEx8hfMHSsuGtHd960A
541,7fQcHMvGAfvNXFq80n7X23
541,6dOtVTDdiauQNBQEDOtlAB
541,4BDnfINTlfJPmLp1UV6CXt
541,4wlmbB1rquZGIvgtQndhXm
541,4w2GLmK2wnioVnb5CPQeex
542,5hM5arv9KDbCHS0k9uqwjr
543,4Apb0ut2uTYIFxavAczqKd
543,2xwwY0EN7dtnXzMU8xRDxX
543,09ZNbemRWaTfNBmZ246SOQ
543,6PdWPdgPoVCT9WLFMVnhxx
543,1lcBt7LoEikqYmhUoa2cez
543,0O3U5iwTbiXCREMkvotJuN
543,2CnjDMdpRjlWv04Xk3s6MW
543,7ghKr0pCYyPPyp7t1FH8k4
543,1ZemPoaj7LBj1RAQrb89EC
543,7HC7R2D8WjXVcUHJyEGjRs
543,6lrDckuosGpwEHtm1hHBcf
543,4xqrdfXkTW4T0RauPLv3WA
543,0wAvTNz81YTUhLFWuWJSAV
543,6PlDfaiu0l777DqPolHkDQ
543,2KvHC9z14GSl4YpkNMX384
543,48X4D1FYOShPz2VF3YdfCF
543,2PXNL9x1lMXQkR7YM4USrC
543,0zLA16D7GXoT8K7XFaiCv3
543,1ZFu5Zz8XaS2q03fafwWKF
543,1D9XLqQp2YYiOxrr5KLb8K
544,2h3MDMf8sd9s4XIzpTBIjX
544,4xqrdfXkTW4T0RauPLv3WA
544,6xCKXznjcHv2hZWDA0pRIe
544,1ODFVLQszq0hCOdZtqV5wq
544,14QaXYIK3K3QPtezqxRRPN
544,0cDTCma0cfyXGhOdjD5rnj
544,7m6xr2HY0BYmBDTh2UIx02
544,3t72JCbFJ3syOhFC7x9Pa4
544,2gJj6WtAxXjApMs3PXsCeX
544,4svZDCRz4cJoneBpjpx8DJ
544,4jaNeCjRjTCekyaErvjnRX
544,5QzlDlRuT9D5LdpybJoNYi
544,23oUaizFBFVFI5PxJrkiO5
545,1YHQQFtKqFSFrqL4cNvstU
545,0xaNdYwK8ZF3cHSjraQGC0
545,3hwQhakFwm9soLEBnSDH17
545,4a9fW33mYR8LhXBOLUhbfF
545,4CevWKebcrg0qzZCI6vu9c
545,2N7TN76tLuTcdn9UlS8ADT
545,0Wik64zBKFTNoNjTpG70OH
545,4Xpt2bVLKFvlL5agz7cBTj
545,1UuaWKypSkIHxFZD03zw4m
546,61uyGDPJ06MkxJtHgPmuyO
546,7qEiBWlztvDFrILdizFULx
546,2gTnu5RZNVFVnWdjLnyUA5
546,19fKJrO9XdOf6Xla2QHecO
546,3OMw6qj95yhfeqBIdL0c1g
546,5qzLdvRViHUrRNdkpakG7C
546,2a1JSfTePKhysdIif2bzut
546,4c1RuddayQTE5dpURdynD5
546,7d6yK8v8J484SWH5prIQiE
546,4gAhDQjQT9rReQk5NoaiED
546,4KYS9GK68yeuUJ8vJfPxrq
546,0zkE78jc1kjLXrTYd9ZxpO
546,5c9vvmRxose2Qk8JOxpxrE
546,0nSRGOgdDFvAj6lGzKjEvo
546,7iXF2W9vKmDoGAhlHdpyIa
546,3VdooJLOy4tLxKpnn46SMP
546,7vRfxLcDDwgYW2WTrtEgUV
546,4PNn9pMYbErIXMHmE0w4a2
546,328p9YLeNTjWUnL6qCXqmv
546,5Y35SjAfXjjG0sFQ3KOxmm
546,7mFhyM0k5ZKG8jxcwmPVYl
546,24CBAWq81pQNTftNAxVLYk
546,2fuYa3Lx06QQJAm0MjztKr
546,18ws4dUbhpoGB7Uv7U89yp
547,3IHt4j5uAEl7iBu8Utn985
547,2XjoHA58XD0t3qye8bYGU8
547,1d5dIwX0QGabBASb3gI3VA
547,6xRG0mGtTLvJDFnytx1eoj
547,0kPhTGl84wcSzdTareTroP
547,67aaFVnfvFWjxVQMd0jDb5
547,0E3e4EZKheJbBbisNcSR1c
547,0q75NwOoFiARAVp4EXU4Bs
547,5X3ahLXhOw16BR09GjYPUT
547,5XMkENs3GfeRza8MfVAhjK
547,4evMMKc2HD6fV9slMfgkMx
547,43y1WpBdnEy5TR9aZoSQL9
547,3yhVmOZSpZqnhRrEiYI0EJ
547,5ylJtmaWPJ33cW3En7WOu0
547,4AhZSJyGTfYqUnFjn5eGQa
547,5XsAal7ZcWg1I5T4NcRjkv
547,2BJSMvOGABRxokHKB0OI8i
547,1MKOPZWwR9WAzlP2B6tn5o
547,1zkXUXNHpYQTcXZAaZbeEp
547,4K1Pg0FLno1ltzX3jeqT83
547,4rXxjHSAglOynjIF8Z34dx
547,0UQFOgOBiLzd7icv7pk0dm
547,6sGIMrtIzQjdzNndVxe397
547,1EKZmfqveHKe78Isfk07w4
547,44IXD2J5yyr7PpOZzz2cmQ
548,285pBltuF7vW8TeWk8hdRR
548,6WqKdBOuiFSWtjUoy7q8Bi
548,6ON9UuIq49xXY9GPmHIYRp
548,20R4HfKloPKgXDqU7UKk3x
548,5Gt9bxniM1SxN61yRzRhXL
548,5c9vvmRxose2Qk8JOxpxrE
548,5tSN9S1BvuQ1TcmBnkA9Ws
548,3HQztiNynPPCCuowUnKoVR
548,1zejeOnykpCoyVSit6Bwp3
548,5SM5amC17V4itA5jxIICjS
548,6zHecELSAUYPCmYY8qHuOy
549,57ELn9TPDIhrpl0dasS465
549,4GDpPRKZA5GiCMWzwnm0ms
549,43ZjJZv2foN9DF9Q57PJHm
549,0Lsis3LB0XAK6XlTHXaJk2
549,3olGkpomYOWwRZsbFTZqiX
549,5lvnGiTAH9BVlJLHc0DXZz
549,5DLTuH4A5VZB2HKpqHQR6t
549,0LHpEIKaXBtXrqSUEdfWKm
549,2avKuMN2QXkaG9vvHa2JLt
549,5HmxrDC6RrpkCDtMYQqkqx
549,0PvkxArXWRKoQTT0ttLmHI
549,1UHS8Rf6h5Ar3CDWRd3wjF
549,2Pve7muUYsaynWb9hL8CMb
549,77pDO4WZPIdkwFve0iHWnb
549,1FTCA6wQwulQFokDddKE68
549,3BzGBoR5Fuy1XmDcJ5jYEW
549,7sKt5Y2zJpYw78iAxndB8y
549,4BGZF4oLbTL0pWm7C18pbv
549,4JQtyBEeLOAOnb7n5OQdDd
549,6VsvKPJ4xjVNKpI8VVZ3SV
549,0zLA16D7GXoT8K7XFaiCv3
549,4MUvaBckjtNGlxX1IuHDPW
549,49vuwo7SLmzO207Z7djITp
550,7AeM1BGYM7emrqmQn1PuWv
550,49fAstHTYCiXuPR8mN7wFT
550,1RAeuvRyRzCweAK3jUT0ZW
550,0CySZwyRJ0vyUqtSjM9i2k
550,7A2cNLRT0YJc1yjxHlKihs
550,2jTujnt0y344ai1rNOywgr
550,23xx852ectQgmp1G78zSpd
550,2pMPWE7PJH1PizfgGRMnR9
550,2PDQReEXBViVwkrbQ34vd7
550,6eM1ju6kLvgzdnT5mJgSJb
550,7tI8dRuH2Yc6RuoTjxo4dU
551,0otmDG441slQ7QYZUPgBcM
551,1p5M91qghUkzS4gwuMM22B
551,3s2f6XU5sJ6aqEe7GgDBta
551,3AsOTlJkROSGG5JL7cjyCw
551,1SGt65i9AnXYdDQt1AtDRH
551,6BYL7xCy4FSbqVu29akzPO
551,4XoixmemUvnf5ooowJ62kc
551,5TGYo4MrNKqIvJqgx134py
551,1UJNbgfTzG1gZZTWFJdMf1
551,1TweDM3JC49LNeelLVg3yX
552,5NZWHlQy5PKxQ1DcQ9EFbL
552,10W0dUXcEP92xxSx5f4lSQ
552,05tFLPSXJ1BbqIXy4Jeqfh
552,5sWjhIs29sp6rbgOicg4NS
552,0suLngfo7rJoetk7Ub6N8l
552,1dUHF4RyMmMTveJ0Rby6Xm
552,2Pve7muUYsaynWb9hL8CMb
552,3ZOEytgrvLwQaqXreDs2Jx
552,243KxZULAjWO3KREpVHgOH
552,0A1JLUlkZkp2EFrosoNQi0
552,3CY3zAjrxKVInh2Lq1QiRb
552,0qMNPhpRzbghJy6G3SgRag
552,5673WA8EEUSPx1ir26lhGW
552,6NUy8xajng5zMSGJRKniAG
552,1QWmKmqhv5zcsS3v45FNl0
552,42m3eP1JJhtzffal9B136J
552,1Rt5PxKde8JdrCk4ZTnu0g
552,4BDnfINTlfJPmLp1UV6CXt
552,5HAjss9faCAowGY8dM24r6
552,79mFFAOYcG8ZF6AN1JecAL
553,2QQ2BHrWAPVQz1LZOesXp8
553,07ogXeXe5o91sPOAbyMElt
553,3itgPtXSu4I9mr2QD6yrzP
553,3QEWEv1tvHmVgsT5THpGDn
553,0O6VeBiFCwHrpVURJSsGsU
553,6kWxIqQDsKFYCJGbU4AjCX
553,5cXg9IQS34FzLVdHhp7hu7
553,5J7teKIJGtqVypgYI6sqXj
553,5wG3HvLhF6Y5KTGlK0IW3J
553,4YZbVct8l9MnAVIROnLQdx
553,4AMnUGvZUVJgDuY7rOPzUZ
553,45J4avUb9Ni0bnETYaYFVJ
553,01ppKlDRCmPpusO3yNrSRY
553,5YPMEOJ58kfl56VHxTgwx3
553,4QIo4oxwzzafcBWkKjDpXY
554,3VqiD8Yvk6bKwqS1e64PHB
554,4JWJ5BFdXnyV7BzTLj7dfJ
554,2wkej79m7pKn0iTljW929c
554,1VZLEW5ZfcAbKZ94XQiSZF
554,62zFEHfAYl5kdHYOivj4BC
554,4ak9GGe6afmi2HbxEjvhIC
554,1UuaWKypSkIHxFZD03zw4m
554,4s8BIKx4Zh6ryAEz8RTlaU
554,6QT6j7rKt7Vk3IuV2AUO9W
554,1I6pKIyaBp4OebTGLJpCCC
554,30C1FoJzEhNUILsxghioGz
555,5KD6AEm19QnMbfWpfoOHMl
555,4eumFsTnduH3zRfaASoAPs
555,1NZs6n6hl8UuMaX0UC0YTz
555,221qmpQeBNV87sUjQeUTVH
555,0gBlPhTZaqY06DHCL9V7W5
555,5X3dOilXRTEVqyRbZhM49U
555,2vjFTjmvpFjFM01cNdG2ik
556,6g1B0hd6rlT3xP3mERUnz8
556,5KtvumPgVZmt8wg9xONE0T
556,6vnfObZ4Ys70SBAtti1xZ9
556,6xV7Be6XEvkSnighmh2Tzj
556,27BgDmciSjoxTG0almHTpZ
556,3YIQgQd87ky85C6iLvEvaN
556,4IO2X2YoXoUMv0M2rwomLC
556,1DAibqbopEYULPEtE8WHTE
556,7knLcYCOSaURD0d7HUULFM
557,0MI4U8nhdfJ1FPRAgYhXxC
557,4YSOlJJoFu4vfZYJUiewl9
557,680qLWCMRfR6evrNNBCE9e
557,7yNK27ZTpHew0c55VvIJgm
557,54MsbPnTWsEC66lVUyFodF
557,4zK082ykqJzJGzC64NXjp1
558,32iNr3J93tqFkxaMYwdRYi
558,0fCwrjKfWxF3xQhZrYUw4T
558,4kfSXPK13aXkLzuz02hCSC
558,74atKkOasLOVzvqB6mYgga
558,5Ve4qBYAThGLTOva0hhoTa
558,1eLU27PPFxBhbp1CBjPh9J
559,4lhqb6JvbHId48OUJGwymk
559,2tJulUYLDKOg9XrtVkMgcJ
560,6kfn5XxnspnDZkQzwCqyyA
560,7pas6O1LYbaeChEFQBhPFU
560,4pNApnaUWAL2J4KO2eqokq
560,0u35Dpz37TY2M2j20RUdMf
560,4wlmbB1rquZGIvgtQndhXm
560,0x0Egm8IgaRNCfNKqkJrPt
560,4qmFC3Jz5aQ0erlk2OSi2X
560,0EZMXJMWf0tLKRWwCiA6Sx
560,3Tj1luJyKPQt7WbrqpJ2Az
560,045ZeOHPIzhxxsm8bq5kyE
560,1Q5ckQPz1tsDu2XrFPX8xr
560,53zCCom4uEoIBaOAEJtjUL
560,5yIuA6g8P4nwWGMzXfhX4a
560,4LpUpiYoZ2M3Z1kmhn4EQo
560,08dz3ygXyFur6bL7Au8u8J
560,7iPabscOgrBuDkjZAvOVRD
560,5jZ32WOU7sqzDYbzINwMUk
561,4RVwu0g32PAqgUiJoXsdF8
561,6dBUzqjtbnIa1TwYbyw5CM
561,2gam98EZKrF9XuOkU13ApN
562,4LKYOetuIF5c9XjeLBL9av
562,2EqlS6tkEnglzr7tkKAAYD
562,1tHRctr0AkO4WdzT1GN7ZP
562,4u43I0LP2Xf85OAS85eG0R
562,4oXg7xT4ksBxHTx8PcmSXw
562,28heol5hhOGj6KYbJrRteJ
562,7xrwGUa11hnnxXWeTIzcHf
562,298ionVvjnAHlD0IqYVYfC
562,03bTIHJElXZ0O0jqOQvAbY
562,6VVm8loj8FpKcAPUvgJfEl
562,0oV45hcZ8tA1YD4Cp7Fthl
562,1YYfyJ2yCvGFCxwjsIqEK9
562,11pEKMLmavDu8fxOB5QjbQ
562,6cWv9xpzoAaBjqRg3mCZi3
562,2fXwCWkh6YG5zU1IyvQrbs
562,77n3jFGqPPxYrEGwrWylNv
562,1YxQxV5sKZN1TgVpXl5MLA
562,4Hff1IjRbLGeLgFgxvHflk
562,0L5gFNrzHyh4OhMwEz6DGS
562,1whs2eO84P6NRtmDQN2YTl
563,6MvQ6mhfqeoxfhTydwYRRI
563,4YZbVct8l9MnAVIROnLQdx
563,6NMtzpDQBTOfJwMzgMX0zl
563,5WcsxoURbNjQPQvzKpHUMn
563,3IEvQ1CzszUJtTRLmmMJ2X
563,2mdEsXPu8ZmkHRRtAdC09e
563,35kahykNu00FPysz3C2euR
563,2RkZ5LkEzeHGRsmDqKwmaJ
564,4F0UiUzU1sEwIRdMY0akMe
564,2PFKctZAGvZvI7tS8gmP5n
564,3Cl9wNUPBlWTw2MlswtOKb
564,7bPp2NmpmyhLJ7zWazAXMu
564,0PCRR19Pf4iiuvSrPxtQ0x
564,3r9fAceWmaDFvbNiTnFiLr
564,3EHw4Ibarp6Fru4XKmwrip
564,4TpHtOGNKgCSGR3iZI3gUe
564,1TKTiKp3zbNgrBH2IwSwIx
564,75ZvA4QfFiZvzhj2xkaWAh
564,0t1fdMrn7JOg9DDsT95bxt
564,2zUVG50rpba9Zt08lOevF5
564,4yJgPyXacnVDKfQSxsmxwP
564,0440JCJyIAmINA8KcYgFb5
564,3Y1EvIgEVw51XtgNEgpz5c
564,0tjZv2hChdHZCW1zFXpy1J
565,3XLJoMMM0oRHD4gHq6jV9Z
565,3CA9pLiwRIGtUBiMjbZmRw
565,0FIDCNYYjNvPVimz5icugS
565,07EHYORZMFGlBdI5zIB7lp
566,1NQCwdW8bpcq3XtJgPpmlT
566,5VA4Ispp52EA1sOqzMz3Av
566,0XRJc66Gcvq8F98KE1TXD8
567,47D1TIULCsrnqi4qs98Eur
567,6cuGUclNrYm0QHVO2sGqow
567,3WlbeuhfRSqU7ylK2Ui5U7
567,27eOHLIdWzqzZawiRSEi9s
567,1Tt5Leqvv6OawH2jth05Rw
567,6Mqys7TMJgMSdO14dGoik0
567,19m3E0nMZobyA93AxMXC32
567,7FOgcfdz9Nx5V9lCNXdBYv
567,30Y4CV7A6YqtQtTTo7Ue4j
567,2ThaHV10xrAcL2WfqXyLnp
567,4c0Arzex2NVpiCePeB5rf5
567,5YeHLHDdQ4nKHk81XFWhCU
567,2yZax79pOrYuyIFVW2cZY2
567,5mCPDVBb16L4XQwDdbRUpz
567,7DY756WOLyOz2Xnhw4EFiC
567,4jBfUB4kQJCWOrjGLQqhO0
567,48X4D1FYOShPz2VF3YdfCF
568,7ns16ylM6sbxo9ZWIwyE5d
568,5i6V88QD3nt9at4915JISY
568,6jPFaBQGvDFrcyf5kQAJ6G
568,4SZepBIPDRwPaHIjAKwRDb
568,31i56LZnwE6uSu3exoHjtB
568,26MqDvGIe4A4UZpF5J2Ame
568,0yyyapBjZ9Ek1vcpp3e9bj
568,1Hg0e997pObvZ91w1FCPFk
568,6iGT4CugvKIPPee1BfNRTp
568,7oZOCPjlLpHZtIebTXhlfZ
568,1eLU27PPFxBhbp1CBjPh9J
568,6TapyDFlRUlZ4cmIaqJx4k
568,6QA2m3HgJaMF62jPguGMry
568,5inIeRExNFzOuqaYU7tpT9
568,4ZT0wGKwlJRjpMUuwZVy3p
568,2wotylLBtyH2phGNhVhmUv
568,7aely3H8kMj9o0gt6vXHE1
568,1wtOxkiel43cVs0Yux5Q4h
568,57g9uWuZI1t822eLvEVQjn
568,6QdnKD1zwEgyOWtkrdzlOF
568,64BbK9SFKH2jk86U3dGj2P
569,5H25xsIuRWUI8GwcoAoeSG
569,7J1uxwnxfQLu4APicE5Rnj
569,4eLDmhsJW3JoZTXCAozHor
569,0Zh3tKIphLOvQux4dA6PFZ
569,0bqC0AqaBZKBZsjhI3y2OW
569,2S2x5N5VJNn7vqYukvoFFC
569,4VAngYbLewVFpcLR9FpYfR
569,0MMyJUC3WNnFS1lit5pTjk
569,5HR7yfhSCeoOHRQN05XnZQ
569,1BosA2iQr78Frmq8tvJPLU
569,0YbFEoJi7Esa7lhIrEpBjl
569,2gzLHBLh9IWhswffneqHbl
569,24Z0qiHUR9cTB4UfGUqCnj
569,5g8frSfNnBYjSpLkLtFnCd
569,4hNPMfFHauPIbOKvdYqFt7
569,4wVOKKEHUJxHCFFNUWDn0B
569,4sLSlf35QTry00pEGiKA32
569,0bCCMwWTaYOcQ4v8EeEYmd
569,2od6VwQ93pD6vfYss3oync
569,5bQ9rtAfOUbPmuxjPK8zDp
569,2jTujnt0y344ai1rNOywgr
570,6OIfNeHcpEHZ6z8OgEtoen
570,431Dwa4XSR1z1aWgmCisnP
570,375YEKrb4JSu03HPzwOFfJ
570,4XDpeWqPADoWRKcUY3dC84
570,19YKaevk2bce4odJkP5L22
570,5W4FHsvv4PwqC5gYzXyrLI
570,3vooOYHU0Fi3ViCG7Ozh0Y
570,2DNXgvkyv35vTWvdgjs7qn
570,5lZZmityu9TAjNvSY6GLhR
570,1eUGmzzvahJjOSWgDHuRlv
570,5eGEc27nnhtmcOh6RC890a
570,34D6FJysnQioVingDKufuf
571,7lXOqE38eCr979gp27O5wr
571,7xAvtuHf8nGi5OtXVPYgb3
571,7qEHsqek33rTcFNT9PFqLf
571,2IDEZ4wXSbkV4Yivjxpzxr
571,3iW3y326xuRpNVXzOMBZy5
571,1Hq9DR1s1DZIlpNZMEFA0v
571,13e6f8t7RKXuxZ0JdaaJRG
571,1f2V8U1BiWaC9aJWmpOARe
571,0sci7ppTZFm4mjcH3nu8yO
572,3H3cOQ6LBLSvmcaV7QkZEu
572,725fdnXEqS0Xs1sTvdNuHq
572,73URX96PE74KPnE9ogX2ib
572,5c9tBmJKbTdn1vhzXHeAwW
572,57EMMRviFnUVwYgsHgAlA2
572,29JLgNBcOky7QB68OrvYxO
572,0o3ua5ufFK7nfRzbDUNoGA
572,2EhE42VQTKvn6ok6wtA9U8
573,5a3tLTGA0HIDtrvnszXXBN
573,0IuE6FnXPCdZ8NLuuvJRhb
573,4iWjsRa7DnFiqiihxnyFoI
573,6tjsbysvZh8Pq8DZA5ldrn
573,6CLVh9sekZ1p2G8Tfhhj8h
573,0aueluj36PA9LNoj7d9SFb
573,6c8hSyRiwHXNjerMJnAIFk
573,5VP1yXviUwA0KA0ewit5pe
573,7trGQmK2IAYxLb3wgqfawy
573,6QdwUxKYnMsTGaHP0kuq7T
573,0fX4oNGBWO3dSGUZcVdVV2
573,07kLShG3HTeLXTqnFCqNAJ
573,23oUaizFBFVFI5PxJrkiO5
573,3nNmRE0DxHC6ZaKkrpUumS
573,0wwPcA6wtMf6HUMpIRdeP7
573,5gy5oMthJa807ihJik4U3O
573,4QhWbupniDd44EDtnh2bFJ
573,51BaWtK7IDX3CaxlmQQ3Lo
573,0ulsRBiciReng91DhfVT9D
573,3CRDbSIZ4r5MsZ0YwxuEkn
573,7rVmzyFA7f4rNGl9onF21E
573,4dh34dyav8M5jCN3yidn8Z
574,4KULAymBBJcPRpk1yO4dOG
574,2tGvwE8GcFKwNdAXMnlbfl
574,1ZHYJ2Wwgxes4m8Ba88PeK
574,32FhTAAjKZaBein150o3Px
574,2NGGvVcfb2m2NbVaXHC3gb
574,12Fkyg9lpmaz2zmKOfw2Y2
574,7eDYNlBwRMeFOZHOZ95dZ1
574,3agTX6v1AbfY3mMA8qX2Bh
574,57g9uWuZI1t822eLvEVQjn
574,7MjSipTto9QljYzZnloXOn
574,1hz7SRTGUNAtIQ46qiNv2p
574,55N0YHhO55Q1lWsc4dDPcI
574,1JcIXOir94YUYBt2cXTzn2
574,17wMOhLqVB3DRCmTaLjwVM
574,42Uw9frN5ZVX40mRU3hHFL
574,2u9S9JJ6hTZS3Vf22HOZKg
574,2P61EK6DMGyVyssLWS4fKy
574,3VzVwhsTODtBVyq1z56iVL
574,4JeD0FGslDsMeeahEGZa2L
574,5YeHLHDdQ4nKHk81XFWhCU
574,5k7JSycp97vL45zSOoUsTE
574,79chzfFIIq7cHkqcYYORk0
575,32lItqlMi4LBhb4k0BaSaC
575,6Db8IlZ7YY1pfIjJllejyH
575,3IznIgmXtrUaoPWpQTy5jB
575,787rCZF9i4L1cXGMkdyIk4
576,3jA5KKyAh3RS07CHzyi0A2
576,45wMBGri1PORPjM9PwFfrS
576,1IdZvb2XK8NmsovQlV6CPn
576,1rQEgtQNsj63xIUzEmKbML
576,1mUTpDe3E8pML637zOFL5D
576,77sMIMlNaSURUAXq5coCxE
576,288e3FhmVuCqPmNEfAH0h6
576,0g2d9az1nHhDQ4fecenUB0
576,7fQ1PCR4pZC3SyNSZHDQtT
576,7ogK4lJDVDMU6A6vYR5rvD
576,3y4q6bBdbXsTIaPiwiiUfy
576,0eZvCQAK6hsPSlcfqzREvB
576,0K3w6WNawZlv6Izmsrye8o
576,25jgQBxuUkGDdCG1WGKKN9
576,1Hq9DR1s1DZIlpNZMEFA0v
576,4Pqli6waH1jw7y5DluZnBh
576,5kHMfzgLZP95O9NBy0ku4v
576,1QWmKmqhv5zcsS3v45FNl0
576,5chnRTB9qMK3W1M41SnU9s
576,46oDBddhwu0gfFr2z1fvh5
577,5VhvD0AKRprEaFtPNKGBQR
577,1xVVYE1ahLotRpppJViVzs
577,44XjoNvtwevktFKjvVe1vH
577,6Y9DeC4Z9R9scRPg7r11pl
577,00syWkRGIVQvYsg2OwfBUw
577,41TXadM22OIJY04xSW9iuv
577,7K6xMPtAjTuLPNlJMLf5bS
577,0tgVpDi06FyKpA1z0VMD4v
577,0gTRROuntlrPQ64W3J2Etv
577,6UCFZ9ZOFRxK8oak7MdPZu
577,2ohegz9maxzroKBu9YhcCM
577,0CSZ1DMvRZH0WLB5V0WSom
577,12iJ53O8WaA64M6S8JgI2Q
577,4F6YLjakjqWFTgC5qfEwPQ
577,70LcF31zb1H0PyJoS1Sx1r
577,3XLJoMMM0oRHD4gHq6jV9Z
577,0KAzP1Rbp0Vz5pw8i1KDDI
577,57pOLYHz6mt5aMkOXa2Gis
577,5VA4Ispp52EA1sOqzMz3Av
577,0Nd3baD6mxMc4PNW59WXWP
577,0rt63HYAAIzUZo5O2D0uA6
577,34gCuhDGsG4bRPIf9bb02f
577,3R1Vu4Ws7UitwDxDHTol0P
578,1pfwOQKJsRRBf6NdYO4Qog
578,3g7ngtg7xK3N9nKwAjDfH3
578,7AFASza1mXqntmGtbxXprO
578,2XIc1pqjXV3Cr2BQUGNBck
578,2BwO5K8Q7EPAJSGze3AAh9
578,7K6xMPtAjTuLPNlJMLf5bS
578,1qrpoAMXodY6895hGKoUpA
578,7eqoqGkKwgOaWNNHx90uEZ
578,1PIgY9ybyFT9uWLM5POYGY
578,2L6pMQRcT6aM0Lq5FycBke
578,4PPgUdOaHiGBEswMhwSziB
578,5B3GZOZYXNzWpUXQC42hxZ
578,3UoULw70kMsiVXxW0L3A33
578,0aIp0EjpdX7Yf6YLW4AiA8
578,1ijJHUtNSzqQrWOgh9fkVu
578,2L47m9erkB5KBZcaqWtYen
578,3JNEXPTnSxqlxNqhTW61D2
578,1Ou4q1gX3QAvKhAFd3xsXT
578,6RtzmszGXs32TRhv5zTKNM
578,7sOfmPd18RWp3FoCzpa7Kw
578,7D93pJcwymzaZx8WgBo2zG
578,25ZAibhr3bdlMCLmubZDVt
578,2IjyFRCRn8x1bEquOM3vxg
578,3gE4eQH3K83Sght0ZLvuBK
578,6IBTI6u7tVNtWojUHnO4Ap
579,263KsGZODTZouh3RFGNaLX
579,4xh7W7tlNMIczFhupCPniY
579,5QDGKcQLqOJvoiu8eScEaM
579,2Na0z2gfN67Rzf0vp74Wi3
579,0Nf5R00C69TCMbVOSK09JC
579,6w9GrSUaQQIaMBYtabge7p
579,2ENexcMEMsYk0rVJigVD3i
579,74NI58MQexwZjNu1Gu6GjT
579,2OzhQlSqBEmt7hmkYxfT6m
579,50kpGaPAhYJ3sGmk6vplg0
579,60ynsPSSKe6O3sfwRnIBRf
580,7J1uxwnxfQLu4APicE5Rnj
580,7ySUcLPVX7KudhnmNcgY2D
580,35CZvVV7UzYgydaVpNW4Kp
580,0zw61GTy2UXhZbKR7UUqTv
580,5yIuA6g8P4nwWGMzXfhX4a
580,6GXgd1BPD9bUpqw5AntGV5
580,0YbFEoJi7Esa7lhIrEpBjl
580,3HBJNBuAHKhQXcQ8nnVvXX
580,0y9uTzK9cNKSAEHnpeRG8C
580,1rNop31kdDmSj3Ds6xhIeS
580,3AJwUDP919kvQ9QcozQPxg
580,1yNTNTIZT0C1ok9w6GJCWg
580,29JLgNBcOky7QB68OrvYxO
580,2uTrdatngtB000duMrfbiV
580,1a7WZZZH7LzyvorhpOJFTe
580,6b8Be6ljOzmkOmFslEb23P
581,6IZvVAP7VPPnsGX6bvgkqg
581,5TgEJ62DOzBpGxZ7WRsrqb
581,6cPyTS0Kk2sc4xQwC93kOg
581,5LJz7kmFhLqB53tmVWxig5
581,1j6NZFHrpc09YmEZuSlmwf
581,3p866VcBbuggDPXJLuc9hr
582,14kyXBpg91RVq8bNRDS1q2
582,3g7ngtg7xK3N9nKwAjDfH3
582,0sSRLXxknVTQDStgU1NqpY
582,1XxCiPw07rd1ytYnE7SoJI
582,4n0JnrS5az8qhhQRuofBfo
582,4Dvkj6JhhA12EX05fT7y2e
582,1C7lXfx4Y5maVl4AgUVlHA
582,0k4d5YPDr1r7FX77VdqWez
582,2G9IqD0eydBfEaQlNTjij8
582,2Q3jFbyE61mCjS3SkW4toJ
582,1N9VY22tQUnD84bNWUsyKe
582,69ZaPBHhRMRDjRpW1ivnOU
582,4qUtC2BwFC154Ha8YQRrkk
582,3fqwjXwUGN6vbzIwvyFMhx
582,1JcIXOir94YUYBt2cXTzn2
583,3b5LW3nS3WFQyS1e8ajGJN
584,4qOpQXiEDEvt8MhYCGcwB6
584,5pHJv0bgNsT9nPoK2BjNBn
584,2d6m2F4I7wCuAKtSsdhh83
584,0IuE6FnXPCdZ8NLuuvJRhb
584,4wlmbB1rquZGIvgtQndhXm
585,2u0CelO5c81XS7z3dGpHbS
585,1dAYbhcGh9pWn8NGXXoBt7
585,6fPan2saHdFaIHuTSatORv
585,45zLrK0668WQ5JFMyiYmCS
585,5673WA8EEUSPx1ir26lhGW
585,3FzJDGVjRGNc7KrkabU5N0
585,05oC2UvKDcx0cY2wg9gzKC
585,5QhJorJmjqYfETfqgBtGg3
585,5DxDLsW6PsLz5gkwC7Mk5S
585,5BoOzegGrg5XFRR8UBDtkF
585,4gAhDQjQT9rReQk5NoaiED
585,3pY2M4k9BSk7ulLBSV0tcX
585,2vYnRl38IfvoGxCdNwwRPV
585,3ko9jEHNt4O5fjKN65ULJp
585,54MsbPnTWsEC66lVUyFodF
585,6VNXmo59yDYgcwLS17UNAW
585,0EZMXJMWf0tLKRWwCiA6Sx
585,328p9YLeNTjWUnL6qCXqmv
585,00aqkszH1FdUiJJWvX6iEl
585,4waPZF96vX1Oz5pzH6dB0h
585,550erGcdD9n6PnwxrvYqZT
585,343YBumqHu19cGoGARUTsd
586,2tGvwE8GcFKwNdAXMnlbfl
586,0h1DSQbLoW58G3DDxmhxKx
586,6HjYE79OOCGEhkIRfXLqrz
586,7AeM1BGYM7emrqmQn1PuWv
586,2XjoHA58XD0t3qye8bYGU8
586,0yyyapBjZ9Ek1vcpp3e9bj
586,4rlQza35DE4Prh5yonxnCs
586,5ZCsCQrtEUJUJAylu9TDjY
586,708yXS1fLm1gAXFyIQxtX2
586,5t6VW9ocIgB84vD8uR5xXU
587,4kjI1gwQZRKNDkw1nI475M
587,2ByBBvpR9b7IynvRmnG7kG
587,0xaFw2zDYf1rIJWl2dXiSF
587,2DBxhQbwnuXDioUVdL33S2
587,0bHer4P44xn8jcyMH0EMs8
587,72jbDTw1piOOj770jWNeaG
587,1mUTpDe3E8pML637zOFL5D
587,65m7WOTu8fMBFDd1r25VPk
587,7JgNAnCjJvL8hBR1kmCOFF
587,0E0DRHf5PfMeor0ZCwB3oT
587,0ItgotO5txriRAp6lXMHJ7
587,3w3y8KPTfNeOKPiqUTakBh
587,4WLQVGtxD8eqDPMX2CiZlE
587,0NdTUS4UiNYCNn5FgVqKQY
587,5EiLjOB57pHdNnkcrWh1m4
587,3CBxVM0zGj41BQtE6m7gwb
587,7cHhlnawdN87aZbjO6LMRN
587,4JWJ5BFdXnyV7BzTLj7dfJ
587,4RtlhOoWNO5ReUwdmTdTcG
587,363cVHJDjrYIkN5HcIAGCx
587,7nzsY8vlnKdvGOEE0rjAXZ
587,2c2csx4OTYtbkzvbSTXlGY
588,4UP9Dn3u8O4p8oH41EXOai
588,6wbbeA1FcbqXiJs7aIA8x7
588,17wt2Rnlnn6jR6yGY5CcAV
588,4w6Wpq1KWk485krowaqUIV
588,6PS9AdyOKTPwlDPfLzJ7Ow
588,5oLZOjxUHhbcB5Xv9OPOqO
588,4yWCzA44dQyp0SoeM81bUb
588,3GWUv0TDO5E3cHfsxYeptt
588,6Xb2iLlSfxsvOjM3J5y0dD
588,3qNfOiidqKXXNcGrY47Uql
588,0XRJc66Gcvq8F98KE1TXD8
588,2xwwY0EN7dtnXzMU8xRDxX
588,7sWRlDoTDX8geTR8zzr2vt
588,4uyBm26e7ElRigCH6vRbpc
588,38bbpkFcxgjupISR0K94UU
588,0ruhQupkyGoUxmsExWXEoa
588,4QGHin0gSqzPrPJhPU5gWn
588,4pcafPzLDSqQktqSpxHL3E
588,5GVPVxgdgTKJFxSxLVIw1A
588,7xoUc6faLbCqZO6fQEYprd
588,3oDkdAySo1VQQG0ptV7uwa
589,5cbHlX6tKCCiz1jtVvkH5w
589,2YSzYUF3jWqb9YP9VXmpjE
589,1HAy3OuIEMm7ArA4Ec52ym
589,4wcBRRpIfesgcyUtis7PEg
589,08fa9LFcFBTcilB3iq2e2A
589,0MI4U8nhdfJ1FPRAgYhXxC
589,7zpWphO4K5Z7zdN22spkCI
589,7KokYm8cMIXCsGVmUvKtqf
589,6QA2m3HgJaMF62jPguGMry
589,0FolPJnYMo71Z7qasTuoJT
589,78QcVmzxS0wIwuC2rpAauI
589,2VdT56BGpdqNHUgOe1j5vc
589,2dgFqt3w9xIQRjhPtwNk3D
589,0H8XeaJunhvpBdBFIYi6Sh
589,0x60P5taxdI5pcGbqbap6S
589,0yyyapBjZ9Ek1vcpp3e9bj
589,1wa6QQsdSE3X2GbRljGpFk
589,5g9lS8deSIxItFBmZRC4vN
589,62HoDY1Km6lm47haFpUn9c
589,7m9OqQk4RVRkw9JJdeAw96
589,1ZvbLYAXwvMfaPtN65QF2D
589,2yzshFeBIwH8tWIqHEFLeD
589,346SJSEbB6pNZMpwovxDiu
